instrumento,fund,rate,mes,year
Bonos Ministerio de Hacienda,ATLÁNTICO,9.83,12,2017
Bonos Ministerio de Hacienda,JMMB_BDI,10.05,12,2017
Bonos Ministerio de Hacienda,POPULAR,9.07,12,2017
Bonos Ministerio de Hacienda,RESERVAS,9.43,12,2017
Bonos Ministerio de Hacienda,ROMANA,10.32,12,2017
Bonos Ministerio de Hacienda,SCOTIA_CRECER,9.44,12,2017
Bonos Ministerio de Hacienda,SIEMBRA,8.62,12,2017
Bonos Ministerio de Hacienda,RESERVAS-R3,10,12,2017
Bonos Ministerio de Hacienda,BANCO_CENTRAL-R3,9.22,12,2017
Bonos Ministerio de Hacienda,FONDO_DE_SOLIDARIDAD_SOCIAL,9.34,12,2017
Bonos EIF 1,ATLÁNTICO,10.35,12,2017
Bonos EIF 1,JMMB_BDI,10.75,12,2017
Bonos EIF 1,POPULAR,9.229999999999999,12,2017
Bonos EIF 1,RESERVAS,9.51,12,2017
Bonos EIF 1,ROMANA,NA,12,2017
Bonos EIF 1,SCOTIA_CRECER,10.38,12,2017
Bonos EIF 1,SIEMBRA,9.1,12,2017
Bonos EIF 1,RESERVAS-R3,8.58,12,2017
Bonos EIF 1,BANCO_CENTRAL-R3,NA,12,2017
Bonos EIF 1,FONDO_DE_SOLIDARIDAD_SOCIAL,9.379999999999999,12,2017
Certificados de Depósito EIF1,ATLÁNTICO,7.17,12,2017
Certificados de Depósito EIF1,JMMB_BDI,7.42,12,2017
Certificados de Depósito EIF1,POPULAR,5.94,12,2017
Certificados de Depósito EIF1,RESERVAS,6.36,12,2017
Certificados de Depósito EIF1,ROMANA,8.129999999999999,12,2017
Certificados de Depósito EIF1,SCOTIA_CRECER,5.47,12,2017
Certificados de Depósito EIF1,SIEMBRA,5.63,12,2017
Certificados de Depósito EIF1,RESERVAS-R3,5.81,12,2017
Certificados de Depósito EIF1,BANCO_CENTRAL-R3,6.619999999999999,12,2017
Certificados de Depósito EIF1,FONDO_DE_SOLIDARIDAD_SOCIAL,5.8999999999999995,12,2017
Certificados Inversión Especial BCRD2,ATLÁNTICO,9.25,12,2017
Certificados Inversión Especial BCRD2,JMMB_BDI,9.049999999999999,12,2017
Certificados Inversión Especial BCRD2,POPULAR,9.29,12,2017
Certificados Inversión Especial BCRD2,RESERVAS,9.35,12,2017
Certificados Inversión Especial BCRD2,ROMANA,9.15,12,2017
Certificados Inversión Especial BCRD2,SCOTIA_CRECER,9.11,12,2017
Certificados Inversión Especial BCRD2,SIEMBRA,9.31,12,2017
Certificados Inversión Especial BCRD2,RESERVAS-R3,9.04,12,2017
Certificados Inversión Especial BCRD2,BANCO_CENTRAL-R3,9.58,12,2017
Certificados Inversión Especial BCRD2,FONDO_DE_SOLIDARIDAD_SOCIAL,9.31,12,2017
Letras BCRD2,ATLÁNTICO,NA,12,2017
Letras BCRD2,JMMB_BDI,NA,12,2017
Letras BCRD2,POPULAR,7.01,12,2017
Letras BCRD2,RESERVAS,NA,12,2017
Letras BCRD2,ROMANA,NA,12,2017
Letras BCRD2,SCOTIA_CRECER,6.78,12,2017
Letras BCRD2,SIEMBRA,NA,12,2017
Letras BCRD2,RESERVAS-R3,NA,12,2017
Letras BCRD2,BANCO_CENTRAL-R3,NA,12,2017
Letras BCRD2,FONDO_DE_SOLIDARIDAD_SOCIAL,NA,12,2017
Notas BCRD2,ATLÁNTICO,9.21,12,2017
Notas BCRD2,JMMB_BDI,9.28,12,2017
Notas BCRD2,POPULAR,9.39,12,2017
Notas BCRD2,RESERVAS,9.379999999999999,12,2017
Notas BCRD2,ROMANA,9.21,12,2017
Notas BCRD2,SCOTIA_CRECER,9.379999999999999,12,2017
Notas BCRD2,SIEMBRA,9.43,12,2017
Notas BCRD2,RESERVAS-R3,9.26,12,2017
Notas BCRD2,BANCO_CENTRAL-R3,9.139999999999999,12,2017
Notas BCRD2,FONDO_DE_SOLIDARIDAD_SOCIAL,9.36,12,2017
Bonos Ministerio de Hacienda,ATLÁNTICO,10.2,11,2017
Bonos Ministerio de Hacienda,JMMB_BDI,10.41,11,2017
Bonos Ministerio de Hacienda,POPULAR,9.24,11,2017
Bonos Ministerio de Hacienda,RESERVAS,9.62,11,2017
Bonos Ministerio de Hacienda,ROMANA,10.12,11,2017
Bonos Ministerio de Hacienda,SCOTIA_CRECER,9.520000000000001,11,2017
Bonos Ministerio de Hacienda,SIEMBRA,8.88,11,2017
Bonos Ministerio de Hacienda,RESERVAS-R3,10.13,11,2017
Bonos Ministerio de Hacienda,BANCO_CENTRAL-R3,9.520000000000001,11,2017
Bonos Ministerio de Hacienda,FONDO_DE_SOLIDARIDAD_SOCIAL,9.46,11,2017
Bonos EIF 1,ATLÁNTICO,10.52,11,2017
Bonos EIF 1,JMMB_BDI,10.75,11,2017
Bonos EIF 1,POPULAR,9.9,11,2017
Bonos EIF 1,RESERVAS,9.81,11,2017
Bonos EIF 1,ROMANA,0,11,2017
Bonos EIF 1,SCOTIA_CRECER,10.12,11,2017
Bonos EIF 1,SIEMBRA,9.83,11,2017
Bonos EIF 1,RESERVAS-R3,9.8,11,2017
Bonos EIF 1,BANCO_CENTRAL-R3,0,11,2017
Bonos EIF 1,FONDO_DE_SOLIDARIDAD_SOCIAL,10.15,11,2017
Certificados de Depósito EIF1,ATLÁNTICO,7.42,11,2017
Certificados de Depósito EIF1,JMMB_BDI,7.180000000000001,11,2017
Certificados de Depósito EIF1,POPULAR,6.34,11,2017
Certificados de Depósito EIF1,RESERVAS,5.65,11,2017
Certificados de Depósito EIF1,ROMANA,9.16,11,2017
Certificados de Depósito EIF1,SCOTIA_CRECER,4.97,11,2017
Certificados de Depósito EIF1,SIEMBRA,5.1499999999999995,11,2017
Certificados de Depósito EIF1,RESERVAS-R3,4.72,11,2017
Certificados de Depósito EIF1,BANCO_CENTRAL-R3,7.02,11,2017
Certificados de Depósito EIF1,FONDO_DE_SOLIDARIDAD_SOCIAL,5.58,11,2017
Certificados Inversión Especial BCRD2,ATLÁNTICO,9.520000000000001,11,2017
Certificados Inversión Especial BCRD2,JMMB_BDI,9.180000000000001,11,2017
Certificados Inversión Especial BCRD2,POPULAR,9.24,11,2017
Certificados Inversión Especial BCRD2,RESERVAS,9.53,11,2017
Certificados Inversión Especial BCRD2,ROMANA,9.16,11,2017
Certificados Inversión Especial BCRD2,SCOTIA_CRECER,9.24,11,2017
Certificados Inversión Especial BCRD2,SIEMBRA,9.55,11,2017
Certificados Inversión Especial BCRD2,RESERVAS-R3,9.26,11,2017
Certificados Inversión Especial BCRD2,BANCO_CENTRAL-R3,9.59,11,2017
Certificados Inversión Especial BCRD2,FONDO_DE_SOLIDARIDAD_SOCIAL,9.56,11,2017
Letras BCRD2,ATLÁNTICO,0,11,2017
Letras BCRD2,JMMB_BDI,0,11,2017
Letras BCRD2,POPULAR,6.950000000000001,11,2017
Letras BCRD2,RESERVAS,0,11,2017
Letras BCRD2,ROMANA,0,11,2017
Letras BCRD2,SCOTIA_CRECER,6.78,11,2017
Letras BCRD2,SIEMBRA,0,11,2017
Letras BCRD2,RESERVAS-R3,0,11,2017
Letras BCRD2,BANCO_CENTRAL-R3,0,11,2017
Letras BCRD2,FONDO_DE_SOLIDARIDAD_SOCIAL,0,11,2017
Notas BCRD2,ATLÁNTICO,9.98,11,2017
Notas BCRD2,JMMB_BDI,10.05,11,2017
Notas BCRD2,POPULAR,9.93,11,2017
Notas BCRD2,RESERVAS,10,11,2017
Notas BCRD2,ROMANA,9.87,11,2017
Notas BCRD2,SCOTIA_CRECER,9.9,11,2017
Notas BCRD2,SIEMBRA,10,11,2017
Notas BCRD2,RESERVAS-R3,9.93,11,2017
Notas BCRD2,BANCO_CENTRAL-R3,9.879999999999999,11,2017
Notas BCRD2,FONDO_DE_SOLIDARIDAD_SOCIAL,9.94,11,2017
Bonos Ministerio de Hacienda,ATLÁNTICO,10.549999999999999,10,2017
Bonos Ministerio de Hacienda,JMMB_BDI,10.47,10,2017
Bonos Ministerio de Hacienda,POPULAR,9.41,10,2017
Bonos Ministerio de Hacienda,RESERVAS,9.71,10,2017
Bonos Ministerio de Hacienda,ROMANA,10.66,10,2017
Bonos Ministerio de Hacienda,SCOTIA_CRECER,9.6,10,2017
Bonos Ministerio de Hacienda,SIEMBRA,8.95,10,2017
Bonos Ministerio de Hacienda,RESERVAS-R3,10.18,10,2017
Bonos Ministerio de Hacienda,BANCO_CENTRAL-R3,9.53,10,2017
Bonos Ministerio de Hacienda,FONDO_DE_SOLIDARIDAD_SOCIAL,9.56,10,2017
Bonos EIF 1,ATLÁNTICO,10.51,10,2017
Bonos EIF 1,JMMB_BDI,10.75,10,2017
Bonos EIF 1,POPULAR,9.9,10,2017
Bonos EIF 1,RESERVAS,9.81,10,2017
Bonos EIF 1,ROMANA,0,10,2017
Bonos EIF 1,SCOTIA_CRECER,10.12,10,2017
Bonos EIF 1,SIEMBRA,9.83,10,2017
Bonos EIF 1,RESERVAS-R3,9.8,10,2017
Bonos EIF 1,BANCO_CENTRAL-R3,0,10,2017
Bonos EIF 1,FONDO_DE_SOLIDARIDAD_SOCIAL,10.15,10,2017
Certificados de Depósito EIF1,ATLÁNTICO,8.03,10,2017
Certificados de Depósito EIF1,JMMB_BDI,7.82,10,2017
Certificados de Depósito EIF1,POPULAR,6.569999999999999,10,2017
Certificados de Depósito EIF1,RESERVAS,6.08,10,2017
Certificados de Depósito EIF1,ROMANA,9.520000000000001,10,2017
Certificados de Depósito EIF1,SCOTIA_CRECER,6.329999999999999,10,2017
Certificados de Depósito EIF1,SIEMBRA,5.09,10,2017
Certificados de Depósito EIF1,RESERVAS-R3,5.04,10,2017
Certificados de Depósito EIF1,BANCO_CENTRAL-R3,7.7700000000000005,10,2017
Certificados de Depósito EIF1,FONDO_DE_SOLIDARIDAD_SOCIAL,6.18,10,2017
Certificados Inversión Especial BCRD2,ATLÁNTICO,10.05,10,2017
Certificados Inversión Especial BCRD2,JMMB_BDI,10.100000000000001,10,2017
Certificados Inversión Especial BCRD2,POPULAR,9.41,10,2017
Certificados Inversión Especial BCRD2,RESERVAS,9.879999999999999,10,2017
Certificados Inversión Especial BCRD2,ROMANA,9.47,10,2017
Certificados Inversión Especial BCRD2,SCOTIA_CRECER,9.54,10,2017
Certificados Inversión Especial BCRD2,SIEMBRA,10.059999999999999,10,2017
Certificados Inversión Especial BCRD2,RESERVAS-R3,9.790000000000001,10,2017
Certificados Inversión Especial BCRD2,BANCO_CENTRAL-R3,9.94,10,2017
Certificados Inversión Especial BCRD2,FONDO_DE_SOLIDARIDAD_SOCIAL,10.02,10,2017
Letras BCRD2,ATLÁNTICO,0,10,2017
Letras BCRD2,JMMB_BDI,0,10,2017
Letras BCRD2,POPULAR,7.42,10,2017
Letras BCRD2,RESERVAS,0,10,2017
Letras BCRD2,ROMANA,0,10,2017
Letras BCRD2,SCOTIA_CRECER,7.8100000000000005,10,2017
Letras BCRD2,SIEMBRA,0,10,2017
Letras BCRD2,RESERVAS-R3,0,10,2017
Letras BCRD2,BANCO_CENTRAL-R3,0,10,2017
Letras BCRD2,FONDO_DE_SOLIDARIDAD_SOCIAL,0,10,2017
Notas BCRD2,ATLÁNTICO,10.100000000000001,10,2017
Notas BCRD2,JMMB_BDI,10.17,10,2017
Notas BCRD2,POPULAR,9.99,10,2017
Notas BCRD2,RESERVAS,10.059999999999999,10,2017
Notas BCRD2,ROMANA,9.879999999999999,10,2017
Notas BCRD2,SCOTIA_CRECER,9.94,10,2017
Notas BCRD2,SIEMBRA,10.12,10,2017
Notas BCRD2,RESERVAS-R3,9.98,10,2017
Notas BCRD2,BANCO_CENTRAL-R3,9.9,10,2017
Notas BCRD2,FONDO_DE_SOLIDARIDAD_SOCIAL,10,10,2017
Bonos Ministerio de Hacienda,ATLÁNTICO,10.639999999999999,9,2017
Bonos Ministerio de Hacienda,JMMB_BDI,10.77,9,2017
Bonos Ministerio de Hacienda,POPULAR,9.54,9,2017
Bonos Ministerio de Hacienda,RESERVAS,9.83,9,2017
Bonos Ministerio de Hacienda,ROMANA,10.7,9,2017
Bonos Ministerio de Hacienda,SCOTIA_CRECER,9.84,9,2017
Bonos Ministerio de Hacienda,SIEMBRA,9.030000000000001,9,2017
Bonos Ministerio de Hacienda,RESERVAS-R3,10.34,9,2017
Bonos Ministerio de Hacienda,BANCO_CENTRAL-R3,9.87,9,2017
Bonos Ministerio de Hacienda,FONDO_DE_SOLIDARIDAD_SOCIAL,9.65,9,2017
Bonos EIF 1,ATLÁNTICO,10.51,9,2017
Bonos EIF 1,JMMB_BDI,NA,9,2017
Bonos EIF 1,POPULAR,9.9,9,2017
Bonos EIF 1,RESERVAS,9.81,9,2017
Bonos EIF 1,ROMANA,NA,9,2017
Bonos EIF 1,SCOTIA_CRECER,10.12,9,2017
Bonos EIF 1,SIEMBRA,9.83,9,2017
Bonos EIF 1,RESERVAS-R3,9.8,9,2017
Bonos EIF 1,BANCO_CENTRAL-R3,NA,9,2017
Bonos EIF 1,FONDO_DE_SOLIDARIDAD_SOCIAL,10.15,9,2017
Certificados de Depósito EIF1,ATLÁNTICO,8.82,9,2017
Certificados de Depósito EIF1,JMMB_BDI,7.8100000000000005,9,2017
Certificados de Depósito EIF1,POPULAR,7.46,9,2017
Certificados de Depósito EIF1,RESERVAS,6.3100000000000005,9,2017
Certificados de Depósito EIF1,ROMANA,9.62,9,2017
Certificados de Depósito EIF1,SCOTIA_CRECER,6.74,9,2017
Certificados de Depósito EIF1,SIEMBRA,7.02,9,2017
Certificados de Depósito EIF1,RESERVAS-R3,6.01,9,2017
Certificados de Depósito EIF1,BANCO_CENTRAL-R3,8.89,9,2017
Certificados de Depósito EIF1,FONDO_DE_SOLIDARIDAD_SOCIAL,6.3,9,2017
Certificados Inversión Especial BCRD2,ATLÁNTICO,10.299999999999999,9,2017
Certificados Inversión Especial BCRD2,JMMB_BDI,10.32,9,2017
Certificados Inversión Especial BCRD2,POPULAR,9.55,9,2017
Certificados Inversión Especial BCRD2,RESERVAS,10.05,9,2017
Certificados Inversión Especial BCRD2,ROMANA,9.78,9,2017
Certificados Inversión Especial BCRD2,SCOTIA_CRECER,9.76,9,2017
Certificados Inversión Especial BCRD2,SIEMBRA,10.280000000000001,9,2017
Certificados Inversión Especial BCRD2,RESERVAS-R3,9.959999999999999,9,2017
Certificados Inversión Especial BCRD2,BANCO_CENTRAL-R3,10.100000000000001,9,2017
Certificados Inversión Especial BCRD2,FONDO_DE_SOLIDARIDAD_SOCIAL,10.22,9,2017
Letras BCRD2,ATLÁNTICO,NA,9,2017
Letras BCRD2,JMMB_BDI,NA,9,2017
Letras BCRD2,POPULAR,7.630000000000001,9,2017
Letras BCRD2,RESERVAS,NA,9,2017
Letras BCRD2,ROMANA,NA,9,2017
Letras BCRD2,SCOTIA_CRECER,NA,9,2017
Letras BCRD2,SIEMBRA,NA,9,2017
Letras BCRD2,RESERVAS-R3,NA,9,2017
Letras BCRD2,BANCO_CENTRAL-R3,NA,9,2017
Letras BCRD2,FONDO_DE_SOLIDARIDAD_SOCIAL,NA,9,2017
Notas BCRD2,ATLÁNTICO,10.36,9,2017
Notas BCRD2,JMMB_BDI,10.25,9,2017
Notas BCRD2,POPULAR,10.18,9,2017
Notas BCRD2,RESERVAS,10.190000000000001,9,2017
Notas BCRD2,ROMANA,10.12,9,2017
Notas BCRD2,SCOTIA_CRECER,10.09,9,2017
Notas BCRD2,SIEMBRA,10.27,9,2017
Notas BCRD2,RESERVAS-R3,10.18,9,2017
Notas BCRD2,BANCO_CENTRAL-R3,10.16,9,2017
Notas BCRD2,FONDO_DE_SOLIDARIDAD_SOCIAL,10.13,9,2017
Bonos Ministerio de Hacienda,ATLÁNTICO,10.65,8,2017
Bonos Ministerio de Hacienda,POPULAR,9.55,8,2017
Bonos Ministerio de Hacienda,RESERVAS,9.84,8,2017
Bonos Ministerio de Hacienda,ROMANA,10.639999999999999,8,2017
Bonos Ministerio de Hacienda,SCOTIA_CRECER,9.85,8,2017
Bonos Ministerio de Hacienda,SIEMBRA,9,8,2017
Bonos Ministerio de Hacienda,RESERVAS-R3,10.37,8,2017
Bonos Ministerio de Hacienda,BANCO_CENTRAL-R3,9.85,8,2017
Bonos Ministerio de Hacienda,FONDO_DE_SOLIDARIDAD_SOCIAL,9.64,8,2017
Bonos EIF 1,ATLÁNTICO,10.440000000000001,8,2017
Bonos EIF 1,POPULAR,9.93,8,2017
Bonos EIF 1,RESERVAS,9.74,8,2017
Bonos EIF 1,ROMANA,NA,8,2017
Bonos EIF 1,SCOTIA_CRECER,10.12,8,2017
Bonos EIF 1,SIEMBRA,9.89,8,2017
Bonos EIF 1,RESERVAS-R3,9.8,8,2017
Bonos EIF 1,BANCO_CENTRAL-R3,NA,8,2017
Bonos EIF 1,FONDO_DE_SOLIDARIDAD_SOCIAL,10.15,8,2017
Certificados de Depósito EIF1,ATLÁNTICO,8.98,8,2017
Certificados de Depósito EIF1,POPULAR,8.12,8,2017
Certificados de Depósito EIF1,RESERVAS,6.550000000000001,8,2017
Certificados de Depósito EIF1,ROMANA,9.68,8,2017
Certificados de Depósito EIF1,SCOTIA_CRECER,8.06,8,2017
Certificados de Depósito EIF1,SIEMBRA,6.76,8,2017
Certificados de Depósito EIF1,RESERVAS-R3,6.569999999999999,8,2017
Certificados de Depósito EIF1,BANCO_CENTRAL-R3,9.08,8,2017
Certificados de Depósito EIF1,FONDO_DE_SOLIDARIDAD_SOCIAL,6.81,8,2017
Certificados Inversión Especial BCRD2,ATLÁNTICO,10.39,8,2017
Certificados Inversión Especial BCRD2,POPULAR,9.68,8,2017
Certificados Inversión Especial BCRD2,RESERVAS,10.040000000000001,8,2017
Certificados Inversión Especial BCRD2,ROMANA,9.790000000000001,8,2017
Certificados Inversión Especial BCRD2,SCOTIA_CRECER,9.84,8,2017
Certificados Inversión Especial BCRD2,SIEMBRA,10.280000000000001,8,2017
Certificados Inversión Especial BCRD2,RESERVAS-R3,9.98,8,2017
Certificados Inversión Especial BCRD2,BANCO_CENTRAL-R3,10.14,8,2017
Certificados Inversión Especial BCRD2,FONDO_DE_SOLIDARIDAD_SOCIAL,10.22,8,2017
Letras BCRD2,ATLÁNTICO,NA,8,2017
Letras BCRD2,POPULAR,8.64,8,2017
Letras BCRD2,RESERVAS,NA,8,2017
Letras BCRD2,ROMANA,NA,8,2017
Letras BCRD2,SCOTIA_CRECER,NA,8,2017
Letras BCRD2,SIEMBRA,NA,8,2017
Letras BCRD2,RESERVAS-R3,NA,8,2017
Letras BCRD2,BANCO_CENTRAL-R3,NA,8,2017
Letras BCRD2,FONDO_DE_SOLIDARIDAD_SOCIAL,NA,8,2017
Notas BCRD2,ATLÁNTICO,10.34,8,2017
Notas BCRD2,POPULAR,10.15,8,2017
Notas BCRD2,RESERVAS,10.18,8,2017
Notas BCRD2,ROMANA,9.98,8,2017
Notas BCRD2,SCOTIA_CRECER,10.08,8,2017
Notas BCRD2,SIEMBRA,10.27,8,2017
Notas BCRD2,RESERVAS-R3,10.18,8,2017
Notas BCRD2,BANCO_CENTRAL-R3,10.13,8,2017
Notas BCRD2,FONDO_DE_SOLIDARIDAD_SOCIAL,10.13,8,2017
Bonos Ministerio de Hacienda,ATLÁNTICO,10.73,7,2017
Bonos Ministerio de Hacienda,POPULAR,9.64,7,2017
Bonos Ministerio de Hacienda,RESERVAS,9.85,7,2017
Bonos Ministerio de Hacienda,ROMANA,10.86,7,2017
Bonos Ministerio de Hacienda,SCOTIA_CRECER,9.93,7,2017
Bonos Ministerio de Hacienda,SIEMBRA,9.11,7,2017
Bonos Ministerio de Hacienda,RESERVAS-R3,10.39,7,2017
Bonos Ministerio de Hacienda,BANCO_CENTRAL-R3,9.94,7,2017
Bonos Ministerio de Hacienda,FONDO_DE_SOLIDARIDAD_SOCIAL,9.629999999999999,7,2017
Bonos EIF 1,ATLÁNTICO,10.47,7,2017
Bonos EIF 1,POPULAR,9.959999999999999,7,2017
Bonos EIF 1,RESERVAS,9.75,7,2017
Bonos EIF 1,ROMANA,NA,7,2017
Bonos EIF 1,SCOTIA_CRECER,10.12,7,2017
Bonos EIF 1,SIEMBRA,9.91,7,2017
Bonos EIF 1,RESERVAS-R3,9.87,7,2017
Bonos EIF 1,BANCO_CENTRAL-R3,NA,7,2017
Bonos EIF 1,FONDO_DE_SOLIDARIDAD_SOCIAL,10.15,7,2017
Certificados de Depósito EIF1,ATLÁNTICO,8.959999999999999,7,2017
Certificados de Depósito EIF1,POPULAR,8.42,7,2017
Certificados de Depósito EIF1,RESERVAS,6.529999999999999,7,2017
Certificados de Depósito EIF1,ROMANA,9.71,7,2017
Certificados de Depósito EIF1,SCOTIA_CRECER,8.91,7,2017
Certificados de Depósito EIF1,SIEMBRA,6.4,7,2017
Certificados de Depósito EIF1,RESERVAS-R3,6.41,7,2017
Certificados de Depósito EIF1,BANCO_CENTRAL-R3,9.66,7,2017
Certificados de Depósito EIF1,FONDO_DE_SOLIDARIDAD_SOCIAL,5.63,7,2017
Certificados Inversión Especial BCRD2,ATLÁNTICO,10.67,7,2017
Certificados Inversión Especial BCRD2,POPULAR,9.78,7,2017
Certificados Inversión Especial BCRD2,RESERVAS,10.08,7,2017
Certificados Inversión Especial BCRD2,ROMANA,9.75,7,2017
Certificados Inversión Especial BCRD2,SCOTIA_CRECER,9.89,7,2017
Certificados Inversión Especial BCRD2,SIEMBRA,10.48,7,2017
Certificados Inversión Especial BCRD2,RESERVAS-R3,10.12,7,2017
Certificados Inversión Especial BCRD2,BANCO_CENTRAL-R3,10.190000000000001,7,2017
Certificados Inversión Especial BCRD2,FONDO_DE_SOLIDARIDAD_SOCIAL,10.290000000000001,7,2017
Notas BCRD2,ATLÁNTICO,10.61,7,2017
Notas BCRD2,POPULAR,10.43,7,2017
Notas BCRD2,RESERVAS,10.48,7,2017
Notas BCRD2,ROMANA,10.16,7,2017
Notas BCRD2,SCOTIA_CRECER,10.35,7,2017
Notas BCRD2,SIEMBRA,10.6,7,2017
Notas BCRD2,RESERVAS-R3,10.489999999999998,7,2017
Notas BCRD2,BANCO_CENTRAL-R3,10.459999999999999,7,2017
Notas BCRD2,FONDO_DE_SOLIDARIDAD_SOCIAL,10.42,7,2017
Bonos Ministerio de Hacienda,ATLÁNTICO,10.79,6,2017
Bonos Ministerio de Hacienda,POPULAR,9.74,6,2017
Bonos Ministerio de Hacienda,RESERVAS,9.83,6,2017
Bonos Ministerio de Hacienda,ROMANA,10.92,6,2017
Bonos Ministerio de Hacienda,SCOTIA_CRECER,9.879999999999999,6,2017
Bonos Ministerio de Hacienda,SIEMBRA,9.08,6,2017
Bonos Ministerio de Hacienda,RESERVAS-R3,10.38,6,2017
Bonos Ministerio de Hacienda,BANCO_CENTRAL-R3,9.93,6,2017
Bonos Ministerio de Hacienda,FONDO_DE_SOLIDARIDAD_SOCIAL,9.610000000000001,6,2017
Bonos EIF 1,ATLÁNTICO,10.61,6,2017
Bonos EIF 1,POPULAR,9.950000000000001,6,2017
Bonos EIF 1,RESERVAS,9.74,6,2017
Bonos EIF 1,ROMANA,NA,6,2017
Bonos EIF 1,SCOTIA_CRECER,10.12,6,2017
Bonos EIF 1,SIEMBRA,9.91,6,2017
Bonos EIF 1,RESERVAS-R3,9.87,6,2017
Bonos EIF 1,BANCO_CENTRAL-R3,NA,6,2017
Bonos EIF 1,FONDO_DE_SOLIDARIDAD_SOCIAL,10.15,6,2017
Certificados de Depósito EIF1,ATLÁNTICO,9.24,6,2017
Certificados de Depósito EIF1,POPULAR,8.690000000000001,6,2017
Certificados de Depósito EIF1,RESERVAS,6.87,6,2017
Certificados de Depósito EIF1,ROMANA,9.81,6,2017
Certificados de Depósito EIF1,SCOTIA_CRECER,8.780000000000001,6,2017
Certificados de Depósito EIF1,SIEMBRA,7.91,6,2017
Certificados de Depósito EIF1,RESERVAS-R3,6.4399999999999995,6,2017
Certificados de Depósito EIF1,BANCO_CENTRAL-R3,9.68,6,2017
Certificados de Depósito EIF1,FONDO_DE_SOLIDARIDAD_SOCIAL,6.35,6,2017
Certificados Inversión Especial BCRD2,ATLÁNTICO,10.67,6,2017
Certificados Inversión Especial BCRD2,POPULAR,9.67,6,2017
Certificados Inversión Especial BCRD2,RESERVAS,10.02,6,2017
Certificados Inversión Especial BCRD2,ROMANA,9.76,6,2017
Certificados Inversión Especial BCRD2,SCOTIA_CRECER,9.85,6,2017
Certificados Inversión Especial BCRD2,SIEMBRA,10.5,6,2017
Certificados Inversión Especial BCRD2,RESERVAS-R3,10.11,6,2017
Certificados Inversión Especial BCRD2,BANCO_CENTRAL-R3,10.11,6,2017
Certificados Inversión Especial BCRD2,FONDO_DE_SOLIDARIDAD_SOCIAL,10.17,6,2017
Notas BCRD2,ATLÁNTICO,10.6,6,2017
Notas BCRD2,POPULAR,10.290000000000001,6,2017
Notas BCRD2,RESERVAS,10.459999999999999,6,2017
Notas BCRD2,ROMANA,10.16,6,2017
Notas BCRD2,SCOTIA_CRECER,10.280000000000001,6,2017
Notas BCRD2,SIEMBRA,10.6,6,2017
Notas BCRD2,RESERVAS-R3,10.489999999999998,6,2017
Notas BCRD2,BANCO_CENTRAL-R3,10.4,6,2017
Notas BCRD2,FONDO_DE_SOLIDARIDAD_SOCIAL,10.41,6,2017
Bonos Ministerio de Hacienda,ATLÁNTICO,10.82,5,2017
Bonos Ministerio de Hacienda,POPULAR,9.74,5,2017
Bonos Ministerio de Hacienda,RESERVAS,9.83,5,2017
Bonos Ministerio de Hacienda,ROMANA,10.67,5,2017
Bonos Ministerio de Hacienda,SCOTIA_CRECER,9.879999999999999,5,2017
Bonos Ministerio de Hacienda,SIEMBRA,9.11,5,2017
Bonos Ministerio de Hacienda,RESERVAS-R3,10.38,5,2017
Bonos Ministerio de Hacienda,BANCO_CENTRAL-R3,9.93,5,2017
Bonos Ministerio de Hacienda,FONDO_DE_SOLIDARIDAD_SOCIAL,9.610000000000001,5,2017
Bonos EIF 1,ATLÁNTICO,10.61,5,2017
Bonos EIF 1,POPULAR,10.17,5,2017
Bonos EIF 1,RESERVAS,10.15,5,2017
Bonos EIF 1,ROMANA,NA,5,2017
Bonos EIF 1,SCOTIA_CRECER,10.34,5,2017
Bonos EIF 1,SIEMBRA,10.209999999999999,5,2017
Bonos EIF 1,RESERVAS-R3,10.09,5,2017
Bonos EIF 1,BANCO_CENTRAL-R3,NA,5,2017
Bonos EIF 1,FONDO_DE_SOLIDARIDAD_SOCIAL,10.24,5,2017
Certificados de Depósito EIF1,ATLÁNTICO,9.45,5,2017
Certificados de Depósito EIF1,POPULAR,8.4,5,2017
Certificados de Depósito EIF1,RESERVAS,6.64,5,2017
Certificados de Depósito EIF1,ROMANA,9.78,5,2017
Certificados de Depósito EIF1,SCOTIA_CRECER,8.67,5,2017
Certificados de Depósito EIF1,SIEMBRA,8.7,5,2017
Certificados de Depósito EIF1,RESERVAS-R3,6.47,5,2017
Certificados de Depósito EIF1,BANCO_CENTRAL-R3,9.67,5,2017
Certificados de Depósito EIF1,FONDO_DE_SOLIDARIDAD_SOCIAL,6.370000000000001,5,2017
Certificados Inversión Especial BCRD2,ATLÁNTICO,10.57,5,2017
Certificados Inversión Especial BCRD2,POPULAR,9.67,5,2017
Certificados Inversión Especial BCRD2,RESERVAS,9.98,5,2017
Certificados Inversión Especial BCRD2,ROMANA,9.71,5,2017
Certificados Inversión Especial BCRD2,SCOTIA_CRECER,9.82,5,2017
Certificados Inversión Especial BCRD2,SIEMBRA,10.36,5,2017
Certificados Inversión Especial BCRD2,RESERVAS-R3,10.03,5,2017
Certificados Inversión Especial BCRD2,BANCO_CENTRAL-R3,10.09,5,2017
Certificados Inversión Especial BCRD2,FONDO_DE_SOLIDARIDAD_SOCIAL,10.12,5,2017
Notas BCRD2,ATLÁNTICO,10.61,5,2017
Notas BCRD2,POPULAR,10.290000000000001,5,2017
Notas BCRD2,RESERVAS,10.459999999999999,5,2017
Notas BCRD2,ROMANA,10.16,5,2017
Notas BCRD2,SCOTIA_CRECER,10.280000000000001,5,2017
Notas BCRD2,SIEMBRA,10.57,5,2017
Notas BCRD2,RESERVAS-R3,10.489999999999998,5,2017
Notas BCRD2,BANCO_CENTRAL-R3,10.39,5,2017
Notas BCRD2,FONDO_DE_SOLIDARIDAD_SOCIAL,10.41,5,2017
Bonos Ministerio de Hacienda,ATLÁNTICO,10.85,4,2017
Bonos Ministerio de Hacienda,POPULAR,9.610000000000001,4,2017
Bonos Ministerio de Hacienda,RESERVAS,9.86,4,2017
Bonos Ministerio de Hacienda,ROMANA,10.35,4,2017
Bonos Ministerio de Hacienda,SCOTIA_CRECER,9.89,4,2017
Bonos Ministerio de Hacienda,SIEMBRA,9.15,4,2017
Bonos Ministerio de Hacienda,RESERVAS-R3,10.39,4,2017
Bonos Ministerio de Hacienda,BANCO_CENTRAL-R3,9.94,4,2017
Bonos Ministerio de Hacienda,FONDO_DE_SOLIDARIDAD_SOCIAL,9.64,4,2017
Bonos EIF 1,ATLÁNTICO,10.61,4,2017
Bonos EIF 1,POPULAR,10.17,4,2017
Bonos EIF 1,RESERVAS,10.15,4,2017
Bonos EIF 1,ROMANA,NA,4,2017
Bonos EIF 1,SCOTIA_CRECER,10.34,4,2017
Bonos EIF 1,SIEMBRA,10.209999999999999,4,2017
Bonos EIF 1,RESERVAS-R3,10.09,4,2017
Bonos EIF 1,BANCO_CENTRAL-R3,NA,4,2017
Bonos EIF 1,FONDO_DE_SOLIDARIDAD_SOCIAL,10.24,4,2017
Certificados de Depósito EIF1,ATLÁNTICO,9.83,4,2017
Certificados de Depósito EIF1,POPULAR,8.57,4,2017
Certificados de Depósito EIF1,RESERVAS,6.93,4,2017
Certificados de Depósito EIF1,ROMANA,9.879999999999999,4,2017
Certificados de Depósito EIF1,SCOTIA_CRECER,9.1,4,2017
Certificados de Depósito EIF1,SIEMBRA,9.3,4,2017
Certificados de Depósito EIF1,RESERVAS-R3,5.050000000000001,4,2017
Certificados de Depósito EIF1,BANCO_CENTRAL-R3,9.98,4,2017
Certificados de Depósito EIF1,FONDO_DE_SOLIDARIDAD_SOCIAL,5.56,4,2017
Certificados Inversión Especial BCRD2,ATLÁNTICO,10.54,4,2017
Certificados Inversión Especial BCRD2,POPULAR,9.67,4,2017
Certificados Inversión Especial BCRD2,RESERVAS,9.969999999999999,4,2017
Certificados Inversión Especial BCRD2,ROMANA,9.71,4,2017
Certificados Inversión Especial BCRD2,SCOTIA_CRECER,9.73,4,2017
Certificados Inversión Especial BCRD2,SIEMBRA,10.280000000000001,4,2017
Certificados Inversión Especial BCRD2,RESERVAS-R3,10.03,4,2017
Certificados Inversión Especial BCRD2,BANCO_CENTRAL-R3,10.040000000000001,4,2017
Certificados Inversión Especial BCRD2,FONDO_DE_SOLIDARIDAD_SOCIAL,10.13,4,2017
Notas BCRD2,ATLÁNTICO,10.63,4,2017
Notas BCRD2,POPULAR,10.27,4,2017
Notas BCRD2,RESERVAS,10.37,4,2017
Notas BCRD2,ROMANA,10.14,4,2017
Notas BCRD2,SCOTIA_CRECER,10.209999999999999,4,2017
Notas BCRD2,SIEMBRA,10.5,4,2017
Notas BCRD2,RESERVAS-R3,10.38,4,2017
Notas BCRD2,BANCO_CENTRAL-R3,10.32,4,2017
Notas BCRD2,FONDO_DE_SOLIDARIDAD_SOCIAL,10.34,4,2017
Bonos Ministerio de Hacienda,ATLÁNTICO,10.94,3,2017
Bonos Ministerio de Hacienda,POPULAR,9.59,3,2017
Bonos Ministerio de Hacienda,RESERVAS,9.87,3,2017
Bonos Ministerio de Hacienda,ROMANA,10.35,3,2017
Bonos Ministerio de Hacienda,SCOTIA_CRECER,9.84,3,2017
Bonos Ministerio de Hacienda,SIEMBRA,9.120000000000001,3,2017
Bonos Ministerio de Hacienda,RESERVAS-R3,10.4,3,2017
Bonos Ministerio de Hacienda,BANCO_CENTRAL-R3,9.94,3,2017
Bonos Ministerio de Hacienda,FONDO_DE_SOLIDARIDAD_SOCIAL,9.62,3,2017
Bonos EIF 1,ATLÁNTICO,10.6,3,2017
Bonos EIF 1,POPULAR,10.18,3,2017
Bonos EIF 1,RESERVAS,10.17,3,2017
Bonos EIF 1,ROMANA,NA,3,2017
Bonos EIF 1,SCOTIA_CRECER,10.35,3,2017
Bonos EIF 1,SIEMBRA,10.209999999999999,3,2017
Bonos EIF 1,RESERVAS-R3,10.09,3,2017
Bonos EIF 1,BANCO_CENTRAL-R3,NA,3,2017
Bonos EIF 1,FONDO_DE_SOLIDARIDAD_SOCIAL,10.24,3,2017
Certificados de Depósito EIF1,ATLÁNTICO,10.02,3,2017
Certificados de Depósito EIF1,POPULAR,9.120000000000001,3,2017
Certificados de Depósito EIF1,RESERVAS,6.25,3,2017
Certificados de Depósito EIF1,ROMANA,10.100000000000001,3,2017
Certificados de Depósito EIF1,SCOTIA_CRECER,9.92,3,2017
Certificados de Depósito EIF1,SIEMBRA,8.63,3,2017
Certificados de Depósito EIF1,RESERVAS-R3,5.75,3,2017
Certificados de Depósito EIF1,BANCO_CENTRAL-R3,10.6,3,2017
Certificados de Depósito EIF1,FONDO_DE_SOLIDARIDAD_SOCIAL,5.16,3,2017
Certificados Inversión Especial BCRD2,ATLÁNTICO,10.549999999999999,3,2017
Certificados Inversión Especial BCRD2,POPULAR,9.66,3,2017
Certificados Inversión Especial BCRD2,RESERVAS,9.86,3,2017
Certificados Inversión Especial BCRD2,ROMANA,9.5,3,2017
Certificados Inversión Especial BCRD2,SCOTIA_CRECER,9.69,3,2017
Certificados Inversión Especial BCRD2,SIEMBRA,10.13,3,2017
Certificados Inversión Especial BCRD2,RESERVAS-R3,9.76,3,2017
Certificados Inversión Especial BCRD2,BANCO_CENTRAL-R3,10.01,3,2017
Certificados Inversión Especial BCRD2,FONDO_DE_SOLIDARIDAD_SOCIAL,9.969999999999999,3,2017
Notas BCRD2,ATLÁNTICO,10.63,3,2017
Notas BCRD2,POPULAR,10.33,3,2017
Notas BCRD2,RESERVAS,10.38,3,2017
Notas BCRD2,ROMANA,10.16,3,2017
Notas BCRD2,SCOTIA_CRECER,10.25,3,2017
Notas BCRD2,SIEMBRA,10.42,3,2017
Notas BCRD2,RESERVAS-R3,10.36,3,2017
Notas BCRD2,BANCO_CENTRAL-R3,10.31,3,2017
Notas BCRD2,FONDO_DE_SOLIDARIDAD_SOCIAL,10.37,3,2017
Bonos Ministerio de Hacienda,ATLÁNTICO,10.94,2,2017
Bonos Ministerio de Hacienda,POPULAR,9.6,2,2017
Bonos Ministerio de Hacienda,RESERVAS,9.75,2,2017
Bonos Ministerio de Hacienda,ROMANA,10.36,2,2017
Bonos Ministerio de Hacienda,SCOTIA_CRECER,9.86,2,2017
Bonos Ministerio de Hacienda,SIEMBRA,9.07,2,2017
Bonos Ministerio de Hacienda,RESERVAS-R3,10.35,2,2017
Bonos Ministerio de Hacienda,BANCO_CENTRAL-R3,9.950000000000001,2,2017
Bonos Ministerio de Hacienda,FONDO_DE_SOLIDARIDAD_SOCIAL,9.58,2,2017
Bonos EIF 1,ATLÁNTICO,10.36,2,2017
Bonos EIF 1,POPULAR,10.15,2,2017
Bonos EIF 1,RESERVAS,10.17,2,2017
Bonos EIF 1,ROMANA,NA,2,2017
Bonos EIF 1,SCOTIA_CRECER,10.34,2,2017
Bonos EIF 1,SIEMBRA,10.16,2,2017
Bonos EIF 1,RESERVAS-R3,10.09,2,2017
Bonos EIF 1,BANCO_CENTRAL-R3,NA,2,2017
Bonos EIF 1,FONDO_DE_SOLIDARIDAD_SOCIAL,10.24,2,2017
Certificados de Depósito EIF1,ATLÁNTICO,10.12,2,2017
Certificados de Depósito EIF1,POPULAR,10.16,2,2017
Certificados de Depósito EIF1,RESERVAS,7.449999999999999,2,2017
Certificados de Depósito EIF1,ROMANA,10.27,2,2017
Certificados de Depósito EIF1,SCOTIA_CRECER,10.97,2,2017
Certificados de Depósito EIF1,SIEMBRA,8.559999999999999,2,2017
Certificados de Depósito EIF1,RESERVAS-R3,6.67,2,2017
Certificados de Depósito EIF1,BANCO_CENTRAL-R3,11.12,2,2017
Certificados de Depósito EIF1,FONDO_DE_SOLIDARIDAD_SOCIAL,7.24,2,2017
Certificados Inversión Especial BCRD2,ATLÁNTICO,10.61,2,2017
Certificados Inversión Especial BCRD2,POPULAR,9.81,2,2017
Certificados Inversión Especial BCRD2,RESERVAS,9.93,2,2017
Certificados Inversión Especial BCRD2,ROMANA,9.5,2,2017
Certificados Inversión Especial BCRD2,SCOTIA_CRECER,9.81,2,2017
Certificados Inversión Especial BCRD2,SIEMBRA,10.209999999999999,2,2017
Certificados Inversión Especial BCRD2,RESERVAS-R3,9.82,2,2017
Certificados Inversión Especial BCRD2,BANCO_CENTRAL-R3,10.01,2,2017
Certificados Inversión Especial BCRD2,FONDO_DE_SOLIDARIDAD_SOCIAL,10.02,2,2017
Notas BCRD2,ATLÁNTICO,10.6,2,2017
Notas BCRD2,POPULAR,10.209999999999999,2,2017
Notas BCRD2,RESERVAS,10.25,2,2017
Notas BCRD2,ROMANA,10.17,2,2017
Notas BCRD2,SCOTIA_CRECER,10.17,2,2017
Notas BCRD2,SIEMBRA,10.26,2,2017
Notas BCRD2,RESERVAS-R3,10.290000000000001,2,2017
Notas BCRD2,BANCO_CENTRAL-R3,10.32,2,2017
Notas BCRD2,FONDO_DE_SOLIDARIDAD_SOCIAL,10.290000000000001,2,2017
Bonos Ministerio de Hacienda,ATLÁNTICO,10.870000000000001,1,2017
Bonos Ministerio de Hacienda,POPULAR,9.48,1,2017
Bonos Ministerio de Hacienda,RESERVAS,9.73,1,2017
Bonos Ministerio de Hacienda,ROMANA,10.36,1,2017
Bonos Ministerio de Hacienda,SCOTIA_CRECER,9.83,1,2017
Bonos Ministerio de Hacienda,SIEMBRA,9.08,1,2017
Bonos Ministerio de Hacienda,RESERVAS-R3,10.35,1,2017
Bonos Ministerio de Hacienda,BANCO_CENTRAL-R3,9.959999999999999,1,2017
Bonos Ministerio de Hacienda,FONDO_DE_SOLIDARIDAD_SOCIAL,9.6,1,2017
Bonos EIF 1,ATLÁNTICO,10.22,1,2017
Bonos EIF 1,POPULAR,10.11,1,2017
Bonos EIF 1,RESERVAS,10.12,1,2017
Bonos EIF 1,ROMANA,NA,1,2017
Bonos EIF 1,SCOTIA_CRECER,10.32,1,2017
Bonos EIF 1,SIEMBRA,10.15,1,2017
Bonos EIF 1,RESERVAS-R3,10.02,1,2017
Bonos EIF 1,BANCO_CENTRAL-R3,NA,1,2017
Bonos EIF 1,FONDO_DE_SOLIDARIDAD_SOCIAL,10.2,1,2017
Certificados de Depósito EIF1,ATLÁNTICO,10,1,2017
Certificados de Depósito EIF1,POPULAR,10.96,1,2017
Certificados de Depósito EIF1,RESERVAS,7.470000000000001,1,2017
Certificados de Depósito EIF1,ROMANA,10.11,1,2017
Certificados de Depósito EIF1,SCOTIA_CRECER,10.85,1,2017
Certificados de Depósito EIF1,SIEMBRA,8.63,1,2017
Certificados de Depósito EIF1,RESERVAS-R3,6.619999999999999,1,2017
Certificados de Depósito EIF1,BANCO_CENTRAL-R3,10.97,1,2017
Certificados de Depósito EIF1,FONDO_DE_SOLIDARIDAD_SOCIAL,7.180000000000001,1,2017
Certificados Inversión Especial BCRD2,ATLÁNTICO,10.549999999999999,1,2017
Certificados Inversión Especial BCRD2,POPULAR,9.78,1,2017
Certificados Inversión Especial BCRD2,RESERVAS,9.94,1,2017
Certificados Inversión Especial BCRD2,ROMANA,9.5,1,2017
Certificados Inversión Especial BCRD2,SCOTIA_CRECER,9.83,1,2017
Certificados Inversión Especial BCRD2,SIEMBRA,10.17,1,2017
Certificados Inversión Especial BCRD2,RESERVAS-R3,9.75,1,2017
Certificados Inversión Especial BCRD2,BANCO_CENTRAL-R3,10.01,1,2017
Certificados Inversión Especial BCRD2,FONDO_DE_SOLIDARIDAD_SOCIAL,10.01,1,2017
Notas BCRD2,ATLÁNTICO,10.6,1,2017
Notas BCRD2,POPULAR,10.16,1,2017
Notas BCRD2,RESERVAS,10.23,1,2017
Notas BCRD2,ROMANA,10.2,1,2017
Notas BCRD2,SCOTIA_CRECER,10.209999999999999,1,2017
Notas BCRD2,SIEMBRA,10.23,1,2017
Notas BCRD2,RESERVAS-R3,10.290000000000001,1,2017
Notas BCRD2,BANCO_CENTRAL-R3,10.32,1,2017
Notas BCRD2,FONDO_DE_SOLIDARIDAD_SOCIAL,10.26,1,2017
Bonos Ministerio de Hacienda,ATLÁNTICO,9.56,1,2018
Bonos Ministerio de Hacienda,JMMB_BDI,9.89,1,2018
Bonos Ministerio de Hacienda,POPULAR,8.86,1,2018
Bonos Ministerio de Hacienda,RESERVAS,9.22,1,2018
Bonos Ministerio de Hacienda,ROMANA,9.41,1,2018
Bonos Ministerio de Hacienda,SCOTIA_CRECER,9.33,1,2018
Bonos Ministerio de Hacienda,SIEMBRA,8.58,1,2018
Bonos Ministerio de Hacienda,RESERVAS-R3,9.71,1,2018
Bonos Ministerio de Hacienda,BANCO_CENTRAL-R3,9.22,1,2018
Bonos Ministerio de Hacienda,FONDO_DE_SOLIDARIDAD_SOCIAL,9.229999999999999,1,2018
Bonos EIF 1,ATLÁNTICO,9.959999999999999,1,2018
Bonos EIF 1,JMMB_BDI,10.75,1,2018
Bonos EIF 1,POPULAR,8.88,1,2018
Bonos EIF 1,RESERVAS,8.98,1,2018
Bonos EIF 1,ROMANA,NA,1,2018
Bonos EIF 1,SCOTIA_CRECER,10.13,1,2018
Bonos EIF 1,SIEMBRA,8.88,1,2018
Bonos EIF 1,RESERVAS-R3,8.05,1,2018
Bonos EIF 1,BANCO_CENTRAL-R3,NA,1,2018
Bonos EIF 1,FONDO_DE_SOLIDARIDAD_SOCIAL,9.02,1,2018
Certificados de Depósito EIF1,ATLÁNTICO,6.92,1,2018
Certificados de Depósito EIF1,JMMB_BDI,6.88,1,2018
Certificados de Depósito EIF1,POPULAR,5.64,1,2018
Certificados de Depósito EIF1,RESERVAS,5.41,1,2018
Certificados de Depósito EIF1,ROMANA,7.380000000000001,1,2018
Certificados de Depósito EIF1,SCOTIA_CRECER,6.23,1,2018
Certificados de Depósito EIF1,SIEMBRA,5.8999999999999995,1,2018
Certificados de Depósito EIF1,RESERVAS-R3,4.36,1,2018
Certificados de Depósito EIF1,BANCO_CENTRAL-R3,6.619999999999999,1,2018
Certificados de Depósito EIF1,FONDO_DE_SOLIDARIDAD_SOCIAL,5.94,1,2018
Certificados Inversión Especial BCRD2,ATLÁNTICO,9.27,1,2018
Certificados Inversión Especial BCRD2,JMMB_BDI,9,1,2018
Certificados Inversión Especial BCRD2,POPULAR,9.28,1,2018
Certificados Inversión Especial BCRD2,RESERVAS,9.36,1,2018
Certificados Inversión Especial BCRD2,ROMANA,9.180000000000001,1,2018
Certificados Inversión Especial BCRD2,SCOTIA_CRECER,9.11,1,2018
Certificados Inversión Especial BCRD2,SIEMBRA,9.31,1,2018
Certificados Inversión Especial BCRD2,RESERVAS-R3,9.049999999999999,1,2018
Certificados Inversión Especial BCRD2,BANCO_CENTRAL-R3,9.610000000000001,1,2018
Certificados Inversión Especial BCRD2,FONDO_DE_SOLIDARIDAD_SOCIAL,9.31,1,2018
Letras BCRD2,ATLÁNTICO,NA,1,2018
Letras BCRD2,JMMB_BDI,NA,1,2018
Letras BCRD2,POPULAR,6.98,1,2018
Letras BCRD2,RESERVAS,NA,1,2018
Letras BCRD2,ROMANA,NA,1,2018
Letras BCRD2,SCOTIA_CRECER,6.78,1,2018
Letras BCRD2,SIEMBRA,NA,1,2018
Letras BCRD2,RESERVAS-R3,NA,1,2018
Letras BCRD2,BANCO_CENTRAL-R3,NA,1,2018
Letras BCRD2,FONDO_DE_SOLIDARIDAD_SOCIAL,NA,1,2018
Notas BCRD2,ATLÁNTICO,9.229999999999999,1,2018
Notas BCRD2,JMMB_BDI,9.3,1,2018
Notas BCRD2,POPULAR,9.44,1,2018
Notas BCRD2,RESERVAS,9.4,1,2018
Notas BCRD2,ROMANA,9.19,1,2018
Notas BCRD2,SCOTIA_CRECER,9.370000000000001,1,2018
Notas BCRD2,SIEMBRA,9.44,1,2018
Notas BCRD2,RESERVAS-R3,9.22,1,2018
Notas BCRD2,BANCO_CENTRAL-R3,9.120000000000001,1,2018
Notas BCRD2,FONDO_DE_SOLIDARIDAD_SOCIAL,9.379999999999999,1,2018
Bonos Ministerio de Hacienda,ATLÁNTICO,9.28,2,2018
Bonos Ministerio de Hacienda,JMMB_BDI,9.36,2,2018
Bonos Ministerio de Hacienda,POPULAR,8.75,2,2018
Bonos Ministerio de Hacienda,RESERVAS,8.93,2,2018
Bonos Ministerio de Hacienda,ROMANA,9.45,2,2018
Bonos Ministerio de Hacienda,SCOTIA_CRECER,9.16,2,2018
Bonos Ministerio de Hacienda,SIEMBRA,8.34,2,2018
Bonos Ministerio de Hacienda,RESERVAS-R3,9.43,2,2018
Bonos Ministerio de Hacienda,BANCO_CENTRAL-R3,9.790000000000001,2,2018
Bonos Ministerio de Hacienda,FONDO_DE_SOLIDARIDAD_SOCIAL,8.97,2,2018
Bonos EIF 1,ATLÁNTICO,9.85,2,2018
Bonos EIF 1,JMMB_BDI,10.75,2,2018
Bonos EIF 1,POPULAR,8.870000000000001,2,2018
Bonos EIF 1,RESERVAS,8.98,2,2018
Bonos EIF 1,ROMANA,NA,2,2018
Bonos EIF 1,SCOTIA_CRECER,10.13,2,2018
Bonos EIF 1,SIEMBRA,8.870000000000001,2,2018
Bonos EIF 1,RESERVAS-R3,7.99,2,2018
Bonos EIF 1,BANCO_CENTRAL-R3,NA,2,2018
Bonos EIF 1,FONDO_DE_SOLIDARIDAD_SOCIAL,9.02,2,2018
Certificados de Depósito EIF1,ATLÁNTICO,6.529999999999999,2,2018
Certificados de Depósito EIF1,JMMB_BDI,6.97,2,2018
Certificados de Depósito EIF1,POPULAR,6.13,2,2018
Certificados de Depósito EIF1,RESERVAS,5.76,2,2018
Certificados de Depósito EIF1,ROMANA,7.04,2,2018
Certificados de Depósito EIF1,SCOTIA_CRECER,6.460000000000001,2,2018
Certificados de Depósito EIF1,SIEMBRA,2.81,2,2018
Certificados de Depósito EIF1,RESERVAS-R3,4.05,2,2018
Certificados de Depósito EIF1,BANCO_CENTRAL-R3,6.75,2,2018
Certificados de Depósito EIF1,FONDO_DE_SOLIDARIDAD_SOCIAL,5.04,2,2018
Certificados Inversión Especial BCRD2,ATLÁNTICO,9.29,2,2018
Certificados Inversión Especial BCRD2,JMMB_BDI,8.959999999999999,2,2018
Certificados Inversión Especial BCRD2,POPULAR,9.08,2,2018
Certificados Inversión Especial BCRD2,RESERVAS,9.24,2,2018
Certificados Inversión Especial BCRD2,ROMANA,8.870000000000001,2,2018
Certificados Inversión Especial BCRD2,SCOTIA_CRECER,8.9,2,2018
Certificados Inversión Especial BCRD2,SIEMBRA,9.16,2,2018
Certificados Inversión Especial BCRD2,RESERVAS-R3,9.02,2,2018
Certificados Inversión Especial BCRD2,BANCO_CENTRAL-R3,8.98,2,2018
Certificados Inversión Especial BCRD2,FONDO_DE_SOLIDARIDAD_SOCIAL,9.15,2,2018
Letras BCRD2,ATLÁNTICO,NA,2,2018
Letras BCRD2,JMMB_BDI,NA,2,2018
Letras BCRD2,POPULAR,6.98,2,2018
Letras BCRD2,RESERVAS,NA,2,2018
Letras BCRD2,ROMANA,NA,2,2018
Letras BCRD2,SCOTIA_CRECER,6.78,2,2018
Letras BCRD2,SIEMBRA,NA,2,2018
Letras BCRD2,RESERVAS-R3,NA,2,2018
Letras BCRD2,BANCO_CENTRAL-R3,NA,2,2018
Letras BCRD2,FONDO_DE_SOLIDARIDAD_SOCIAL,NA,2,2018
Notas BCRD2,ATLÁNTICO,9.25,2,2018
Notas BCRD2,JMMB_BDI,9.28,2,2018
Notas BCRD2,POPULAR,9.26,2,2018
Notas BCRD2,RESERVAS,9.27,2,2018
Notas BCRD2,ROMANA,9.22,2,2018
Notas BCRD2,SCOTIA_CRECER,9.19,2,2018
Notas BCRD2,SIEMBRA,9.24,2,2018
Notas BCRD2,RESERVAS-R3,9.09,2,2018
Notas BCRD2,BANCO_CENTRAL-R3,9.26,2,2018
Notas BCRD2,FONDO_DE_SOLIDARIDAD_SOCIAL,9.180000000000001,2,2018
Bonos Ministerio de Hacienda,ATLÁNTICO,9.53,5,2018
Bonos Ministerio de Hacienda,JMMB_BDI,9.59,5,2018
Bonos Ministerio de Hacienda,POPULAR,8.799999999999999,5,2018
Bonos Ministerio de Hacienda,RESERVAS,9.15,5,2018
Bonos Ministerio de Hacienda,ROMANA,9.68,5,2018
Bonos Ministerio de Hacienda,SCOTIA_CRECER,9.27,5,2018
Bonos Ministerio de Hacienda,SIEMBRA,8.04,5,2018
Bonos Ministerio de Hacienda,RESERVAS-R3,9.48,5,2018
Bonos Ministerio de Hacienda,BANCO_CENTRAL-R3,9.790000000000001,5,2018
Bonos Ministerio de Hacienda,FONDO_DE_SOLIDARIDAD_SOCIAL,9.02,5,2018
Bonos EIF 1,ATLÁNTICO,9.77,5,2018
Bonos EIF 1,JMMB_BDI,10.75,5,2018
Bonos EIF 1,POPULAR,8.709999999999999,5,2018
Bonos EIF 1,RESERVAS,8.98,5,2018
Bonos EIF 1,ROMANA,NA,5,2018
Bonos EIF 1,SCOTIA_CRECER,10.05,5,2018
Bonos EIF 1,SIEMBRA,8.780000000000001,5,2018
Bonos EIF 1,RESERVAS-R3,8.02,5,2018
Bonos EIF 1,BANCO_CENTRAL-R3,NA,5,2018
Bonos EIF 1,FONDO_DE_SOLIDARIDAD_SOCIAL,8.93,5,2018
Certificados de Depósito EIF1,ATLÁNTICO,6.279999999999999,5,2018
Certificados de Depósito EIF1,JMMB_BDI,7.16,5,2018
Certificados de Depósito EIF1,POPULAR,6.76,5,2018
Certificados de Depósito EIF1,RESERVAS,4.130000000000001,5,2018
Certificados de Depósito EIF1,ROMANA,7.1499999999999995,5,2018
Certificados de Depósito EIF1,SCOTIA_CRECER,7.21,5,2018
Certificados de Depósito EIF1,SIEMBRA,5.59,5,2018
Certificados de Depósito EIF1,RESERVAS-R3,4.590000000000001,5,2018
Certificados de Depósito EIF1,BANCO_CENTRAL-R3,7.380000000000001,5,2018
Certificados de Depósito EIF1,FONDO_DE_SOLIDARIDAD_SOCIAL,4.18,5,2018
Certificados Inversión Especial BCRD2,ATLÁNTICO,9.34,5,2018
Certificados Inversión Especial BCRD2,JMMB_BDI,9.51,5,2018
Certificados Inversión Especial BCRD2,POPULAR,9.1,5,2018
Certificados Inversión Especial BCRD2,RESERVAS,9.22,5,2018
Certificados Inversión Especial BCRD2,ROMANA,8.790000000000001,5,2018
Certificados Inversión Especial BCRD2,SCOTIA_CRECER,8.85,5,2018
Certificados Inversión Especial BCRD2,SIEMBRA,9.29,5,2018
Certificados Inversión Especial BCRD2,RESERVAS-R3,9.07,5,2018
Certificados Inversión Especial BCRD2,BANCO_CENTRAL-R3,8.959999999999999,5,2018
Certificados Inversión Especial BCRD2,FONDO_DE_SOLIDARIDAD_SOCIAL,9.180000000000001,5,2018
Letras BCRD2,ATLÁNTICO,NA,5,2018
Letras BCRD2,JMMB_BDI,NA,5,2018
Letras BCRD2,POPULAR,7.5,5,2018
Letras BCRD2,RESERVAS,NA,5,2018
Letras BCRD2,ROMANA,NA,5,2018
Letras BCRD2,SCOTIA_CRECER,7.08,5,2018
Letras BCRD2,SIEMBRA,NA,5,2018
Letras BCRD2,RESERVAS-R3,NA,5,2018
Letras BCRD2,BANCO_CENTRAL-R3,NA,5,2018
Letras BCRD2,FONDO_DE_SOLIDARIDAD_SOCIAL,NA,5,2018
Notas BCRD2,ATLÁNTICO,9.370000000000001,5,2018
Notas BCRD2,JMMB_BDI,9.45,5,2018
Notas BCRD2,POPULAR,9.47,5,2018
Notas BCRD2,RESERVAS,9.41,5,2018
Notas BCRD2,ROMANA,9.44,5,2018
Notas BCRD2,SCOTIA_CRECER,9.31,5,2018
Notas BCRD2,SIEMBRA,9.36,5,2018
Notas BCRD2,RESERVAS-R3,9.2,5,2018
Notas BCRD2,BANCO_CENTRAL-R3,9.53,5,2018
Notas BCRD2,FONDO_DE_SOLIDARIDAD_SOCIAL,9.32,5,2018
Bonos Ministerio de Hacienda,ATLÁNTICO,9.75,6,2018
Bonos Ministerio de Hacienda,JMMB_BDI,9.59,6,2018
Bonos Ministerio de Hacienda,POPULAR,8.86,6,2018
Bonos Ministerio de Hacienda,RESERVAS,9.27,6,2018
Bonos Ministerio de Hacienda,ROMANA,9.84,6,2018
Bonos Ministerio de Hacienda,SCOTIA_CRECER,9.3,6,2018
Bonos Ministerio de Hacienda,SIEMBRA,8.219999999999999,6,2018
Bonos Ministerio de Hacienda,RESERVAS-R3,9.569999999999999,6,2018
Bonos Ministerio de Hacienda,BANCO_CENTRAL-R3,9.91,6,2018
Bonos Ministerio de Hacienda,FONDO_DE_SOLIDARIDAD_SOCIAL,9.09,6,2018
Bonos EIF 1,ATLÁNTICO,9.78,6,2018
Bonos EIF 1,JMMB_BDI,10.75,6,2018
Bonos EIF 1,POPULAR,8.88,6,2018
Bonos EIF 1,RESERVAS,9.11,6,2018
Bonos EIF 1,ROMANA,NA,6,2018
Bonos EIF 1,SCOTIA_CRECER,10.05,6,2018
Bonos EIF 1,SIEMBRA,8.97,6,2018
Bonos EIF 1,RESERVAS-R3,8.260000000000002,6,2018
Bonos EIF 1,BANCO_CENTRAL-R3,NA,6,2018
Bonos EIF 1,FONDO_DE_SOLIDARIDAD_SOCIAL,9.1,6,2018
Certificados de Depósito EIF1,ATLÁNTICO,6.97,6,2018
Certificados de Depósito EIF1,JMMB_BDI,7.340000000000001,6,2018
Certificados de Depósito EIF1,POPULAR,7.06,6,2018
Certificados de Depósito EIF1,RESERVAS,4.17,6,2018
Certificados de Depósito EIF1,ROMANA,7.35,6,2018
Certificados de Depósito EIF1,SCOTIA_CRECER,7.3999999999999995,6,2018
Certificados de Depósito EIF1,SIEMBRA,4.43,6,2018
Certificados de Depósito EIF1,RESERVAS-R3,4.75,6,2018
Certificados de Depósito EIF1,BANCO_CENTRAL-R3,6.79,6,2018
Certificados de Depósito EIF1,FONDO_DE_SOLIDARIDAD_SOCIAL,4.26,6,2018
Certificados Inversión Especial BCRD2,ATLÁNTICO,9.65,6,2018
Certificados Inversión Especial BCRD2,JMMB_BDI,9.77,6,2018
Certificados Inversión Especial BCRD2,POPULAR,9.25,6,2018
Certificados Inversión Especial BCRD2,RESERVAS,9.46,6,2018
Certificados Inversión Especial BCRD2,ROMANA,9.13,6,2018
Certificados Inversión Especial BCRD2,SCOTIA_CRECER,9.030000000000001,6,2018
Certificados Inversión Especial BCRD2,SIEMBRA,9.5,6,2018
Certificados Inversión Especial BCRD2,RESERVAS-R3,9.31,6,2018
Certificados Inversión Especial BCRD2,BANCO_CENTRAL-R3,9.07,6,2018
Certificados Inversión Especial BCRD2,FONDO_DE_SOLIDARIDAD_SOCIAL,9.39,6,2018
Letras BCRD2,ATLÁNTICO,NA,6,2018
Letras BCRD2,JMMB_BDI,NA,6,2018
Letras BCRD2,POPULAR,7.5200000000000005,6,2018
Letras BCRD2,RESERVAS,NA,6,2018
Letras BCRD2,ROMANA,NA,6,2018
Letras BCRD2,SCOTIA_CRECER,7.090000000000001,6,2018
Letras BCRD2,SIEMBRA,NA,6,2018
Letras BCRD2,RESERVAS-R3,NA,6,2018
Letras BCRD2,BANCO_CENTRAL-R3,NA,6,2018
Letras BCRD2,FONDO_DE_SOLIDARIDAD_SOCIAL,NA,6,2018
Notas BCRD2,ATLÁNTICO,9.59,6,2018
Notas BCRD2,JMMB_BDI,9.74,6,2018
Notas BCRD2,POPULAR,9.65,6,2018
Notas BCRD2,RESERVAS,9.59,6,2018
Notas BCRD2,ROMANA,9.48,6,2018
Notas BCRD2,SCOTIA_CRECER,9.45,6,2018
Notas BCRD2,SIEMBRA,9.719999999999999,6,2018
Notas BCRD2,RESERVAS-R3,9.3,6,2018
Notas BCRD2,BANCO_CENTRAL-R3,9.56,6,2018
Notas BCRD2,FONDO_DE_SOLIDARIDAD_SOCIAL,9.43,6,2018
Bonos Ministerio de Hacienda,ATLÁNTICO,9.790000000000001,7,2018
Bonos Ministerio de Hacienda,JMMB_BDI,9.62,7,2018
Bonos Ministerio de Hacienda,POPULAR,8.83,7,2018
Bonos Ministerio de Hacienda,RESERVAS,9.24,7,2018
Bonos Ministerio de Hacienda,ROMANA,9.92,7,2018
Bonos Ministerio de Hacienda,SCOTIA_CRECER,9.17,7,2018
Bonos Ministerio de Hacienda,SIEMBRA,8.18,7,2018
Bonos Ministerio de Hacienda,RESERVAS-R3,9.569999999999999,7,2018
Bonos Ministerio de Hacienda,BANCO_CENTRAL-R3,9.89,7,2018
Bonos Ministerio de Hacienda,FONDO_DE_SOLIDARIDAD_SOCIAL,9.07,7,2018
Bonos EIF 1,ATLÁNTICO,9.610000000000001,7,2018
Bonos EIF 1,JMMB_BDI,10.75,7,2018
Bonos EIF 1,POPULAR,8.97,7,2018
Bonos EIF 1,RESERVAS,9.22,7,2018
Bonos EIF 1,ROMANA,NA,7,2018
Bonos EIF 1,SCOTIA_CRECER,10.11,7,2018
Bonos EIF 1,SIEMBRA,9.02,7,2018
Bonos EIF 1,RESERVAS-R3,8.38,7,2018
Bonos EIF 1,BANCO_CENTRAL-R3,NA,7,2018
Bonos EIF 1,FONDO_DE_SOLIDARIDAD_SOCIAL,9.180000000000001,7,2018
Certificados de Depósito EIF1,ATLÁNTICO,6.959999999999999,7,2018
Certificados de Depósito EIF1,JMMB_BDI,7.449999999999999,7,2018
Certificados de Depósito EIF1,POPULAR,7.55,7,2018
Certificados de Depósito EIF1,RESERVAS,4.33,7,2018
Certificados de Depósito EIF1,ROMANA,7.380000000000001,7,2018
Certificados de Depósito EIF1,SCOTIA_CRECER,7.470000000000001,7,2018
Certificados de Depósito EIF1,SIEMBRA,4.71,7,2018
Certificados de Depósito EIF1,RESERVAS-R3,4.45,7,2018
Certificados de Depósito EIF1,BANCO_CENTRAL-R3,7.93,7,2018
Certificados de Depósito EIF1,FONDO_DE_SOLIDARIDAD_SOCIAL,4.05,7,2018
Certificados Inversión Especial BCRD2,ATLÁNTICO,9.68,7,2018
Certificados Inversión Especial BCRD2,JMMB_BDI,9.55,7,2018
Certificados Inversión Especial BCRD2,POPULAR,9.27,7,2018
Certificados Inversión Especial BCRD2,RESERVAS,9.58,7,2018
Certificados Inversión Especial BCRD2,ROMANA,9.120000000000001,7,2018
Certificados Inversión Especial BCRD2,SCOTIA_CRECER,9.21,7,2018
Certificados Inversión Especial BCRD2,SIEMBRA,9.5,7,2018
Certificados Inversión Especial BCRD2,RESERVAS-R3,9.41,7,2018
Certificados Inversión Especial BCRD2,BANCO_CENTRAL-R3,9.81,7,2018
Certificados Inversión Especial BCRD2,FONDO_DE_SOLIDARIDAD_SOCIAL,9.59,7,2018
Letras BCRD2,ATLÁNTICO,NA,7,2018
Letras BCRD2,JMMB_BDI,NA,7,2018
Letras BCRD2,POPULAR,7.62,7,2018
Letras BCRD2,RESERVAS,NA,7,2018
Letras BCRD2,ROMANA,NA,7,2018
Letras BCRD2,SCOTIA_CRECER,7.41,7,2018
Letras BCRD2,SIEMBRA,NA,7,2018
Letras BCRD2,RESERVAS-R3,NA,7,2018
Letras BCRD2,BANCO_CENTRAL-R3,NA,7,2018
Letras BCRD2,FONDO_DE_SOLIDARIDAD_SOCIAL,NA,7,2018
Notas BCRD2,ATLÁNTICO,9.71,7,2018
Notas BCRD2,JMMB_BDI,9.610000000000001,7,2018
Notas BCRD2,POPULAR,9.71,7,2018
Notas BCRD2,RESERVAS,9.54,7,2018
Notas BCRD2,ROMANA,9.28,7,2018
Notas BCRD2,SCOTIA_CRECER,9.48,7,2018
Notas BCRD2,SIEMBRA,9.75,7,2018
Notas BCRD2,RESERVAS-R3,9.370000000000001,7,2018
Notas BCRD2,BANCO_CENTRAL-R3,9.5,7,2018
Notas BCRD2,FONDO_DE_SOLIDARIDAD_SOCIAL,9.31,7,2018
Bonos Ministerio de Hacienda,ATLÁNTICO,9.83,8,2018
Bonos Ministerio de Hacienda,JMMB_BDI,9.51,8,2018
Bonos Ministerio de Hacienda,POPULAR,8.85,8,2018
Bonos Ministerio de Hacienda,RESERVAS,9.2,8,2018
Bonos Ministerio de Hacienda,ROMANA,9.99,8,2018
Bonos Ministerio de Hacienda,SCOTIA_CRECER,9.16,8,2018
Bonos Ministerio de Hacienda,SIEMBRA,8.23,8,2018
Bonos Ministerio de Hacienda,RESERVAS-R3,9.56,8,2018
Bonos Ministerio de Hacienda,BANCO_CENTRAL-R3,9.89,8,2018
Bonos Ministerio de Hacienda,FONDO_DE_SOLIDARIDAD_SOCIAL,9.02,8,2018
Bonos EIF 1,ATLÁNTICO,9.68,8,2018
Bonos EIF 1,JMMB_BDI,10.75,8,2018
Bonos EIF 1,POPULAR,9.13,8,2018
Bonos EIF 1,RESERVAS,9.43,8,2018
Bonos EIF 1,ROMANA,NA,8,2018
Bonos EIF 1,SCOTIA_CRECER,10.22,8,2018
Bonos EIF 1,SIEMBRA,9.21,8,2018
Bonos EIF 1,RESERVAS-R3,8.43,8,2018
Bonos EIF 1,BANCO_CENTRAL-R3,NA,8,2018
Bonos EIF 1,FONDO_DE_SOLIDARIDAD_SOCIAL,9.370000000000001,8,2018
Certificados de Depósito EIF1,ATLÁNTICO,7.049999999999999,8,2018
Certificados de Depósito EIF1,JMMB_BDI,8.36,8,2018
Certificados de Depósito EIF1,POPULAR,7.180000000000001,8,2018
Certificados de Depósito EIF1,RESERVAS,5.86,8,2018
Certificados de Depósito EIF1,ROMANA,7.5,8,2018
Certificados de Depósito EIF1,SCOTIA_CRECER,8.15,8,2018
Certificados de Depósito EIF1,SIEMBRA,4.68,8,2018
Certificados de Depósito EIF1,RESERVAS-R3,5.74,8,2018
Certificados de Depósito EIF1,BANCO_CENTRAL-R3,8.110000000000001,8,2018
Certificados de Depósito EIF1,FONDO_DE_SOLIDARIDAD_SOCIAL,5.89,8,2018
Certificados Inversión Especial BCRD2,ATLÁNTICO,9.74,8,2018
Certificados Inversión Especial BCRD2,JMMB_BDI,9.569999999999999,8,2018
Certificados Inversión Especial BCRD2,POPULAR,9.28,8,2018
Certificados Inversión Especial BCRD2,RESERVAS,9.6,8,2018
Certificados Inversión Especial BCRD2,ROMANA,9.120000000000001,8,2018
Certificados Inversión Especial BCRD2,SCOTIA_CRECER,9.22,8,2018
Certificados Inversión Especial BCRD2,SIEMBRA,9.49,8,2018
Certificados Inversión Especial BCRD2,RESERVAS-R3,9.4,8,2018
Certificados Inversión Especial BCRD2,BANCO_CENTRAL-R3,9.790000000000001,8,2018
Certificados Inversión Especial BCRD2,FONDO_DE_SOLIDARIDAD_SOCIAL,9.610000000000001,8,2018
Letras BCRD2,ATLÁNTICO,NA,8,2018
Letras BCRD2,JMMB_BDI,NA,8,2018
Letras BCRD2,POPULAR,7.6499999999999995,8,2018
Letras BCRD2,RESERVAS,NA,8,2018
Letras BCRD2,ROMANA,NA,8,2018
Letras BCRD2,SCOTIA_CRECER,7.5,8,2018
Letras BCRD2,SIEMBRA,NA,8,2018
Letras BCRD2,RESERVAS-R3,NA,8,2018
Letras BCRD2,BANCO_CENTRAL-R3,NA,8,2018
Letras BCRD2,FONDO_DE_SOLIDARIDAD_SOCIAL,NA,8,2018
Notas BCRD2,ATLÁNTICO,9.68,8,2018
Notas BCRD2,JMMB_BDI,9.610000000000001,8,2018
Notas BCRD2,POPULAR,9.73,8,2018
Notas BCRD2,RESERVAS,9.65,8,2018
Notas BCRD2,ROMANA,9.27,8,2018
Notas BCRD2,SCOTIA_CRECER,9.48,8,2018
Notas BCRD2,SIEMBRA,9.78,8,2018
Notas BCRD2,RESERVAS-R3,9.44,8,2018
Notas BCRD2,BANCO_CENTRAL-R3,9.49,8,2018
Notas BCRD2,FONDO_DE_SOLIDARIDAD_SOCIAL,9.45,8,2018
Bonos Ministerio de Hacienda,ATLÁNTICO,9.85,9,2018
Bonos Ministerio de Hacienda,JMMB_BDI,9.43,9,2018
Bonos Ministerio de Hacienda,POPULAR,8.82,9,2018
Bonos Ministerio de Hacienda,RESERVAS,9.3,9,2018
Bonos Ministerio de Hacienda,ROMANA,10.040000000000001,9,2018
Bonos Ministerio de Hacienda,SCOTIA_CRECER,9.16,9,2018
Bonos Ministerio de Hacienda,SIEMBRA,8.219999999999999,9,2018
Bonos Ministerio de Hacienda,RESERVAS-R3,9.55,9,2018
Bonos Ministerio de Hacienda,BANCO_CENTRAL-R3,9.89,9,2018
Bonos Ministerio de Hacienda,FONDO_DE_SOLIDARIDAD_SOCIAL,9.120000000000001,9,2018
Bonos EIF 1,ATLÁNTICO,9.67,9,2018
Bonos EIF 1,JMMB_BDI,10.75,9,2018
Bonos EIF 1,POPULAR,9.13,9,2018
Bonos EIF 1,RESERVAS,9.42,9,2018
Bonos EIF 1,ROMANA,NA,9,2018
Bonos EIF 1,SCOTIA_CRECER,10.22,9,2018
Bonos EIF 1,SIEMBRA,9.21,9,2018
Bonos EIF 1,RESERVAS-R3,8.43,9,2018
Bonos EIF 1,BANCO_CENTRAL-R3,NA,9,2018
Bonos EIF 1,FONDO_DE_SOLIDARIDAD_SOCIAL,9.370000000000001,9,2018
Certificados de Depósito EIF1,ATLÁNTICO,7.08,9,2018
Certificados de Depósito EIF1,JMMB_BDI,9.19,9,2018
Certificados de Depósito EIF1,POPULAR,7.6499999999999995,9,2018
Certificados de Depósito EIF1,RESERVAS,6.660000000000001,9,2018
Certificados de Depósito EIF1,ROMANA,7.779999999999999,9,2018
Certificados de Depósito EIF1,SCOTIA_CRECER,9.11,9,2018
Certificados de Depósito EIF1,SIEMBRA,5.489999999999999,9,2018
Certificados de Depósito EIF1,RESERVAS-R3,6.909999999999999,9,2018
Certificados de Depósito EIF1,BANCO_CENTRAL-R3,9.41,9,2018
Certificados de Depósito EIF1,FONDO_DE_SOLIDARIDAD_SOCIAL,6.68,9,2018
Certificados Inversión Especial BCRD2,ATLÁNTICO,9.719999999999999,9,2018
Certificados Inversión Especial BCRD2,JMMB_BDI,9.62,9,2018
Certificados Inversión Especial BCRD2,POPULAR,9.31,9,2018
Certificados Inversión Especial BCRD2,RESERVAS,9.68,9,2018
Certificados Inversión Especial BCRD2,ROMANA,9.180000000000001,9,2018
Certificados Inversión Especial BCRD2,SCOTIA_CRECER,9.25,9,2018
Certificados Inversión Especial BCRD2,SIEMBRA,9.629999999999999,9,2018
Certificados Inversión Especial BCRD2,RESERVAS-R3,9.49,9,2018
Certificados Inversión Especial BCRD2,BANCO_CENTRAL-R3,9.879999999999999,9,2018
Certificados Inversión Especial BCRD2,FONDO_DE_SOLIDARIDAD_SOCIAL,9.68,9,2018
Letras BCRD2,ATLÁNTICO,NA,9,2018
Letras BCRD2,JMMB_BDI,NA,9,2018
Letras BCRD2,POPULAR,7.79,9,2018
Letras BCRD2,RESERVAS,NA,9,2018
Letras BCRD2,ROMANA,NA,9,2018
Letras BCRD2,SCOTIA_CRECER,7.9399999999999995,9,2018
Letras BCRD2,SIEMBRA,NA,9,2018
Letras BCRD2,RESERVAS-R3,NA,9,2018
Letras BCRD2,BANCO_CENTRAL-R3,NA,9,2018
Letras BCRD2,FONDO_DE_SOLIDARIDAD_SOCIAL,NA,9,2018
Notas BCRD2,ATLÁNTICO,9.879999999999999,9,2018
Notas BCRD2,JMMB_BDI,9.74,9,2018
Notas BCRD2,POPULAR,9.93,9,2018
Notas BCRD2,RESERVAS,9.83,9,2018
Notas BCRD2,ROMANA,9.46,9,2018
Notas BCRD2,SCOTIA_CRECER,9.62,9,2018
Notas BCRD2,SIEMBRA,9.92,9,2018
Notas BCRD2,RESERVAS-R3,9.64,9,2018
Notas BCRD2,BANCO_CENTRAL-R3,9.78,9,2018
Notas BCRD2,FONDO_DE_SOLIDARIDAD_SOCIAL,9.65,9,2018
Bonos Ministerio de Hacienda,ATLÁNTICO,9.77,10,2018
Bonos Ministerio de Hacienda,JMMB_BDI,9.45,10,2018
Bonos Ministerio de Hacienda,POPULAR,8.73,10,2018
Bonos Ministerio de Hacienda,RESERVAS,9.4,10,2018
Bonos Ministerio de Hacienda,ROMANA,10.040000000000001,10,2018
Bonos Ministerio de Hacienda,SCOTIA_CRECER,9.22,10,2018
Bonos Ministerio de Hacienda,SIEMBRA,8.24,10,2018
Bonos Ministerio de Hacienda,RESERVAS-R3,9.610000000000001,10,2018
Bonos Ministerio de Hacienda,BANCO_CENTRAL-R3,9.89,10,2018
Bonos Ministerio de Hacienda,FONDO_DE_SOLIDARIDAD_SOCIAL,9.15,10,2018
Bonos EIF 1,ATLÁNTICO,9.98,10,2018
Bonos EIF 1,JMMB_BDI,10.75,10,2018
Bonos EIF 1,POPULAR,9.41,10,2018
Bonos EIF 1,RESERVAS,9.81,10,2018
Bonos EIF 1,ROMANA,NA,10,2018
Bonos EIF 1,SCOTIA_CRECER,10.4,10,2018
Bonos EIF 1,SIEMBRA,9.34,10,2018
Bonos EIF 1,RESERVAS-R3,8.85,10,2018
Bonos EIF 1,BANCO_CENTRAL-R3,NA,10,2018
Bonos EIF 1,FONDO_DE_SOLIDARIDAD_SOCIAL,9.73,10,2018
Certificados de Depósito EIF1,ATLÁNTICO,7.290000000000001,10,2018
Certificados de Depósito EIF1,JMMB_BDI,9.83,10,2018
Certificados de Depósito EIF1,POPULAR,8.72,10,2018
Certificados de Depósito EIF1,RESERVAS,6.52,10,2018
Certificados de Depósito EIF1,ROMANA,7.88,10,2018
Certificados de Depósito EIF1,SCOTIA_CRECER,9.71,10,2018
Certificados de Depósito EIF1,SIEMBRA,6.17,10,2018
Certificados de Depósito EIF1,RESERVAS-R3,7.1499999999999995,10,2018
Certificados de Depósito EIF1,BANCO_CENTRAL-R3,9.78,10,2018
Certificados de Depósito EIF1,FONDO_DE_SOLIDARIDAD_SOCIAL,5.6899999999999995,10,2018
Certificados Inversión Especial BCRD2,ATLÁNTICO,9.55,10,2018
Certificados Inversión Especial BCRD2,JMMB_BDI,9.42,10,2018
Certificados Inversión Especial BCRD2,POPULAR,9.370000000000001,10,2018
Certificados Inversión Especial BCRD2,RESERVAS,9.65,10,2018
Certificados Inversión Especial BCRD2,ROMANA,9.5,10,2018
Certificados Inversión Especial BCRD2,SCOTIA_CRECER,9.28,10,2018
Certificados Inversión Especial BCRD2,SIEMBRA,9.54,10,2018
Certificados Inversión Especial BCRD2,RESERVAS-R3,9.41,10,2018
Certificados Inversión Especial BCRD2,BANCO_CENTRAL-R3,10.059999999999999,10,2018
Certificados Inversión Especial BCRD2,FONDO_DE_SOLIDARIDAD_SOCIAL,9.66,10,2018
Letras BCRD2,ATLÁNTICO,NA,10,2018
Letras BCRD2,JMMB_BDI,NA,10,2018
Letras BCRD2,POPULAR,7.739999999999999,10,2018
Letras BCRD2,RESERVAS,NA,10,2018
Letras BCRD2,ROMANA,NA,10,2018
Letras BCRD2,SCOTIA_CRECER,7.99,10,2018
Letras BCRD2,SIEMBRA,NA,10,2018
Letras BCRD2,RESERVAS-R3,NA,10,2018
Letras BCRD2,BANCO_CENTRAL-R3,NA,10,2018
Letras BCRD2,FONDO_DE_SOLIDARIDAD_SOCIAL,NA,10,2018
Notas BCRD2,ATLÁNTICO,9.879999999999999,10,2018
Notas BCRD2,JMMB_BDI,10.03,10,2018
Notas BCRD2,POPULAR,10.190000000000001,10,2018
Notas BCRD2,RESERVAS,10.18,10,2018
Notas BCRD2,ROMANA,9.610000000000001,10,2018
Notas BCRD2,SCOTIA_CRECER,9.950000000000001,10,2018
Notas BCRD2,SIEMBRA,10.14,10,2018
Notas BCRD2,RESERVAS-R3,10.03,10,2018
Notas BCRD2,BANCO_CENTRAL-R3,10.12,10,2018
Notas BCRD2,FONDO_DE_SOLIDARIDAD_SOCIAL,9.85,10,2018
Bonos Ministerio de Hacienda,ATLÁNTICO,9.67,11,2018
Bonos Ministerio de Hacienda,JMMB_BDI,9.610000000000001,11,2018
Bonos Ministerio de Hacienda,POPULAR,8.84,11,2018
Bonos Ministerio de Hacienda,RESERVAS,9.46,11,2018
Bonos Ministerio de Hacienda,ROMANA,10.08,11,2018
Bonos Ministerio de Hacienda,SCOTIA_CRECER,9.26,11,2018
Bonos Ministerio de Hacienda,SIEMBRA,8.35,11,2018
Bonos Ministerio de Hacienda,RESERVAS-R3,9.65,11,2018
Bonos Ministerio de Hacienda,BANCO_CENTRAL-R3,9.99,11,2018
Bonos Ministerio de Hacienda,FONDO_DE_SOLIDARIDAD_SOCIAL,9.16,11,2018
Bonos EIF 1,ATLÁNTICO,9.98,11,2018
Bonos EIF 1,JMMB_BDI,10.75,11,2018
Bonos EIF 1,POPULAR,9.4,11,2018
Bonos EIF 1,RESERVAS,9.81,11,2018
Bonos EIF 1,ROMANA,0,11,2018
Bonos EIF 1,SCOTIA_CRECER,10.4,11,2018
Bonos EIF 1,SIEMBRA,9.34,11,2018
Bonos EIF 1,RESERVAS-R3,8.85,11,2018
Bonos EIF 1,BANCO_CENTRAL-R3,0,11,2018
Bonos EIF 1,FONDO_DE_SOLIDARIDAD_SOCIAL,9.719999999999999,11,2018
Certificados de Depósito EIF1,ATLÁNTICO,7.84,11,2018
Certificados de Depósito EIF1,JMMB_BDI,10.100000000000001,11,2018
Certificados de Depósito EIF1,POPULAR,9.42,11,2018
Certificados de Depósito EIF1,RESERVAS,9.19,11,2018
Certificados de Depósito EIF1,ROMANA,8.28,11,2018
Certificados de Depósito EIF1,SCOTIA_CRECER,10.18,11,2018
Certificados de Depósito EIF1,SIEMBRA,6.99,11,2018
Certificados de Depósito EIF1,RESERVAS-R3,9.25,11,2018
Certificados de Depósito EIF1,BANCO_CENTRAL-R3,10.24,11,2018
Certificados de Depósito EIF1,FONDO_DE_SOLIDARIDAD_SOCIAL,8.94,11,2018
Certificados Inversión Especial BCRD2,ATLÁNTICO,9.49,11,2018
Certificados Inversión Especial BCRD2,JMMB_BDI,9.49,11,2018
Certificados Inversión Especial BCRD2,POPULAR,9.370000000000001,11,2018
Certificados Inversión Especial BCRD2,RESERVAS,9.69,11,2018
Certificados Inversión Especial BCRD2,ROMANA,9.6,11,2018
Certificados Inversión Especial BCRD2,SCOTIA_CRECER,9.32,11,2018
Certificados Inversión Especial BCRD2,SIEMBRA,9.64,11,2018
Certificados Inversión Especial BCRD2,RESERVAS-R3,9.51,11,2018
Certificados Inversión Especial BCRD2,BANCO_CENTRAL-R3,10.100000000000001,11,2018
Certificados Inversión Especial BCRD2,FONDO_DE_SOLIDARIDAD_SOCIAL,9.700000000000001,11,2018
Letras BCRD2,ATLÁNTICO,0,11,2018
Letras BCRD2,JMMB_BDI,0,11,2018
Letras BCRD2,POPULAR,7.32,11,2018
Letras BCRD2,RESERVAS,0,11,2018
Letras BCRD2,ROMANA,0,11,2018
Letras BCRD2,SCOTIA_CRECER,0,11,2018
Letras BCRD2,SIEMBRA,0,11,2018
Letras BCRD2,RESERVAS-R3,0,11,2018
Letras BCRD2,BANCO_CENTRAL-R3,0,11,2018
Letras BCRD2,FONDO_DE_SOLIDARIDAD_SOCIAL,0,11,2018
Notas BCRD2,ATLÁNTICO,9.98,11,2018
Notas BCRD2,JMMB_BDI,10.27,11,2018
Notas BCRD2,POPULAR,10.37,11,2018
Notas BCRD2,RESERVAS,10.35,11,2018
Notas BCRD2,ROMANA,10.05,11,2018
Notas BCRD2,SCOTIA_CRECER,10.16,11,2018
Notas BCRD2,SIEMBRA,10.280000000000001,11,2018
Notas BCRD2,RESERVAS-R3,10.059999999999999,11,2018
Notas BCRD2,BANCO_CENTRAL-R3,10.41,11,2018
Notas BCRD2,FONDO_DE_SOLIDARIDAD_SOCIAL,9.94,11,2018
Bonos Ministerio de Hacienda,ATLÁNTICO,9.9,12,2018
Bonos Ministerio de Hacienda,JMMB_BDI,10.03,12,2018
Bonos Ministerio de Hacienda,POPULAR,8.88,12,2018
Bonos Ministerio de Hacienda,RESERVAS,9.51,12,2018
Bonos Ministerio de Hacienda,ROMANA,10.08,12,2018
Bonos Ministerio de Hacienda,SCOTIA_CRECER,9.45,12,2018
Bonos Ministerio de Hacienda,SIEMBRA,8.42,12,2018
Bonos Ministerio de Hacienda,RESERVAS-R3,9.69,12,2018
Bonos Ministerio de Hacienda,BANCO_CENTRAL-R3,10.05,12,2018
Bonos Ministerio de Hacienda,FONDO_DE_SOLIDARIDAD_SOCIAL,9.180000000000001,12,2018
Bonos EIF 1,ATLÁNTICO,9.98,12,2018
Bonos EIF 1,JMMB_BDI,10.75,12,2018
Bonos EIF 1,POPULAR,9.42,12,2018
Bonos EIF 1,RESERVAS,9.83,12,2018
Bonos EIF 1,ROMANA,0,12,2018
Bonos EIF 1,SCOTIA_CRECER,10.4,12,2018
Bonos EIF 1,SIEMBRA,9.36,12,2018
Bonos EIF 1,RESERVAS-R3,8.86,12,2018
Bonos EIF 1,BANCO_CENTRAL-R3,0,12,2018
Bonos EIF 1,FONDO_DE_SOLIDARIDAD_SOCIAL,9.74,12,2018
Certificados de Depósito EIF1,ATLÁNTICO,8.690000000000001,12,2018
Certificados de Depósito EIF1,JMMB_BDI,10.38,12,2018
Certificados de Depósito EIF1,POPULAR,10.2,12,2018
Certificados de Depósito EIF1,RESERVAS,10.4,12,2018
Certificados de Depósito EIF1,ROMANA,8.36,12,2018
Certificados de Depósito EIF1,SCOTIA_CRECER,10.37,12,2018
Certificados de Depósito EIF1,SIEMBRA,6.550000000000001,12,2018
Certificados de Depósito EIF1,RESERVAS-R3,9.9,12,2018
Certificados de Depósito EIF1,BANCO_CENTRAL-R3,10.4,12,2018
Certificados de Depósito EIF1,FONDO_DE_SOLIDARIDAD_SOCIAL,9.07,12,2018
Certificados Inversión Especial BCRD2,ATLÁNTICO,9.47,12,2018
Certificados Inversión Especial BCRD2,JMMB_BDI,9.569999999999999,12,2018
Certificados Inversión Especial BCRD2,POPULAR,9.370000000000001,12,2018
Certificados Inversión Especial BCRD2,RESERVAS,9.68,12,2018
Certificados Inversión Especial BCRD2,ROMANA,9.58,12,2018
Certificados Inversión Especial BCRD2,SCOTIA_CRECER,9.31,12,2018
Certificados Inversión Especial BCRD2,SIEMBRA,9.62,12,2018
Certificados Inversión Especial BCRD2,RESERVAS-R3,9.49,12,2018
Certificados Inversión Especial BCRD2,BANCO_CENTRAL-R3,10.08,12,2018
Certificados Inversión Especial BCRD2,FONDO_DE_SOLIDARIDAD_SOCIAL,9.68,12,2018
Letras BCRD2,ATLÁNTICO,0,12,2018
Letras BCRD2,JMMB_BDI,0,12,2018
Letras BCRD2,POPULAR,7.32,12,2018
Letras BCRD2,RESERVAS,0,12,2018
Letras BCRD2,ROMANA,0,12,2018
Letras BCRD2,SCOTIA_CRECER,0,12,2018
Letras BCRD2,SIEMBRA,0,12,2018
Letras BCRD2,RESERVAS-R3,0,12,2018
Letras BCRD2,BANCO_CENTRAL-R3,0,12,2018
Letras BCRD2,FONDO_DE_SOLIDARIDAD_SOCIAL,0,12,2018
Notas BCRD2,ATLÁNTICO,9.84,12,2018
Notas BCRD2,JMMB_BDI,10.299999999999999,12,2018
Notas BCRD2,POPULAR,10.27,12,2018
Notas BCRD2,RESERVAS,10.31,12,2018
Notas BCRD2,ROMANA,9.99,12,2018
Notas BCRD2,SCOTIA_CRECER,10.13,12,2018
Notas BCRD2,SIEMBRA,10.23,12,2018
Notas BCRD2,RESERVAS-R3,10,12,2018
Notas BCRD2,BANCO_CENTRAL-R3,10.34,12,2018
Notas BCRD2,FONDO_DE_SOLIDARIDAD_SOCIAL,9.89,12,2018
Bonos Ministerio de Hacienda,ATLÁNTICO,9.950000000000001,1,2019
Bonos Ministerio de Hacienda,JMMB_BDI,9.9,1,2019
Bonos Ministerio de Hacienda,POPULAR,8.99,1,2019
Bonos Ministerio de Hacienda,RESERVAS,9.629999999999999,1,2019
Bonos Ministerio de Hacienda,ROMANA,10.209999999999999,1,2019
Bonos Ministerio de Hacienda,SCOTIA_CRECER,9.49,1,2019
Bonos Ministerio de Hacienda,SIEMBRA,8.450000000000001,1,2019
Bonos Ministerio de Hacienda,RESERVAS-R3,9.790000000000001,1,2019
Bonos Ministerio de Hacienda,BANCO_CENTRAL-R3,10.02,1,2019
Bonos Ministerio de Hacienda,FONDO_DE_SOLIDARIDAD_SOCIAL,9.3,1,2019
Bonos EIF 1,ATLÁNTICO,10.05,1,2019
Bonos EIF 1,JMMB_BDI,10.75,1,2019
Bonos EIF 1,POPULAR,9.5,1,2019
Bonos EIF 1,RESERVAS,9.93,1,2019
Bonos EIF 1,ROMANA,0,1,2019
Bonos EIF 1,SCOTIA_CRECER,10.45,1,2019
Bonos EIF 1,SIEMBRA,9.4,1,2019
Bonos EIF 1,RESERVAS-R3,8.99,1,2019
Bonos EIF 1,BANCO_CENTRAL-R3,0,1,2019
Bonos EIF 1,FONDO_DE_SOLIDARIDAD_SOCIAL,9.81,1,2019
Certificados de Depósito EIF1,ATLÁNTICO,8.64,1,2019
Certificados de Depósito EIF1,JMMB_BDI,10.280000000000001,1,2019
Certificados de Depósito EIF1,POPULAR,8.260000000000002,1,2019
Certificados de Depósito EIF1,RESERVAS,8.559999999999999,1,2019
Certificados de Depósito EIF1,ROMANA,8.649999999999999,1,2019
Certificados de Depósito EIF1,SCOTIA_CRECER,9.969999999999999,1,2019
Certificados de Depósito EIF1,SIEMBRA,6.29,1,2019
Certificados de Depósito EIF1,RESERVAS-R3,9.44,1,2019
Certificados de Depósito EIF1,BANCO_CENTRAL-R3,9.84,1,2019
Certificados de Depósito EIF1,FONDO_DE_SOLIDARIDAD_SOCIAL,7.51,1,2019
Certificados Inversión Especial BCRD2,ATLÁNTICO,9.46,1,2019
Certificados Inversión Especial BCRD2,JMMB_BDI,9.569999999999999,1,2019
Certificados Inversión Especial BCRD2,POPULAR,9.41,1,2019
Certificados Inversión Especial BCRD2,RESERVAS,9.66,1,2019
Certificados Inversión Especial BCRD2,ROMANA,9.82,1,2019
Certificados Inversión Especial BCRD2,SCOTIA_CRECER,9.46,1,2019
Certificados Inversión Especial BCRD2,SIEMBRA,9.610000000000001,1,2019
Certificados Inversión Especial BCRD2,RESERVAS-R3,9.5,1,2019
Certificados Inversión Especial BCRD2,BANCO_CENTRAL-R3,11.62,1,2019
Certificados Inversión Especial BCRD2,FONDO_DE_SOLIDARIDAD_SOCIAL,9.64,1,2019
Notas BCRD2,ATLÁNTICO,9.85,1,2019
Notas BCRD2,JMMB_BDI,10.290000000000001,1,2019
Notas BCRD2,POPULAR,10.16,1,2019
Notas BCRD2,RESERVAS,10.16,1,2019
Notas BCRD2,ROMANA,10.25,1,2019
Notas BCRD2,SCOTIA_CRECER,10.190000000000001,1,2019
Notas BCRD2,SIEMBRA,10.2,1,2019
Notas BCRD2,RESERVAS-R3,10.13,1,2019
Notas BCRD2,BANCO_CENTRAL-R3,10.31,1,2019
Notas BCRD2,FONDO_DE_SOLIDARIDAD_SOCIAL,9.82,1,2019
Bonos Ministerio de Hacienda,ATLÁNTICO,9.969999999999999,2,2019
Bonos Ministerio de Hacienda,JMMB_BDI,9.969999999999999,2,2019
Bonos Ministerio de Hacienda,POPULAR,8.9,2,2019
Bonos Ministerio de Hacienda,RESERVAS,9.47,2,2019
Bonos Ministerio de Hacienda,ROMANA,10.07,2,2019
Bonos Ministerio de Hacienda,SCOTIA_CRECER,9.51,2,2019
Bonos Ministerio de Hacienda,SIEMBRA,8.4,2,2019
Bonos Ministerio de Hacienda,RESERVAS-R3,9.86,2,2019
Bonos Ministerio de Hacienda,BANCO_CENTRAL-R3,9.59,2,2019
Bonos Ministerio de Hacienda,FONDO_DE_SOLIDARIDAD_SOCIAL,9.25,2,2019
Bonos EIF 1,ATLÁNTICO,10.05,2,2019
Bonos EIF 1,JMMB_BDI,10.75,2,2019
Bonos EIF 1,POPULAR,9.51,2,2019
Bonos EIF 1,RESERVAS,9.93,2,2019
Bonos EIF 1,ROMANA,0,2,2019
Bonos EIF 1,SCOTIA_CRECER,10.45,2,2019
Bonos EIF 1,SIEMBRA,9.41,2,2019
Bonos EIF 1,RESERVAS-R3,9.06,2,2019
Bonos EIF 1,BANCO_CENTRAL-R3,0,2,2019
Bonos EIF 1,FONDO_DE_SOLIDARIDAD_SOCIAL,9.8,2,2019
Certificados de Depósito EIF1,ATLÁNTICO,8.709999999999999,2,2019
Certificados de Depósito EIF1,JMMB_BDI,9.610000000000001,2,2019
Certificados de Depósito EIF1,POPULAR,8.290000000000001,2,2019
Certificados de Depósito EIF1,RESERVAS,9.07,2,2019
Certificados de Depósito EIF1,ROMANA,8.57,2,2019
Certificados de Depósito EIF1,SCOTIA_CRECER,9.64,2,2019
Certificados de Depósito EIF1,SIEMBRA,5.6000000000000005,2,2019
Certificados de Depósito EIF1,RESERVAS-R3,9.1,2,2019
Certificados de Depósito EIF1,BANCO_CENTRAL-R3,9.2,2,2019
Certificados de Depósito EIF1,FONDO_DE_SOLIDARIDAD_SOCIAL,8.12,2,2019
Certificados Inversión Especial BCRD2,ATLÁNTICO,9.43,2,2019
Certificados Inversión Especial BCRD2,JMMB_BDI,9.370000000000001,2,2019
Certificados Inversión Especial BCRD2,POPULAR,9.379999999999999,2,2019
Certificados Inversión Especial BCRD2,RESERVAS,9.53,2,2019
Certificados Inversión Especial BCRD2,ROMANA,9.8,2,2019
Certificados Inversión Especial BCRD2,SCOTIA_CRECER,9.43,2,2019
Certificados Inversión Especial BCRD2,SIEMBRA,9.6,2,2019
Certificados Inversión Especial BCRD2,RESERVAS-R3,9.49,2,2019
Certificados Inversión Especial BCRD2,BANCO_CENTRAL-R3,11.62,2,2019
Certificados Inversión Especial BCRD2,FONDO_DE_SOLIDARIDAD_SOCIAL,9.59,2,2019
Notas BCRD2,ATLÁNTICO,9.77,2,2019
Notas BCRD2,JMMB_BDI,10.23,2,2019
Notas BCRD2,POPULAR,10.17,2,2019
Notas BCRD2,RESERVAS,10.18,2,2019
Notas BCRD2,ROMANA,10.25,2,2019
Notas BCRD2,SCOTIA_CRECER,10.2,2,2019
Notas BCRD2,SIEMBRA,10.12,2,2019
Notas BCRD2,RESERVAS-R3,10.09,2,2019
Notas BCRD2,BANCO_CENTRAL-R3,10.24,2,2019
Notas BCRD2,FONDO_DE_SOLIDARIDAD_SOCIAL,9.969999999999999,2,2019
Bonos Ministerio de Hacienda,ATLÁNTICO,9.959999999999999,3,2019
Bonos Ministerio de Hacienda,JMMB_BDI,10.059999999999999,3,2019
Bonos Ministerio de Hacienda,POPULAR,8.9,3,2019
Bonos Ministerio de Hacienda,RESERVAS,9.45,3,2019
Bonos Ministerio de Hacienda,ROMANA,10.100000000000001,3,2019
Bonos Ministerio de Hacienda,SCOTIA_CRECER,9.4,3,2019
Bonos Ministerio de Hacienda,SIEMBRA,8.38,3,2019
Bonos Ministerio de Hacienda,RESERVAS-R3,9.83,3,2019
Bonos Ministerio de Hacienda,BANCO_CENTRAL-R3,9.569999999999999,3,2019
Bonos Ministerio de Hacienda,FONDO_DE_SOLIDARIDAD_SOCIAL,9.24,3,2019
Bonos EIF 1,ATLÁNTICO,10.05,3,2019
Bonos EIF 1,JMMB_BDI,10.75,3,2019
Bonos EIF 1,POPULAR,9.569999999999999,3,2019
Bonos EIF 1,RESERVAS,9.92,3,2019
Bonos EIF 1,ROMANA,0,3,2019
Bonos EIF 1,SCOTIA_CRECER,10.45,3,2019
Bonos EIF 1,SIEMBRA,9.48,3,2019
Bonos EIF 1,RESERVAS-R3,9.06,3,2019
Bonos EIF 1,BANCO_CENTRAL-R3,0,3,2019
Bonos EIF 1,FONDO_DE_SOLIDARIDAD_SOCIAL,9.8,3,2019
Certificados de Depósito EIF1,ATLÁNTICO,8.219999999999999,3,2019
Certificados de Depósito EIF1,JMMB_BDI,9.17,3,2019
Certificados de Depósito EIF1,POPULAR,7.000000000000001,3,2019
Certificados de Depósito EIF1,RESERVAS,8.799999999999999,3,2019
Certificados de Depósito EIF1,ROMANA,8.55,3,2019
Certificados de Depósito EIF1,SCOTIA_CRECER,9.229999999999999,3,2019
Certificados de Depósito EIF1,SIEMBRA,7.99,3,2019
Certificados de Depósito EIF1,RESERVAS-R3,8.53,3,2019
Certificados de Depósito EIF1,BANCO_CENTRAL-R3,9.09,3,2019
Certificados de Depósito EIF1,FONDO_DE_SOLIDARIDAD_SOCIAL,8.37,3,2019
Certificados Inversión Especial BCRD2,ATLÁNTICO,9.379999999999999,3,2019
Certificados Inversión Especial BCRD2,JMMB_BDI,9.120000000000001,3,2019
Certificados Inversión Especial BCRD2,POPULAR,9.36,3,2019
Certificados Inversión Especial BCRD2,RESERVAS,9.47,3,2019
Certificados Inversión Especial BCRD2,ROMANA,9.76,3,2019
Certificados Inversión Especial BCRD2,SCOTIA_CRECER,9.4,3,2019
Certificados Inversión Especial BCRD2,SIEMBRA,9.49,3,2019
Certificados Inversión Especial BCRD2,RESERVAS-R3,9.44,3,2019
Certificados Inversión Especial BCRD2,BANCO_CENTRAL-R3,11.68,3,2019
Certificados Inversión Especial BCRD2,FONDO_DE_SOLIDARIDAD_SOCIAL,9.569999999999999,3,2019
Notas BCRD2,ATLÁNTICO,9.73,3,2019
Notas BCRD2,JMMB_BDI,10.100000000000001,3,2019
Notas BCRD2,POPULAR,10.16,3,2019
Notas BCRD2,RESERVAS,10.17,3,2019
Notas BCRD2,ROMANA,10.23,3,2019
Notas BCRD2,SCOTIA_CRECER,10.17,3,2019
Notas BCRD2,SIEMBRA,10.11,3,2019
Notas BCRD2,RESERVAS-R3,10.08,3,2019
Notas BCRD2,BANCO_CENTRAL-R3,10.22,3,2019
Notas BCRD2,FONDO_DE_SOLIDARIDAD_SOCIAL,9.969999999999999,3,2019
Bonos Ministerio de Hacienda,ATLÁNTICO,9.93,4,2019
Bonos Ministerio de Hacienda,JMMB_BDI,9.89,4,2019
Bonos Ministerio de Hacienda,POPULAR,8.77,4,2019
Bonos Ministerio de Hacienda,RESERVAS,9.39,4,2019
Bonos Ministerio de Hacienda,ROMANA,10.03,4,2019
Bonos Ministerio de Hacienda,SCOTIA_CRECER,9.39,4,2019
Bonos Ministerio de Hacienda,SIEMBRA,8.41,4,2019
Bonos Ministerio de Hacienda,RESERVAS-R3,9.8,4,2019
Bonos Ministerio de Hacienda,BANCO_CENTRAL-R3,9.520000000000001,4,2019
Bonos Ministerio de Hacienda,FONDO_DE_SOLIDARIDAD_SOCIAL,9.2,4,2019
Bonos EIF 1,ATLÁNTICO,10.03,4,2019
Bonos EIF 1,JMMB_BDI,10.75,4,2019
Bonos EIF 1,POPULAR,9.41,4,2019
Bonos EIF 1,RESERVAS,9.700000000000001,4,2019
Bonos EIF 1,ROMANA,0,4,2019
Bonos EIF 1,SCOTIA_CRECER,10.36,4,2019
Bonos EIF 1,SIEMBRA,9.39,4,2019
Bonos EIF 1,RESERVAS-R3,8.81,4,2019
Bonos EIF 1,BANCO_CENTRAL-R3,0,4,2019
Bonos EIF 1,FONDO_DE_SOLIDARIDAD_SOCIAL,9.66,4,2019
Certificados de Depósito EIF1,ATLÁNTICO,6.5600000000000005,4,2019
Certificados de Depósito EIF1,JMMB_BDI,7.99,4,2019
Certificados de Depósito EIF1,POPULAR,7.55,4,2019
Certificados de Depósito EIF1,RESERVAS,8.09,4,2019
Certificados de Depósito EIF1,ROMANA,8.559999999999999,4,2019
Certificados de Depósito EIF1,SCOTIA_CRECER,8.799999999999999,4,2019
Certificados de Depósito EIF1,SIEMBRA,7.57,4,2019
Certificados de Depósito EIF1,RESERVAS-R3,8.129999999999999,4,2019
Certificados de Depósito EIF1,BANCO_CENTRAL-R3,8.88,4,2019
Certificados de Depósito EIF1,FONDO_DE_SOLIDARIDAD_SOCIAL,7.95,4,2019
Certificados Inversión Especial BCRD2,ATLÁNTICO,9.34,4,2019
Certificados Inversión Especial BCRD2,JMMB_BDI,8.97,4,2019
Certificados Inversión Especial BCRD2,POPULAR,9.34,4,2019
Certificados Inversión Especial BCRD2,RESERVAS,9.41,4,2019
Certificados Inversión Especial BCRD2,ROMANA,9.629999999999999,4,2019
Certificados Inversión Especial BCRD2,SCOTIA_CRECER,9.34,4,2019
Certificados Inversión Especial BCRD2,SIEMBRA,9.33,4,2019
Certificados Inversión Especial BCRD2,RESERVAS-R3,9.3,4,2019
Certificados Inversión Especial BCRD2,BANCO_CENTRAL-R3,11.68,4,2019
Certificados Inversión Especial BCRD2,FONDO_DE_SOLIDARIDAD_SOCIAL,9.520000000000001,4,2019
Notas BCRD2,ATLÁNTICO,9.610000000000001,4,2019
Notas BCRD2,JMMB_BDI,9.92,4,2019
Notas BCRD2,POPULAR,10,4,2019
Notas BCRD2,RESERVAS,9.959999999999999,4,2019
Notas BCRD2,ROMANA,10.01,4,2019
Notas BCRD2,SCOTIA_CRECER,9.99,4,2019
Notas BCRD2,SIEMBRA,9.92,4,2019
Notas BCRD2,RESERVAS-R3,9.959999999999999,4,2019
Notas BCRD2,BANCO_CENTRAL-R3,10.05,4,2019
Notas BCRD2,FONDO_DE_SOLIDARIDAD_SOCIAL,9.790000000000001,4,2019
Bonos Ministerio de Hacienda,ATLÁNTICO,9.790000000000001,5,2019
Bonos Ministerio de Hacienda,JMMB_BDI,9.879999999999999,5,2019
Bonos Ministerio de Hacienda,POPULAR,8.62,5,2019
Bonos Ministerio de Hacienda,RESERVAS,9.17,5,2019
Bonos Ministerio de Hacienda,ROMANA,9.959999999999999,5,2019
Bonos Ministerio de Hacienda,SCOTIA_CRECER,9.21,5,2019
Bonos Ministerio de Hacienda,SIEMBRA,8.18,5,2019
Bonos Ministerio de Hacienda,RESERVAS-R3,9.64,5,2019
Bonos Ministerio de Hacienda,BANCO_CENTRAL-R3,9.78,5,2019
Bonos Ministerio de Hacienda,FONDO_DE_SOLIDARIDAD_SOCIAL,9.06,5,2019
Bonos EIF 1,ATLÁNTICO,10.07,5,2019
Bonos EIF 1,JMMB_BDI,10.43,5,2019
Bonos EIF 1,POPULAR,9.46,5,2019
Bonos EIF 1,RESERVAS,9.74,5,2019
Bonos EIF 1,ROMANA,0,5,2019
Bonos EIF 1,SCOTIA_CRECER,10.36,5,2019
Bonos EIF 1,SIEMBRA,9.45,5,2019
Bonos EIF 1,RESERVAS-R3,8.81,5,2019
Bonos EIF 1,BANCO_CENTRAL-R3,0,5,2019
Bonos EIF 1,FONDO_DE_SOLIDARIDAD_SOCIAL,9.71,5,2019
Certificados de Depósito EIF1,ATLÁNTICO,6.92,5,2019
Certificados de Depósito EIF1,JMMB_BDI,8.33,5,2019
Certificados de Depósito EIF1,POPULAR,7.199999999999999,5,2019
Certificados de Depósito EIF1,RESERVAS,7.7700000000000005,5,2019
Certificados de Depósito EIF1,ROMANA,8.67,5,2019
Certificados de Depósito EIF1,SCOTIA_CRECER,7.9,5,2019
Certificados de Depósito EIF1,SIEMBRA,5.21,5,2019
Certificados de Depósito EIF1,RESERVAS-R3,6.93,5,2019
Certificados de Depósito EIF1,BANCO_CENTRAL-R3,8.89,5,2019
Certificados de Depósito EIF1,FONDO_DE_SOLIDARIDAD_SOCIAL,6.77,5,2019
Certificados Inversión Especial BCRD2,ATLÁNTICO,9.35,5,2019
Certificados Inversión Especial BCRD2,JMMB_BDI,8.97,5,2019
Certificados Inversión Especial BCRD2,POPULAR,9.26,5,2019
Certificados Inversión Especial BCRD2,RESERVAS,9.27,5,2019
Certificados Inversión Especial BCRD2,ROMANA,9.3,5,2019
Certificados Inversión Especial BCRD2,SCOTIA_CRECER,9.24,5,2019
Certificados Inversión Especial BCRD2,SIEMBRA,9.24,5,2019
Certificados Inversión Especial BCRD2,RESERVAS-R3,9.19,5,2019
Certificados Inversión Especial BCRD2,BANCO_CENTRAL-R3,11.600000000000001,5,2019
Certificados Inversión Especial BCRD2,FONDO_DE_SOLIDARIDAD_SOCIAL,9.31,5,2019
Notas BCRD2,ATLÁNTICO,9.46,5,2019
Notas BCRD2,JMMB_BDI,9.59,5,2019
Notas BCRD2,POPULAR,9.379999999999999,5,2019
Notas BCRD2,RESERVAS,9.59,5,2019
Notas BCRD2,ROMANA,9.73,5,2019
Notas BCRD2,SCOTIA_CRECER,9.62,5,2019
Notas BCRD2,SIEMBRA,9.4,5,2019
Notas BCRD2,RESERVAS-R3,9.62,5,2019
Notas BCRD2,BANCO_CENTRAL-R3,9.54,5,2019
Notas BCRD2,FONDO_DE_SOLIDARIDAD_SOCIAL,9.44,5,2019
Bonos Ministerio de Hacienda,ATLÁNTICO,9.610000000000001,6,2019
Bonos Ministerio de Hacienda,JMMB_BDI,9.69,6,2019
Bonos Ministerio de Hacienda,POPULAR,8.53,6,2019
Bonos Ministerio de Hacienda,RESERVAS,9.02,6,2019
Bonos Ministerio de Hacienda,ROMANA,9.790000000000001,6,2019
Bonos Ministerio de Hacienda,SCOTIA_CRECER,9.07,6,2019
Bonos Ministerio de Hacienda,SIEMBRA,8.07,6,2019
Bonos Ministerio de Hacienda,RESERVAS-R3,9.45,6,2019
Bonos Ministerio de Hacienda,BANCO_CENTRAL-R3,9.58,6,2019
Bonos Ministerio de Hacienda,FONDO_DE_SOLIDARIDAD_SOCIAL,8.9,6,2019
Bonos EIF 1,ATLÁNTICO,10.07,6,2019
Bonos EIF 1,JMMB_BDI,10.43,6,2019
Bonos EIF 1,POPULAR,9.46,6,2019
Bonos EIF 1,RESERVAS,9.74,6,2019
Bonos EIF 1,ROMANA,0,6,2019
Bonos EIF 1,SCOTIA_CRECER,10.36,6,2019
Bonos EIF 1,SIEMBRA,9.45,6,2019
Bonos EIF 1,RESERVAS-R3,8.81,6,2019
Bonos EIF 1,BANCO_CENTRAL-R3,0,6,2019
Bonos EIF 1,FONDO_DE_SOLIDARIDAD_SOCIAL,9.700000000000001,6,2019
Certificados de Depósito EIF1,ATLÁNTICO,7.489999999999999,6,2019
Certificados de Depósito EIF1,JMMB_BDI,8.43,6,2019
Certificados de Depósito EIF1,POPULAR,8.02,6,2019
Certificados de Depósito EIF1,RESERVAS,7.42,6,2019
Certificados de Depósito EIF1,ROMANA,8.74,6,2019
Certificados de Depósito EIF1,SCOTIA_CRECER,7.41,6,2019
Certificados de Depósito EIF1,SIEMBRA,6.5600000000000005,6,2019
Certificados de Depósito EIF1,RESERVAS-R3,6.710000000000001,6,2019
Certificados de Depósito EIF1,BANCO_CENTRAL-R3,8.870000000000001,6,2019
Certificados de Depósito EIF1,FONDO_DE_SOLIDARIDAD_SOCIAL,6.59,6,2019
Certificados Inversión Especial BCRD2,ATLÁNTICO,9.35,6,2019
Certificados Inversión Especial BCRD2,JMMB_BDI,8.959999999999999,6,2019
Certificados Inversión Especial BCRD2,POPULAR,9.24,6,2019
Certificados Inversión Especial BCRD2,RESERVAS,9.26,6,2019
Certificados Inversión Especial BCRD2,ROMANA,9.24,6,2019
Certificados Inversión Especial BCRD2,SCOTIA_CRECER,9.229999999999999,6,2019
Certificados Inversión Especial BCRD2,SIEMBRA,9.229999999999999,6,2019
Certificados Inversión Especial BCRD2,RESERVAS-R3,9.19,6,2019
Certificados Inversión Especial BCRD2,BANCO_CENTRAL-R3,11.600000000000001,6,2019
Certificados Inversión Especial BCRD2,FONDO_DE_SOLIDARIDAD_SOCIAL,9.31,6,2019
Notas BCRD2,ATLÁNTICO,9.42,6,2019
Notas BCRD2,JMMB_BDI,9.55,6,2019
Notas BCRD2,POPULAR,9.42,6,2019
Notas BCRD2,RESERVAS,9.6,6,2019
Notas BCRD2,ROMANA,9.73,6,2019
Notas BCRD2,SCOTIA_CRECER,9.59,6,2019
Notas BCRD2,SIEMBRA,9.42,6,2019
Notas BCRD2,RESERVAS-R3,9.54,6,2019
Notas BCRD2,BANCO_CENTRAL-R3,9.64,6,2019
Notas BCRD2,FONDO_DE_SOLIDARIDAD_SOCIAL,9.5,6,2019
Bonos Ministerio de Hacienda,ATLÁNTICO,9.53,7,2019
Bonos Ministerio de Hacienda,CRECER_(*),8.99,7,2019
Bonos Ministerio de Hacienda,JMMB_BDI,9.5,7,2019
Bonos Ministerio de Hacienda,POPULAR,8.44,7,2019
Bonos Ministerio de Hacienda,RESERVAS,9.02,7,2019
Bonos Ministerio de Hacienda,ROMANA,9.76,7,2019
Bonos Ministerio de Hacienda,SIEMBRA,7.86,7,2019
Bonos Ministerio de Hacienda,RESERVAS-R3,9.36,7,2019
Bonos Ministerio de Hacienda,BANCO_CENTRAL-R3,9.41,7,2019
Bonos Ministerio de Hacienda,FONDO_DE_SOLIDARIDAD_SOCIAL,8.84,7,2019
Bonos EIF 1,ATLÁNTICO,9.85,7,2019
Bonos EIF 1,CRECER_(*),10.33,7,2019
Bonos EIF 1,JMMB_BDI,10.43,7,2019
Bonos EIF 1,POPULAR,9.69,7,2019
Bonos EIF 1,RESERVAS,9.879999999999999,7,2019
Bonos EIF 1,ROMANA,0,7,2019
Bonos EIF 1,SIEMBRA,9.71,7,2019
Bonos EIF 1,RESERVAS-R3,9.24,7,2019
Bonos EIF 1,BANCO_CENTRAL-R3,0,7,2019
Bonos EIF 1,FONDO_DE_SOLIDARIDAD_SOCIAL,9.91,7,2019
Certificados de Depósito EIF1,ATLÁNTICO,7.630000000000001,7,2019
Certificados de Depósito EIF1,CRECER_(*),6.909999999999999,7,2019
Certificados de Depósito EIF1,JMMB_BDI,8.290000000000001,7,2019
Certificados de Depósito EIF1,POPULAR,6.3,7,2019
Certificados de Depósito EIF1,RESERVAS,7.19,7,2019
Certificados de Depósito EIF1,ROMANA,8.6,7,2019
Certificados de Depósito EIF1,SIEMBRA,4.1000000000000005,7,2019
Certificados de Depósito EIF1,RESERVAS-R3,4.78,7,2019
Certificados de Depósito EIF1,BANCO_CENTRAL-R3,8.799999999999999,7,2019
Certificados de Depósito EIF1,FONDO_DE_SOLIDARIDAD_SOCIAL,5.34,7,2019
Certificados Inversión Especial BCRD2,ATLÁNTICO,9.28,7,2019
Certificados Inversión Especial BCRD2,CRECER_(*),9.180000000000001,7,2019
Certificados Inversión Especial BCRD2,JMMB_BDI,9.13,7,2019
Certificados Inversión Especial BCRD2,POPULAR,9.25,7,2019
Certificados Inversión Especial BCRD2,RESERVAS,9.33,7,2019
Certificados Inversión Especial BCRD2,ROMANA,9.28,7,2019
Certificados Inversión Especial BCRD2,SIEMBRA,9.180000000000001,7,2019
Certificados Inversión Especial BCRD2,RESERVAS-R3,9.27,7,2019
Certificados Inversión Especial BCRD2,BANCO_CENTRAL-R3,11.51,7,2019
Certificados Inversión Especial BCRD2,FONDO_DE_SOLIDARIDAD_SOCIAL,9.31,7,2019
Notas BCRD2,ATLÁNTICO,9.379999999999999,7,2019
Notas BCRD2,CRECER_(*),9.54,7,2019
Notas BCRD2,JMMB_BDI,9.51,7,2019
Notas BCRD2,POPULAR,9.33,7,2019
Notas BCRD2,RESERVAS,9.56,7,2019
Notas BCRD2,ROMANA,9.69,7,2019
Notas BCRD2,SIEMBRA,9.35,7,2019
Notas BCRD2,RESERVAS-R3,9.520000000000001,7,2019
Notas BCRD2,BANCO_CENTRAL-R3,9.53,7,2019
Notas BCRD2,FONDO_DE_SOLIDARIDAD_SOCIAL,9.44,7,2019
Bonos Ministerio de Hacienda,ATLÁNTICO,9.4,8,2019
Bonos Ministerio de Hacienda,CRECER_(*),8.91,8,2019
Bonos Ministerio de Hacienda,JMMB_BDI,9.33,8,2019
Bonos Ministerio de Hacienda,POPULAR,8.16,8,2019
Bonos Ministerio de Hacienda,RESERVAS,8.74,8,2019
Bonos Ministerio de Hacienda,ROMANA,9.379999999999999,8,2019
Bonos Ministerio de Hacienda,SIEMBRA,7.46,8,2019
Bonos Ministerio de Hacienda,RESERVAS-R3,9.06,8,2019
Bonos Ministerio de Hacienda,BANCO_CENTRAL-R3,9.379999999999999,8,2019
Bonos Ministerio de Hacienda,FONDO_DE_SOLIDARIDAD_SOCIAL,8.649999999999999,8,2019
Bonos EIF 1,ATLÁNTICO,9.85,8,2019
Bonos EIF 1,CRECER_(*),10.26,8,2019
Bonos EIF 1,JMMB_BDI,10.43,8,2019
Bonos EIF 1,POPULAR,9.56,8,2019
Bonos EIF 1,RESERVAS,9.719999999999999,8,2019
Bonos EIF 1,ROMANA,0,8,2019
Bonos EIF 1,SIEMBRA,9.629999999999999,8,2019
Bonos EIF 1,RESERVAS-R3,8.959999999999999,8,2019
Bonos EIF 1,BANCO_CENTRAL-R3,0,8,2019
Bonos EIF 1,FONDO_DE_SOLIDARIDAD_SOCIAL,9.790000000000001,8,2019
Certificados de Depósito EIF1,ATLÁNTICO,7.5600000000000005,8,2019
Certificados de Depósito EIF1,CRECER_(*),6.09,8,2019
Certificados de Depósito EIF1,JMMB_BDI,7.720000000000001,8,2019
Certificados de Depósito EIF1,POPULAR,4,8,2019
Certificados de Depósito EIF1,RESERVAS,7.06,8,2019
Certificados de Depósito EIF1,ROMANA,8.49,8,2019
Certificados de Depósito EIF1,SIEMBRA,6.7,8,2019
Certificados de Depósito EIF1,RESERVAS-R3,4.7,8,2019
Certificados de Depósito EIF1,BANCO_CENTRAL-R3,8.709999999999999,8,2019
Certificados de Depósito EIF1,FONDO_DE_SOLIDARIDAD_SOCIAL,4.8,8,2019
Certificados Inversión Especial BCRD2,ATLÁNTICO,8.99,8,2019
Certificados Inversión Especial BCRD2,CRECER_(*),8.98,8,2019
Certificados Inversión Especial BCRD2,JMMB_BDI,8.83,8,2019
Certificados Inversión Especial BCRD2,POPULAR,9.08,8,2019
Certificados Inversión Especial BCRD2,RESERVAS,9.13,8,2019
Certificados Inversión Especial BCRD2,ROMANA,9.07,8,2019
Certificados Inversión Especial BCRD2,SIEMBRA,8.91,8,2019
Certificados Inversión Especial BCRD2,RESERVAS-R3,9.04,8,2019
Certificados Inversión Especial BCRD2,BANCO_CENTRAL-R3,11.51,8,2019
Certificados Inversión Especial BCRD2,FONDO_DE_SOLIDARIDAD_SOCIAL,9.15,8,2019
Letras BCRD2,ATLÁNTICO,0,8,2019
Letras BCRD2,CRECER_(*),0,8,2019
Letras BCRD2,JMMB_BDI,0,8,2019
Letras BCRD2,POPULAR,0,8,2019
Letras BCRD2,RESERVAS,0,8,2019
Letras BCRD2,ROMANA,0,8,2019
Letras BCRD2,SIEMBRA,7.91,8,2019
Letras BCRD2,RESERVAS-R3,0,8,2019
Letras BCRD2,BANCO_CENTRAL-R3,0,8,2019
Letras BCRD2,FONDO_DE_SOLIDARIDAD_SOCIAL,0,8,2019
Notas BCRD2,ATLÁNTICO,9.11,8,2019
Notas BCRD2,CRECER_(*),9.09,8,2019
Notas BCRD2,JMMB_BDI,8.97,8,2019
Notas BCRD2,POPULAR,9.04,8,2019
Notas BCRD2,RESERVAS,9.11,8,2019
Notas BCRD2,ROMANA,9.17,8,2019
Notas BCRD2,SIEMBRA,9.02,8,2019
Notas BCRD2,RESERVAS-R3,9,8,2019
Notas BCRD2,BANCO_CENTRAL-R3,9.09,8,2019
Notas BCRD2,FONDO_DE_SOLIDARIDAD_SOCIAL,9.120000000000001,8,2019
Bonos Ministerio de Hacienda,ATLÁNTICO,9.39,9,2019
Bonos Ministerio de Hacienda,CRECER_(*),8.93,9,2019
Bonos Ministerio de Hacienda,JMMB_BDI,9.370000000000001,9,2019
Bonos Ministerio de Hacienda,POPULAR,8.05,9,2019
Bonos Ministerio de Hacienda,RESERVAS,8.68,9,2019
Bonos Ministerio de Hacienda,ROMANA,9.41,9,2019
Bonos Ministerio de Hacienda,SIEMBRA,7.449999999999999,9,2019
Bonos Ministerio de Hacienda,RESERVAS-R3,9.030000000000001,9,2019
Bonos Ministerio de Hacienda,BANCO_CENTRAL-R3,9.39,9,2019
Bonos Ministerio de Hacienda,FONDO_DE_SOLIDARIDAD_SOCIAL,8.61,9,2019
Bonos EIF 1,ATLÁNTICO,9.85,9,2019
Bonos EIF 1,CRECER_(*),10.26,9,2019
Bonos EIF 1,JMMB_BDI,10.37,9,2019
Bonos EIF 1,POPULAR,9.520000000000001,9,2019
Bonos EIF 1,RESERVAS,9.719999999999999,9,2019
Bonos EIF 1,ROMANA,0,9,2019
Bonos EIF 1,SIEMBRA,9.59,9,2019
Bonos EIF 1,RESERVAS-R3,8.959999999999999,9,2019
Bonos EIF 1,BANCO_CENTRAL-R3,0,9,2019
Bonos EIF 1,FONDO_DE_SOLIDARIDAD_SOCIAL,9.790000000000001,9,2019
Certificados de Depósito EIF1,ATLÁNTICO,7.539999999999999,9,2019
Certificados de Depósito EIF1,CRECER_(*),5.81,9,2019
Certificados de Depósito EIF1,JMMB_BDI,7.4399999999999995,9,2019
Certificados de Depósito EIF1,POPULAR,4.390000000000001,9,2019
Certificados de Depósito EIF1,RESERVAS,6.39,9,2019
Certificados de Depósito EIF1,ROMANA,8.37,9,2019
Certificados de Depósito EIF1,SIEMBRA,5.43,9,2019
Certificados de Depósito EIF1,RESERVAS-R3,5.1499999999999995,9,2019
Certificados de Depósito EIF1,BANCO_CENTRAL-R3,8.61,9,2019
Certificados de Depósito EIF1,FONDO_DE_SOLIDARIDAD_SOCIAL,5.01,9,2019
Certificados Inversión Especial BCRD2,ATLÁNTICO,9.01,9,2019
Certificados Inversión Especial BCRD2,CRECER_(*),8.99,9,2019
Certificados Inversión Especial BCRD2,JMMB_BDI,8.83,9,2019
Certificados Inversión Especial BCRD2,POPULAR,9.08,9,2019
Certificados Inversión Especial BCRD2,RESERVAS,9.13,9,2019
Certificados Inversión Especial BCRD2,ROMANA,9.09,9,2019
Certificados Inversión Especial BCRD2,SIEMBRA,8.92,9,2019
Certificados Inversión Especial BCRD2,RESERVAS-R3,9.04,9,2019
Certificados Inversión Especial BCRD2,BANCO_CENTRAL-R3,11.49,9,2019
Certificados Inversión Especial BCRD2,FONDO_DE_SOLIDARIDAD_SOCIAL,9.15,9,2019
Letras BCRD2,ATLÁNTICO,0,9,2019
Letras BCRD2,CRECER_(*),0,9,2019
Letras BCRD2,JMMB_BDI,0,9,2019
Letras BCRD2,POPULAR,0,9,2019
Letras BCRD2,RESERVAS,0,9,2019
Letras BCRD2,ROMANA,0,9,2019
Letras BCRD2,SIEMBRA,7.75,9,2019
Letras BCRD2,RESERVAS-R3,0,9,2019
Letras BCRD2,BANCO_CENTRAL-R3,0,9,2019
Letras BCRD2,FONDO_DE_SOLIDARIDAD_SOCIAL,0,9,2019
Notas BCRD2,ATLÁNTICO,9.09,9,2019
Notas BCRD2,CRECER_(*),9.07,9,2019
Notas BCRD2,JMMB_BDI,8.959999999999999,9,2019
Notas BCRD2,POPULAR,9.02,9,2019
Notas BCRD2,RESERVAS,9.11,9,2019
Notas BCRD2,ROMANA,9.180000000000001,9,2019
Notas BCRD2,SIEMBRA,9.01,9,2019
Notas BCRD2,RESERVAS-R3,9,9,2019
Notas BCRD2,BANCO_CENTRAL-R3,9.09,9,2019
Notas BCRD2,FONDO_DE_SOLIDARIDAD_SOCIAL,9.120000000000001,9,2019
Bonos Ministerio de Hacienda,ATLÁNTICO,9.379999999999999,10,2019
Bonos Ministerio de Hacienda,CRECER_(*),9.01,10,2019
Bonos Ministerio de Hacienda,JMMB_BDI,9.28,10,2019
Bonos Ministerio de Hacienda,POPULAR,8.04,10,2019
Bonos Ministerio de Hacienda,RESERVAS,8.709999999999999,10,2019
Bonos Ministerio de Hacienda,ROMANA,9.53,10,2019
Bonos Ministerio de Hacienda,SIEMBRA,7.51,10,2019
Bonos Ministerio de Hacienda,RESERVAS-R3,9,10,2019
Bonos Ministerio de Hacienda,BANCO_CENTRAL-R3,9.39,10,2019
Bonos Ministerio de Hacienda,FONDO_DE_SOLIDARIDAD_SOCIAL,8.6,10,2019
Bonos EIF 1,ATLÁNTICO,9.83,10,2019
Bonos EIF 1,CRECER_(*),10.23,10,2019
Bonos EIF 1,JMMB_BDI,10.37,10,2019
Bonos EIF 1,POPULAR,9.51,10,2019
Bonos EIF 1,RESERVAS,9.68,10,2019
Bonos EIF 1,ROMANA,0,10,2019
Bonos EIF 1,SIEMBRA,9.59,10,2019
Bonos EIF 1,RESERVAS-R3,8.91,10,2019
Bonos EIF 1,BANCO_CENTRAL-R3,0,10,2019
Bonos EIF 1,FONDO_DE_SOLIDARIDAD_SOCIAL,9.77,10,2019
Certificados de Depósito EIF1,ATLÁNTICO,7.5200000000000005,10,2019
Certificados de Depósito EIF1,CRECER_(*),6.069999999999999,10,2019
Certificados de Depósito EIF1,JMMB_BDI,7.85,10,2019
Certificados de Depósito EIF1,POPULAR,7.3999999999999995,10,2019
Certificados de Depósito EIF1,RESERVAS,7.4399999999999995,10,2019
Certificados de Depósito EIF1,ROMANA,8.37,10,2019
Certificados de Depósito EIF1,SIEMBRA,5.41,10,2019
Certificados de Depósito EIF1,RESERVAS-R3,7.55,10,2019
Certificados de Depósito EIF1,BANCO_CENTRAL-R3,8.66,10,2019
Certificados de Depósito EIF1,FONDO_DE_SOLIDARIDAD_SOCIAL,7.35,10,2019
Certificados Inversión Especial BCRD2,ATLÁNTICO,8.98,10,2019
Certificados Inversión Especial BCRD2,CRECER_(*),8.959999999999999,10,2019
Certificados Inversión Especial BCRD2,JMMB_BDI,8.94,10,2019
Certificados Inversión Especial BCRD2,POPULAR,9.08,10,2019
Certificados Inversión Especial BCRD2,RESERVAS,9.139999999999999,10,2019
Certificados Inversión Especial BCRD2,ROMANA,9.09,10,2019
Certificados Inversión Especial BCRD2,SIEMBRA,8.92,10,2019
Certificados Inversión Especial BCRD2,RESERVAS-R3,9.04,10,2019
Certificados Inversión Especial BCRD2,BANCO_CENTRAL-R3,11.600000000000001,10,2019
Certificados Inversión Especial BCRD2,FONDO_DE_SOLIDARIDAD_SOCIAL,9.15,10,2019
Letras BCRD2,ATLÁNTICO,0,10,2019
Letras BCRD2,CRECER_(*),0,10,2019
Letras BCRD2,JMMB_BDI,0,10,2019
Letras BCRD2,POPULAR,0,10,2019
Letras BCRD2,RESERVAS,0,10,2019
Letras BCRD2,ROMANA,0,10,2019
Letras BCRD2,SIEMBRA,7.76,10,2019
Letras BCRD2,RESERVAS-R3,0,10,2019
Letras BCRD2,BANCO_CENTRAL-R3,0,10,2019
Letras BCRD2,FONDO_DE_SOLIDARIDAD_SOCIAL,0,10,2019
Notas BCRD2,ATLÁNTICO,9.139999999999999,10,2019
Notas BCRD2,CRECER_(*),9.26,10,2019
Notas BCRD2,JMMB_BDI,9.030000000000001,10,2019
Notas BCRD2,POPULAR,9.180000000000001,10,2019
Notas BCRD2,RESERVAS,9.2,10,2019
Notas BCRD2,ROMANA,9.19,10,2019
Notas BCRD2,SIEMBRA,9.09,10,2019
Notas BCRD2,RESERVAS-R3,9.08,10,2019
Notas BCRD2,BANCO_CENTRAL-R3,9.29,10,2019
Notas BCRD2,FONDO_DE_SOLIDARIDAD_SOCIAL,9.2,10,2019
Bonos Ministerio de Hacienda,ATLÁNTICO,9.34,11,2019
Bonos Ministerio de Hacienda,CRECER_(*),9.01,11,2019
Bonos Ministerio de Hacienda,JMMB_BDI,9.4,11,2019
Bonos Ministerio de Hacienda,POPULAR,8.02,11,2019
Bonos Ministerio de Hacienda,RESERVAS,8.76,11,2019
Bonos Ministerio de Hacienda,ROMANA,9.51,11,2019
Bonos Ministerio de Hacienda,SIEMBRA,7.51,11,2019
Bonos Ministerio de Hacienda,RESERVAS-R3,9.030000000000001,11,2019
Bonos Ministerio de Hacienda,BANCO_CENTRAL-R3,9.41,11,2019
Bonos Ministerio de Hacienda,FONDO_DE_SOLIDARIDAD_SOCIAL,8.61,11,2019
Bonos EIF 1,ATLÁNTICO,9.83,11,2019
Bonos EIF 1,CRECER_(*),10.24,11,2019
Bonos EIF 1,JMMB_BDI,10.16,11,2019
Bonos EIF 1,POPULAR,9.54,11,2019
Bonos EIF 1,RESERVAS,9.71,11,2019
Bonos EIF 1,ROMANA,0,11,2019
Bonos EIF 1,SIEMBRA,9.59,11,2019
Bonos EIF 1,RESERVAS-R3,9.17,11,2019
Bonos EIF 1,BANCO_CENTRAL-R3,10,11,2019
Bonos EIF 1,FONDO_DE_SOLIDARIDAD_SOCIAL,9.790000000000001,11,2019
Certificados de Depósito EIF1,ATLÁNTICO,7.55,11,2019
Certificados de Depósito EIF1,CRECER_(*),5.96,11,2019
Certificados de Depósito EIF1,JMMB_BDI,8.21,11,2019
Certificados de Depósito EIF1,POPULAR,5.62,11,2019
Certificados de Depósito EIF1,RESERVAS,8.04,11,2019
Certificados de Depósito EIF1,ROMANA,8.260000000000002,11,2019
Certificados de Depósito EIF1,SIEMBRA,4.67,11,2019
Certificados de Depósito EIF1,RESERVAS-R3,6.8500000000000005,11,2019
Certificados de Depósito EIF1,BANCO_CENTRAL-R3,8.790000000000001,11,2019
Certificados de Depósito EIF1,FONDO_DE_SOLIDARIDAD_SOCIAL,6.81,11,2019
Certificados Inversión Especial BCRD2,ATLÁNTICO,8.99,11,2019
Certificados Inversión Especial BCRD2,CRECER_(*),8.97,11,2019
Certificados Inversión Especial BCRD2,JMMB_BDI,8.95,11,2019
Certificados Inversión Especial BCRD2,POPULAR,9.08,11,2019
Certificados Inversión Especial BCRD2,RESERVAS,9.139999999999999,11,2019
Certificados Inversión Especial BCRD2,ROMANA,9.09,11,2019
Certificados Inversión Especial BCRD2,SIEMBRA,8.92,11,2019
Certificados Inversión Especial BCRD2,RESERVAS-R3,9.04,11,2019
Certificados Inversión Especial BCRD2,BANCO_CENTRAL-R3,11.61,11,2019
Certificados Inversión Especial BCRD2,FONDO_DE_SOLIDARIDAD_SOCIAL,9.15,11,2019
Letras BCRD2,ATLÁNTICO,0,11,2019
Letras BCRD2,CRECER_(*),0,11,2019
Letras BCRD2,JMMB_BDI,0,11,2019
Letras BCRD2,POPULAR,0,11,2019
Letras BCRD2,RESERVAS,0,11,2019
Letras BCRD2,ROMANA,0,11,2019
Letras BCRD2,SIEMBRA,7.76,11,2019
Letras BCRD2,RESERVAS-R3,0,11,2019
Letras BCRD2,BANCO_CENTRAL-R3,0,11,2019
Letras BCRD2,FONDO_DE_SOLIDARIDAD_SOCIAL,0,11,2019
Notas BCRD2,ATLÁNTICO,9.09,11,2019
Notas BCRD2,CRECER_(*),9.16,11,2019
Notas BCRD2,JMMB_BDI,9.04,11,2019
Notas BCRD2,POPULAR,9.13,11,2019
Notas BCRD2,RESERVAS,9.21,11,2019
Notas BCRD2,ROMANA,9.180000000000001,11,2019
Notas BCRD2,SIEMBRA,9.04,11,2019
Notas BCRD2,RESERVAS-R3,9.08,11,2019
Notas BCRD2,BANCO_CENTRAL-R3,9.17,11,2019
Notas BCRD2,FONDO_DE_SOLIDARIDAD_SOCIAL,9.2,11,2019
Bonos Ministerio de Hacienda,ATLÁNTICO,9.35,12,2019
Bonos Ministerio de Hacienda,CRECER_(*),8.9,12,2019
Bonos Ministerio de Hacienda,JMMB_BDI,9.41,12,2019
Bonos Ministerio de Hacienda,POPULAR,8.02,12,2019
Bonos Ministerio de Hacienda,RESERVAS,8.85,12,2019
Bonos Ministerio de Hacienda,ROMANA,9.520000000000001,12,2019
Bonos Ministerio de Hacienda,SIEMBRA,7.51,12,2019
Bonos Ministerio de Hacienda,RESERVAS-R3,9.06,12,2019
Bonos Ministerio de Hacienda,BANCO_CENTRAL-R3,9.42,12,2019
Bonos Ministerio de Hacienda,FONDO_DE_SOLIDARIDAD_SOCIAL,8.68,12,2019
Bonos EIF 1,ATLÁNTICO,9.8,12,2019
Bonos EIF 1,CRECER_(*),10.24,12,2019
Bonos EIF 1,JMMB_BDI,10.16,12,2019
Bonos EIF 1,POPULAR,9.59,12,2019
Bonos EIF 1,RESERVAS,9.74,12,2019
Bonos EIF 1,ROMANA,10,12,2019
Bonos EIF 1,SIEMBRA,9.65,12,2019
Bonos EIF 1,RESERVAS-R3,9.229999999999999,12,2019
Bonos EIF 1,BANCO_CENTRAL-R3,10,12,2019
Bonos EIF 1,FONDO_DE_SOLIDARIDAD_SOCIAL,9.83,12,2019
Certificados de Depósito EIF1,ATLÁNTICO,7.33,12,2019
Certificados de Depósito EIF1,CRECER_(*),7.090000000000001,12,2019
Certificados de Depósito EIF1,JMMB_BDI,9.17,12,2019
Certificados de Depósito EIF1,POPULAR,6.87,12,2019
Certificados de Depósito EIF1,RESERVAS,8.98,12,2019
Certificados de Depósito EIF1,ROMANA,8.36,12,2019
Certificados de Depósito EIF1,SIEMBRA,6.909999999999999,12,2019
Certificados de Depósito EIF1,RESERVAS-R3,8.57,12,2019
Certificados de Depósito EIF1,BANCO_CENTRAL-R3,8.95,12,2019
Certificados de Depósito EIF1,FONDO_DE_SOLIDARIDAD_SOCIAL,8.08,12,2019
Certificados Inversión Especial BCRD2,ATLÁNTICO,9.07,12,2019
Certificados Inversión Especial BCRD2,CRECER_(*),9.030000000000001,12,2019
Certificados Inversión Especial BCRD2,JMMB_BDI,9.04,12,2019
Certificados Inversión Especial BCRD2,POPULAR,9.21,12,2019
Certificados Inversión Especial BCRD2,RESERVAS,9.26,12,2019
Certificados Inversión Especial BCRD2,ROMANA,9.09,12,2019
Certificados Inversión Especial BCRD2,SIEMBRA,9.09,12,2019
Certificados Inversión Especial BCRD2,RESERVAS-R3,9.16,12,2019
Certificados Inversión Especial BCRD2,BANCO_CENTRAL-R3,11.59,12,2019
Certificados Inversión Especial BCRD2,FONDO_DE_SOLIDARIDAD_SOCIAL,9.3,12,2019
Notas BCRD2,ATLÁNTICO,9.17,12,2019
Notas BCRD2,CRECER_(*),9.22,12,2019
Notas BCRD2,JMMB_BDI,9.09,12,2019
Notas BCRD2,POPULAR,9.25,12,2019
Notas BCRD2,RESERVAS,9.28,12,2019
Notas BCRD2,ROMANA,9.22,12,2019
Notas BCRD2,SIEMBRA,9.180000000000001,12,2019
Notas BCRD2,RESERVAS-R3,9.120000000000001,12,2019
Notas BCRD2,BANCO_CENTRAL-R3,9.3,12,2019
Notas BCRD2,FONDO_DE_SOLIDARIDAD_SOCIAL,9.28,12,2019
Bonos Ministerio de Hacienda,ATLÁNTICO,9.370000000000001,1,2020
Bonos Ministerio de Hacienda,CRECER,8.84,1,2020
Bonos Ministerio de Hacienda,JMMB_BDI,9.43,1,2020
Bonos Ministerio de Hacienda,POPULAR,7.9799999999999995,1,2020
Bonos Ministerio de Hacienda,RESERVAS,8.86,1,2020
Bonos Ministerio de Hacienda,ROMANA,9.520000000000001,1,2020
Bonos Ministerio de Hacienda,SIEMBRA,7.449999999999999,1,2020
Bonos Ministerio de Hacienda,RESERVAS-R3,9.06,1,2020
Bonos Ministerio de Hacienda,BANCO_CENTRAL-R3,9.41,1,2020
Bonos Ministerio de Hacienda,FONDO_DE_SOLIDARIDAD_SOCIAL,8.690000000000001,1,2020
Bonos EIF 1,ATLÁNTICO,9.959999999999999,1,2020
Bonos EIF 1,CRECER,10.35,1,2020
Bonos EIF 1,JMMB_BDI,10.16,1,2020
Bonos EIF 1,POPULAR,9.75,1,2020
Bonos EIF 1,RESERVAS,9.969999999999999,1,2020
Bonos EIF 1,ROMANA,10,1,2020
Bonos EIF 1,SIEMBRA,9.75,1,2020
Bonos EIF 1,RESERVAS-R3,9.46,1,2020
Bonos EIF 1,BANCO_CENTRAL-R3,10,1,2020
Bonos EIF 1,FONDO_DE_SOLIDARIDAD_SOCIAL,9.959999999999999,1,2020
Certificados de Depósito EIF1,ATLÁNTICO,7.42,1,2020
Certificados de Depósito EIF1,CRECER,6.68,1,2020
Certificados de Depósito EIF1,JMMB_BDI,9.11,1,2020
Certificados de Depósito EIF1,POPULAR,2.8899999999999997,1,2020
Certificados de Depósito EIF1,RESERVAS,8.03,1,2020
Certificados de Depósito EIF1,ROMANA,8.43,1,2020
Certificados de Depósito EIF1,SIEMBRA,5.07,1,2020
Certificados de Depósito EIF1,RESERVAS-R3,7.46,1,2020
Certificados de Depósito EIF1,BANCO_CENTRAL-R3,8.92,1,2020
Certificados de Depósito EIF1,FONDO_DE_SOLIDARIDAD_SOCIAL,7.41,1,2020
Certificados Inversión Especial BCRD2,ATLÁNTICO,9.180000000000001,1,2020
Certificados Inversión Especial BCRD2,CRECER,9.120000000000001,1,2020
Certificados Inversión Especial BCRD2,JMMB_BDI,9.120000000000001,1,2020
Certificados Inversión Especial BCRD2,POPULAR,9.31,1,2020
Certificados Inversión Especial BCRD2,RESERVAS,9.27,1,2020
Certificados Inversión Especial BCRD2,ROMANA,9.17,1,2020
Certificados Inversión Especial BCRD2,SIEMBRA,9.15,1,2020
Certificados Inversión Especial BCRD2,RESERVAS-R3,9.17,1,2020
Certificados Inversión Especial BCRD2,BANCO_CENTRAL-R3,11.92,1,2020
Certificados Inversión Especial BCRD2,FONDO_DE_SOLIDARIDAD_SOCIAL,9.3,1,2020
Notas BCRD2,ATLÁNTICO,9.22,1,2020
Notas BCRD2,CRECER,9.34,1,2020
Notas BCRD2,JMMB_BDI,9.36,1,2020
Notas BCRD2,POPULAR,9.3,1,2020
Notas BCRD2,RESERVAS,9.4,1,2020
Notas BCRD2,ROMANA,9.22,1,2020
Notas BCRD2,SIEMBRA,9.35,1,2020
Notas BCRD2,RESERVAS-R3,9.180000000000001,1,2020
Notas BCRD2,BANCO_CENTRAL-R3,9.58,1,2020
Notas BCRD2,FONDO_DE_SOLIDARIDAD_SOCIAL,9.35,1,2020
Bonos Ministerio de Hacienda,ATLÁNTICO,9.39,2,2020
Bonos Ministerio de Hacienda,CRECER,8.66,2,2020
Bonos Ministerio de Hacienda,JMMB_BDI,9.41,2,2020
Bonos Ministerio de Hacienda,POPULAR,7.84,2,2020
Bonos Ministerio de Hacienda,RESERVAS,8.85,2,2020
Bonos Ministerio de Hacienda,ROMANA,9.41,2,2020
Bonos Ministerio de Hacienda,SIEMBRA,7.33,2,2020
Bonos Ministerio de Hacienda,RESERVAS-R3,9.08,2,2020
Bonos Ministerio de Hacienda,BANCO_CENTRAL-R3,9.4,2,2020
Bonos Ministerio de Hacienda,FONDO_DE_SOLIDARIDAD_SOCIAL,8.690000000000001,2,2020
Bonos EIF 1,ATLÁNTICO,9.959999999999999,2,2020
Bonos EIF 1,CRECER,10.35,2,2020
Bonos EIF 1,JMMB_BDI,10.22,2,2020
Bonos EIF 1,POPULAR,9.74,2,2020
Bonos EIF 1,RESERVAS,9.959999999999999,2,2020
Bonos EIF 1,ROMANA,10,2,2020
Bonos EIF 1,SIEMBRA,9.74,2,2020
Bonos EIF 1,RESERVAS-R3,9.45,2,2020
Bonos EIF 1,BANCO_CENTRAL-R3,10,2,2020
Bonos EIF 1,FONDO_DE_SOLIDARIDAD_SOCIAL,9.959999999999999,2,2020
Certificados de Depósito EIF1,ATLÁNTICO,5.83,2,2020
Certificados de Depósito EIF1,CRECER,6.93,2,2020
Certificados de Depósito EIF1,JMMB_BDI,8.799999999999999,2,2020
Certificados de Depósito EIF1,POPULAR,4.46,2,2020
Certificados de Depósito EIF1,RESERVAS,8.64,2,2020
Certificados de Depósito EIF1,ROMANA,8.43,2,2020
Certificados de Depósito EIF1,SIEMBRA,4.25,2,2020
Certificados de Depósito EIF1,RESERVAS-R3,7.739999999999999,2,2020
Certificados de Depósito EIF1,BANCO_CENTRAL-R3,9.07,2,2020
Certificados de Depósito EIF1,FONDO_DE_SOLIDARIDAD_SOCIAL,7.6499999999999995,2,2020
Certificados Inversión Especial BCRD2,ATLÁNTICO,9.180000000000001,2,2020
Certificados Inversión Especial BCRD2,CRECER,9.2,2,2020
Certificados Inversión Especial BCRD2,JMMB_BDI,9.120000000000001,2,2020
Certificados Inversión Especial BCRD2,POPULAR,9.3,2,2020
Certificados Inversión Especial BCRD2,RESERVAS,9.26,2,2020
Certificados Inversión Especial BCRD2,ROMANA,9.25,2,2020
Certificados Inversión Especial BCRD2,SIEMBRA,9.28,2,2020
Certificados Inversión Especial BCRD2,RESERVAS-R3,9.17,2,2020
Certificados Inversión Especial BCRD2,BANCO_CENTRAL-R3,11.93,2,2020
Certificados Inversión Especial BCRD2,FONDO_DE_SOLIDARIDAD_SOCIAL,9.3,2,2020
Notas BCRD2,ATLÁNTICO,9.2,2,2020
Notas BCRD2,CRECER,9.3,2,2020
Notas BCRD2,JMMB_BDI,9.26,2,2020
Notas BCRD2,POPULAR,9.22,2,2020
Notas BCRD2,RESERVAS,9.32,2,2020
Notas BCRD2,ROMANA,9.29,2,2020
Notas BCRD2,SIEMBRA,9.22,2,2020
Notas BCRD2,RESERVAS-R3,9.16,2,2020
Notas BCRD2,BANCO_CENTRAL-R3,9.379999999999999,2,2020
Notas BCRD2,FONDO_DE_SOLIDARIDAD_SOCIAL,9.27,2,2020
Bonos Ministerio de Hacienda,ATLÁNTICO,9.47,3,2020
Bonos Ministerio de Hacienda,CRECER,8.61,3,2020
Bonos Ministerio de Hacienda,JMMB_BDI,9.43,3,2020
Bonos Ministerio de Hacienda,POPULAR,8.18,3,2020
Bonos Ministerio de Hacienda,RESERVAS,8.83,3,2020
Bonos Ministerio de Hacienda,ROMANA,9.41,3,2020
Bonos Ministerio de Hacienda,SIEMBRA,7.61,3,2020
Bonos Ministerio de Hacienda,RESERVAS-R3,9.030000000000001,3,2020
Bonos Ministerio de Hacienda,BANCO_CENTRAL-R3,9.39,3,2020
Bonos Ministerio de Hacienda,FONDO_DE_SOLIDARIDAD_SOCIAL,8.66,3,2020
Bonos EIF 1,ATLÁNTICO,9.950000000000001,3,2020
Bonos EIF 1,CRECER,10.35,3,2020
Bonos EIF 1,JMMB_BDI,10.22,3,2020
Bonos EIF 1,POPULAR,9.78,3,2020
Bonos EIF 1,RESERVAS,9.959999999999999,3,2020
Bonos EIF 1,ROMANA,10,3,2020
Bonos EIF 1,SIEMBRA,9.78,3,2020
Bonos EIF 1,RESERVAS-R3,9.45,3,2020
Bonos EIF 1,BANCO_CENTRAL-R3,10,3,2020
Bonos EIF 1,FONDO_DE_SOLIDARIDAD_SOCIAL,9.959999999999999,3,2020
Certificados de Depósito EIF1,ATLÁNTICO,8.16,3,2020
Certificados de Depósito EIF1,CRECER,5.4,3,2020
Certificados de Depósito EIF1,JMMB_BDI,9.3,3,2020
Certificados de Depósito EIF1,POPULAR,6.02,3,2020
Certificados de Depósito EIF1,RESERVAS,8.98,3,2020
Certificados de Depósito EIF1,ROMANA,8.39,3,2020
Certificados de Depósito EIF1,SIEMBRA,5.489999999999999,3,2020
Certificados de Depósito EIF1,RESERVAS-R3,8.94,3,2020
Certificados de Depósito EIF1,BANCO_CENTRAL-R3,9.21,3,2020
Certificados de Depósito EIF1,FONDO_DE_SOLIDARIDAD_SOCIAL,8.43,3,2020
Certificados Inversión Especial BCRD2,ATLÁNTICO,9.180000000000001,3,2020
Certificados Inversión Especial BCRD2,CRECER,9.15,3,2020
Certificados Inversión Especial BCRD2,JMMB_BDI,9.13,3,2020
Certificados Inversión Especial BCRD2,POPULAR,9.3,3,2020
Certificados Inversión Especial BCRD2,RESERVAS,9.26,3,2020
Certificados Inversión Especial BCRD2,ROMANA,9.25,3,2020
Certificados Inversión Especial BCRD2,SIEMBRA,9.21,3,2020
Certificados Inversión Especial BCRD2,RESERVAS-R3,9.17,3,2020
Certificados Inversión Especial BCRD2,BANCO_CENTRAL-R3,11.92,3,2020
Certificados Inversión Especial BCRD2,FONDO_DE_SOLIDARIDAD_SOCIAL,9.3,3,2020
Notas BCRD2,ATLÁNTICO,9.24,3,2020
Notas BCRD2,CRECER,9.33,3,2020
Notas BCRD2,JMMB_BDI,9.41,3,2020
Notas BCRD2,POPULAR,9.22,3,2020
Notas BCRD2,RESERVAS,9.32,3,2020
Notas BCRD2,ROMANA,9.5,3,2020
Notas BCRD2,SIEMBRA,9.21,3,2020
Notas BCRD2,RESERVAS-R3,9.16,3,2020
Notas BCRD2,BANCO_CENTRAL-R3,9.36,3,2020
Notas BCRD2,FONDO_DE_SOLIDARIDAD_SOCIAL,9.27,3,2020
Bonos Ministerio de Hacienda,ATLÁNTICO,9.49,4,2020
Bonos Ministerio de Hacienda,CRECER,7.969999999999999,4,2020
Bonos Ministerio de Hacienda,JMMB_BDI,9.45,4,2020
Bonos Ministerio de Hacienda,POPULAR,8.08,4,2020
Bonos Ministerio de Hacienda,RESERVAS,8.790000000000001,4,2020
Bonos Ministerio de Hacienda,ROMANA,9.41,4,2020
Bonos Ministerio de Hacienda,SIEMBRA,7.51,4,2020
Bonos Ministerio de Hacienda,RESERVAS-R3,9.01,4,2020
Bonos Ministerio de Hacienda,BANCO_CENTRAL-R3,9.370000000000001,4,2020
Bonos Ministerio de Hacienda,FONDO_DE_SOLIDARIDAD_SOCIAL,8.6,4,2020
Bonos EIF 1,ATLÁNTICO,9.85,4,2020
Bonos EIF 1,CRECER,10.280000000000001,4,2020
Bonos EIF 1,JMMB_BDI,10.22,4,2020
Bonos EIF 1,POPULAR,9.67,4,2020
Bonos EIF 1,RESERVAS,9.82,4,2020
Bonos EIF 1,ROMANA,10,4,2020
Bonos EIF 1,SIEMBRA,9.71,4,2020
Bonos EIF 1,RESERVAS-R3,9.3,4,2020
Bonos EIF 1,BANCO_CENTRAL-R3,10,4,2020
Bonos EIF 1,FONDO_DE_SOLIDARIDAD_SOCIAL,9.87,4,2020
Certificados de Depósito EIF1,ATLÁNTICO,8.28,4,2020
Certificados de Depósito EIF1,CRECER,1.95,4,2020
Certificados de Depósito EIF1,JMMB_BDI,9.4,4,2020
Certificados de Depósito EIF1,POPULAR,5.47,4,2020
Certificados de Depósito EIF1,RESERVAS,8.58,4,2020
Certificados de Depósito EIF1,ROMANA,8.38,4,2020
Certificados de Depósito EIF1,SIEMBRA,2.39,4,2020
Certificados de Depósito EIF1,RESERVAS-R3,8.709999999999999,4,2020
Certificados de Depósito EIF1,BANCO_CENTRAL-R3,9.21,4,2020
Certificados de Depósito EIF1,FONDO_DE_SOLIDARIDAD_SOCIAL,7.960000000000001,4,2020
Certificados Inversión Especial BCRD2,ATLÁNTICO,9.180000000000001,4,2020
Certificados Inversión Especial BCRD2,CRECER,9.139999999999999,4,2020
Certificados Inversión Especial BCRD2,JMMB_BDI,9.120000000000001,4,2020
Certificados Inversión Especial BCRD2,POPULAR,9.3,4,2020
Certificados Inversión Especial BCRD2,RESERVAS,9.27,4,2020
Certificados Inversión Especial BCRD2,ROMANA,9.25,4,2020
Certificados Inversión Especial BCRD2,SIEMBRA,9.21,4,2020
Certificados Inversión Especial BCRD2,RESERVAS-R3,9.17,4,2020
Certificados Inversión Especial BCRD2,BANCO_CENTRAL-R3,11.92,4,2020
Certificados Inversión Especial BCRD2,FONDO_DE_SOLIDARIDAD_SOCIAL,9.3,4,2020
Notas BCRD2,ATLÁNTICO,9.24,4,2020
Notas BCRD2,CRECER,9.33,4,2020
Notas BCRD2,JMMB_BDI,9.42,4,2020
Notas BCRD2,POPULAR,9.22,4,2020
Notas BCRD2,RESERVAS,9.32,4,2020
Notas BCRD2,ROMANA,9.49,4,2020
Notas BCRD2,SIEMBRA,9.21,4,2020
Notas BCRD2,RESERVAS-R3,9.16,4,2020
Notas BCRD2,BANCO_CENTRAL-R3,9.36,4,2020
Notas BCRD2,FONDO_DE_SOLIDARIDAD_SOCIAL,9.27,4,2020
Bonos Ministerio de Hacienda,ATLÁNTICO,9.5,5,2020
Bonos Ministerio de Hacienda,CRECER,8.19,5,2020
Bonos Ministerio de Hacienda,JMMB_BDI,9.47,5,2020
Bonos Ministerio de Hacienda,POPULAR,8.290000000000001,5,2020
Bonos Ministerio de Hacienda,RESERVAS,9.06,5,2020
Bonos Ministerio de Hacienda,ROMANA,9.42,5,2020
Bonos Ministerio de Hacienda,SIEMBRA,7.870000000000001,5,2020
Bonos Ministerio de Hacienda,RESERVAS-R3,8.99,5,2020
Bonos Ministerio de Hacienda,BANCO_CENTRAL-R3,9.379999999999999,5,2020
Bonos Ministerio de Hacienda,FONDO_DE_SOLIDARIDAD_SOCIAL,7.88,5,2020
Bonos EIF 1,ATLÁNTICO,9.85,5,2020
Bonos EIF 1,CRECER,10.280000000000001,5,2020
Bonos EIF 1,JMMB_BDI,10.22,5,2020
Bonos EIF 1,POPULAR,9.67,5,2020
Bonos EIF 1,RESERVAS,9.82,5,2020
Bonos EIF 1,ROMANA,10,5,2020
Bonos EIF 1,SIEMBRA,9.71,5,2020
Bonos EIF 1,RESERVAS-R3,9.29,5,2020
Bonos EIF 1,BANCO_CENTRAL-R3,10,5,2020
Bonos EIF 1,FONDO_DE_SOLIDARIDAD_SOCIAL,9.87,5,2020
Certificados de Depósito EIF1,ATLÁNTICO,8.25,5,2020
Certificados de Depósito EIF1,CRECER,1.15,5,2020
Certificados de Depósito EIF1,JMMB_BDI,8.41,5,2020
Certificados de Depósito EIF1,POPULAR,5.4399999999999995,5,2020
Certificados de Depósito EIF1,RESERVAS,8.55,5,2020
Certificados de Depósito EIF1,ROMANA,8.38,5,2020
Certificados de Depósito EIF1,SIEMBRA,2.42,5,2020
Certificados de Depósito EIF1,RESERVAS-R3,8.260000000000002,5,2020
Certificados de Depósito EIF1,BANCO_CENTRAL-R3,9.04,5,2020
Certificados de Depósito EIF1,FONDO_DE_SOLIDARIDAD_SOCIAL,7.290000000000001,5,2020
Certificados Inversión Especial BCRD2,ATLÁNTICO,9.180000000000001,5,2020
Certificados Inversión Especial BCRD2,CRECER,9.139999999999999,5,2020
Certificados Inversión Especial BCRD2,JMMB_BDI,9.120000000000001,5,2020
Certificados Inversión Especial BCRD2,POPULAR,9.34,5,2020
Certificados Inversión Especial BCRD2,RESERVAS,9.32,5,2020
Certificados Inversión Especial BCRD2,ROMANA,9.25,5,2020
Certificados Inversión Especial BCRD2,SIEMBRA,9.3,5,2020
Certificados Inversión Especial BCRD2,RESERVAS-R3,9.17,5,2020
Certificados Inversión Especial BCRD2,BANCO_CENTRAL-R3,11.92,5,2020
Certificados Inversión Especial BCRD2,FONDO_DE_SOLIDARIDAD_SOCIAL,9.31,5,2020
Notas BCRD2,ATLÁNTICO,9.24,5,2020
Notas BCRD2,CRECER,9.36,5,2020
Notas BCRD2,JMMB_BDI,9.5,5,2020
Notas BCRD2,POPULAR,9.22,5,2020
Notas BCRD2,RESERVAS,9.22,5,2020
Notas BCRD2,ROMANA,9.71,5,2020
Notas BCRD2,SIEMBRA,9.180000000000001,5,2020
Notas BCRD2,RESERVAS-R3,9.180000000000001,5,2020
Notas BCRD2,BANCO_CENTRAL-R3,9.36,5,2020
Notas BCRD2,FONDO_DE_SOLIDARIDAD_SOCIAL,9.22,5,2020
Bonos Ministerio de Hacienda,ATLÁNTICO,9.5,6,2020
Bonos Ministerio de Hacienda,CRECER,8.74,6,2020
Bonos Ministerio de Hacienda,JMMB_BDI,9.47,6,2020
Bonos Ministerio de Hacienda,POPULAR,8.28,6,2020
Bonos Ministerio de Hacienda,RESERVAS,9.030000000000001,6,2020
Bonos Ministerio de Hacienda,ROMANA,9.42,6,2020
Bonos Ministerio de Hacienda,SIEMBRA,7.86,6,2020
Bonos Ministerio de Hacienda,RESERVAS-R3,8.99,6,2020
Bonos Ministerio de Hacienda,BANCO_CENTRAL-R3,9.379999999999999,6,2020
Bonos Ministerio de Hacienda,FONDO_DE_SOLIDARIDAD_SOCIAL,7.870000000000001,6,2020
Bonos EIF 1,ATLÁNTICO,9.85,6,2020
Bonos EIF 1,CRECER,10.280000000000001,6,2020
Bonos EIF 1,JMMB_BDI,10.22,6,2020
Bonos EIF 1,POPULAR,9.34,6,2020
Bonos EIF 1,RESERVAS,9.6,6,2020
Bonos EIF 1,ROMANA,10,6,2020
Bonos EIF 1,SIEMBRA,9.33,6,2020
Bonos EIF 1,RESERVAS-R3,8.799999999999999,6,2020
Bonos EIF 1,BANCO_CENTRAL-R3,10,6,2020
Bonos EIF 1,FONDO_DE_SOLIDARIDAD_SOCIAL,9.610000000000001,6,2020
Certificados de Depósito EIF1,ATLÁNTICO,8.35,6,2020
Certificados de Depósito EIF1,CRECER,0.27,6,2020
Certificados de Depósito EIF1,JMMB_BDI,8.18,6,2020
Certificados de Depósito EIF1,POPULAR,1.7500000000000002,6,2020
Certificados de Depósito EIF1,RESERVAS,7.4399999999999995,6,2020
Certificados de Depósito EIF1,ROMANA,8.25,6,2020
Certificados de Depósito EIF1,SIEMBRA,1.8800000000000001,6,2020
Certificados de Depósito EIF1,RESERVAS-R3,7.08,6,2020
Certificados de Depósito EIF1,BANCO_CENTRAL-R3,8.55,6,2020
Certificados de Depósito EIF1,FONDO_DE_SOLIDARIDAD_SOCIAL,6.79,6,2020
Certificados Inversión Especial BCRD2,ATLÁNTICO,9.17,6,2020
Certificados Inversión Especial BCRD2,CRECER,9.17,6,2020
Certificados Inversión Especial BCRD2,JMMB_BDI,9.120000000000001,6,2020
Certificados Inversión Especial BCRD2,POPULAR,9.34,6,2020
Certificados Inversión Especial BCRD2,RESERVAS,9.32,6,2020
Certificados Inversión Especial BCRD2,ROMANA,9.36,6,2020
Certificados Inversión Especial BCRD2,SIEMBRA,9.29,6,2020
Certificados Inversión Especial BCRD2,RESERVAS-R3,9.17,6,2020
Certificados Inversión Especial BCRD2,BANCO_CENTRAL-R3,11.91,6,2020
Certificados Inversión Especial BCRD2,FONDO_DE_SOLIDARIDAD_SOCIAL,9.31,6,2020
Notas BCRD2,ATLÁNTICO,9.25,6,2020
Notas BCRD2,CRECER,9.379999999999999,6,2020
Notas BCRD2,JMMB_BDI,9.5,6,2020
Notas BCRD2,POPULAR,9.22,6,2020
Notas BCRD2,RESERVAS,9.22,6,2020
Notas BCRD2,ROMANA,9.81,6,2020
Notas BCRD2,SIEMBRA,9.19,6,2020
Notas BCRD2,RESERVAS-R3,9.180000000000001,6,2020
Notas BCRD2,BANCO_CENTRAL-R3,9.36,6,2020
Notas BCRD2,FONDO_DE_SOLIDARIDAD_SOCIAL,9.22,6,2020
Bonos Ministerio de Hacienda,ATLÁNTICO,9.49,7,2020
Bonos Ministerio de Hacienda,CRECER,8.02,7,2020
Bonos Ministerio de Hacienda,JMMB_BDI,9.5,7,2020
Bonos Ministerio de Hacienda,POPULAR,7.7700000000000005,7,2020
Bonos Ministerio de Hacienda,RESERVAS,8.83,7,2020
Bonos Ministerio de Hacienda,ROMANA,9.41,7,2020
Bonos Ministerio de Hacienda,SIEMBRA,7.48,7,2020
Bonos Ministerio de Hacienda,RESERVAS-R3,9,7,2020
Bonos Ministerio de Hacienda,BANCO_CENTRAL-R3,9.42,7,2020
Bonos Ministerio de Hacienda,FONDO_DE_SOLIDARIDAD_SOCIAL,7.720000000000001,7,2020
Bonos EIF 1,ATLÁNTICO,9.700000000000001,7,2020
Bonos EIF 1,CRECER,10.17,7,2020
Bonos EIF 1,JMMB_BDI,10.22,7,2020
Bonos EIF 1,POPULAR,9.19,7,2020
Bonos EIF 1,RESERVAS,9.39,7,2020
Bonos EIF 1,ROMANA,10,7,2020
Bonos EIF 1,SIEMBRA,9.24,7,2020
Bonos EIF 1,RESERVAS-R3,8.58,7,2020
Bonos EIF 1,BANCO_CENTRAL-R3,10,7,2020
Bonos EIF 1,FONDO_DE_SOLIDARIDAD_SOCIAL,9.48,7,2020
Certificados de Depósito EIF1,ATLÁNTICO,8.27,7,2020
Certificados de Depósito EIF1,CRECER,0.59,7,2020
Certificados de Depósito EIF1,JMMB_BDI,8.290000000000001,7,2020
Certificados de Depósito EIF1,POPULAR,1.39,7,2020
Certificados de Depósito EIF1,RESERVAS,5.4399999999999995,7,2020
Certificados de Depósito EIF1,ROMANA,8.16,7,2020
Certificados de Depósito EIF1,SIEMBRA,1.6,7,2020
Certificados de Depósito EIF1,RESERVAS-R3,6.800000000000001,7,2020
Certificados de Depósito EIF1,BANCO_CENTRAL-R3,8.37,7,2020
Certificados de Depósito EIF1,FONDO_DE_SOLIDARIDAD_SOCIAL,7.41,7,2020
Certificados Inversión Especial BCRD2,ATLÁNTICO,9.17,7,2020
Certificados Inversión Especial BCRD2,CRECER,9.17,7,2020
Certificados Inversión Especial BCRD2,JMMB_BDI,9.13,7,2020
Certificados Inversión Especial BCRD2,POPULAR,9.35,7,2020
Certificados Inversión Especial BCRD2,RESERVAS,9.31,7,2020
Certificados Inversión Especial BCRD2,ROMANA,9.370000000000001,7,2020
Certificados Inversión Especial BCRD2,SIEMBRA,9.3,7,2020
Certificados Inversión Especial BCRD2,RESERVAS-R3,9.17,7,2020
Certificados Inversión Especial BCRD2,BANCO_CENTRAL-R3,11.92,7,2020
Certificados Inversión Especial BCRD2,FONDO_DE_SOLIDARIDAD_SOCIAL,9.31,7,2020
Notas BCRD2,ATLÁNTICO,9.34,7,2020
Notas BCRD2,CRECER,9.42,7,2020
Notas BCRD2,JMMB_BDI,9.69,7,2020
Notas BCRD2,POPULAR,9.31,7,2020
Notas BCRD2,RESERVAS,9.31,7,2020
Notas BCRD2,ROMANA,9.82,7,2020
Notas BCRD2,SIEMBRA,9.229999999999999,7,2020
Notas BCRD2,RESERVAS-R3,9.27,7,2020
Notas BCRD2,BANCO_CENTRAL-R3,9.45,7,2020
Notas BCRD2,FONDO_DE_SOLIDARIDAD_SOCIAL,9.229999999999999,7,2020
Bonos Ministerio de Hacienda,ATLÁNTICO,9.51,8,2020
Bonos Ministerio de Hacienda,CRECER,7.66,8,2020
Bonos Ministerio de Hacienda,JMMB_BDI,9.47,8,2020
Bonos Ministerio de Hacienda,POPULAR,7.53,8,2020
Bonos Ministerio de Hacienda,RESERVAS,8.559999999999999,8,2020
Bonos Ministerio de Hacienda,ROMANA,9.58,8,2020
Bonos Ministerio de Hacienda,SIEMBRA,7.380000000000001,8,2020
Bonos Ministerio de Hacienda,RESERVAS-R3,8.99,8,2020
Bonos Ministerio de Hacienda,BANCO_CENTRAL-R3,9.17,8,2020
Bonos Ministerio de Hacienda,FONDO_DE_SOLIDARIDAD_SOCIAL,7.6499999999999995,8,2020
Bonos EIF 1,ATLÁNTICO,9.700000000000001,8,2020
Bonos EIF 1,CRECER,10.17,8,2020
Bonos EIF 1,JMMB_BDI,10.22,8,2020
Bonos EIF 1,POPULAR,9.19,8,2020
Bonos EIF 1,RESERVAS,9.379999999999999,8,2020
Bonos EIF 1,ROMANA,10,8,2020
Bonos EIF 1,SIEMBRA,9.229999999999999,8,2020
Bonos EIF 1,RESERVAS-R3,8.58,8,2020
Bonos EIF 1,BANCO_CENTRAL-R3,10,8,2020
Bonos EIF 1,FONDO_DE_SOLIDARIDAD_SOCIAL,9.47,8,2020
Certificados de Depósito EIF1,ATLÁNTICO,8.129999999999999,8,2020
Certificados de Depósito EIF1,CRECER,0.38999999999999996,8,2020
Certificados de Depósito EIF1,JMMB_BDI,7.9399999999999995,8,2020
Certificados de Depósito EIF1,POPULAR,3,8,2020
Certificados de Depósito EIF1,RESERVAS,6.2700000000000005,8,2020
Certificados de Depósito EIF1,ROMANA,8.16,8,2020
Certificados de Depósito EIF1,SIEMBRA,0.8099999999999999,8,2020
Certificados de Depósito EIF1,RESERVAS-R3,6.29,8,2020
Certificados de Depósito EIF1,BANCO_CENTRAL-R3,7.91,8,2020
Certificados de Depósito EIF1,FONDO_DE_SOLIDARIDAD_SOCIAL,6.68,8,2020
Certificados Inversión Especial BCRD2,ATLÁNTICO,9.180000000000001,8,2020
Certificados Inversión Especial BCRD2,CRECER,9.2,8,2020
Certificados Inversión Especial BCRD2,JMMB_BDI,9.2,8,2020
Certificados Inversión Especial BCRD2,POPULAR,9.34,8,2020
Certificados Inversión Especial BCRD2,RESERVAS,9.31,8,2020
Certificados Inversión Especial BCRD2,ROMANA,9.379999999999999,8,2020
Certificados Inversión Especial BCRD2,SIEMBRA,9.32,8,2020
Certificados Inversión Especial BCRD2,RESERVAS-R3,9.17,8,2020
Certificados Inversión Especial BCRD2,BANCO_CENTRAL-R3,11.940000000000001,8,2020
Certificados Inversión Especial BCRD2,FONDO_DE_SOLIDARIDAD_SOCIAL,9.31,8,2020
Notas BCRD2,ATLÁNTICO,9.29,8,2020
Notas BCRD2,CRECER,9.42,8,2020
Notas BCRD2,JMMB_BDI,9.54,8,2020
Notas BCRD2,POPULAR,9.16,8,2020
Notas BCRD2,RESERVAS,9.31,8,2020
Notas BCRD2,ROMANA,9.82,8,2020
Notas BCRD2,SIEMBRA,9.229999999999999,8,2020
Notas BCRD2,RESERVAS-R3,9.09,8,2020
Notas BCRD2,BANCO_CENTRAL-R3,9.45,8,2020
Notas BCRD2,FONDO_DE_SOLIDARIDAD_SOCIAL,9.229999999999999,8,2020
Bonos Ministerio de Hacienda,ATLÁNTICO,9.45,9,2020
Bonos Ministerio de Hacienda,CRECER,7.5600000000000005,9,2020
Bonos Ministerio de Hacienda,JMMB_BDI,9.25,9,2020
Bonos Ministerio de Hacienda,POPULAR,7.470000000000001,9,2020
Bonos Ministerio de Hacienda,RESERVAS,8.4,9,2020
Bonos Ministerio de Hacienda,ROMANA,9.67,9,2020
Bonos Ministerio de Hacienda,SIEMBRA,7.32,9,2020
Bonos Ministerio de Hacienda,RESERVAS-R3,8.5,9,2020
Bonos Ministerio de Hacienda,BANCO_CENTRAL-R3,8.09,9,2020
Bonos Ministerio de Hacienda,FONDO_DE_SOLIDARIDAD_SOCIAL,7.59,9,2020
Bonos EIF 1,ATLÁNTICO,9.700000000000001,9,2020
Bonos EIF 1,CRECER,10.17,9,2020
Bonos EIF 1,JMMB_BDI,10.22,9,2020
Bonos EIF 1,POPULAR,9.180000000000001,9,2020
Bonos EIF 1,RESERVAS,9.379999999999999,9,2020
Bonos EIF 1,ROMANA,10,9,2020
Bonos EIF 1,SIEMBRA,9.229999999999999,9,2020
Bonos EIF 1,RESERVAS-R3,8.59,9,2020
Bonos EIF 1,BANCO_CENTRAL-R3,10,9,2020
Bonos EIF 1,FONDO_DE_SOLIDARIDAD_SOCIAL,9.47,9,2020
Certificados de Depósito EIF1,ATLÁNTICO,6.21,9,2020
Certificados de Depósito EIF1,CRECER,0.5,9,2020
Certificados de Depósito EIF1,JMMB_BDI,7.7299999999999995,9,2020
Certificados de Depósito EIF1,POPULAR,1.9800000000000002,9,2020
Certificados de Depósito EIF1,RESERVAS,5.76,9,2020
Certificados de Depósito EIF1,ROMANA,7.99,9,2020
Certificados de Depósito EIF1,SIEMBRA,1.8800000000000001,9,2020
Certificados de Depósito EIF1,RESERVAS-R3,4.52,9,2020
Certificados de Depósito EIF1,BANCO_CENTRAL-R3,7.46,9,2020
Certificados de Depósito EIF1,FONDO_DE_SOLIDARIDAD_SOCIAL,3.4099999999999997,9,2020
Certificados Inversión Especial BCRD2,ATLÁNTICO,9.180000000000001,9,2020
Certificados Inversión Especial BCRD2,CRECER,9.2,9,2020
Certificados Inversión Especial BCRD2,JMMB_BDI,9.21,9,2020
Certificados Inversión Especial BCRD2,POPULAR,9.34,9,2020
Certificados Inversión Especial BCRD2,RESERVAS,9.31,9,2020
Certificados Inversión Especial BCRD2,ROMANA,9.370000000000001,9,2020
Certificados Inversión Especial BCRD2,SIEMBRA,9.32,9,2020
Certificados Inversión Especial BCRD2,RESERVAS-R3,9.17,9,2020
Certificados Inversión Especial BCRD2,BANCO_CENTRAL-R3,11.93,9,2020
Certificados Inversión Especial BCRD2,FONDO_DE_SOLIDARIDAD_SOCIAL,9.31,9,2020
Notas BCRD2,ATLÁNTICO,9.42,9,2020
Notas BCRD2,CRECER,9.25,9,2020
Notas BCRD2,JMMB_BDI,9.34,9,2020
Notas BCRD2,POPULAR,9.120000000000001,9,2020
Notas BCRD2,RESERVAS,9.120000000000001,9,2020
Notas BCRD2,ROMANA,9.83,9,2020
Notas BCRD2,SIEMBRA,9.229999999999999,9,2020
Notas BCRD2,RESERVAS-R3,9.06,9,2020
Notas BCRD2,BANCO_CENTRAL-R3,9.21,9,2020
Notas BCRD2,FONDO_DE_SOLIDARIDAD_SOCIAL,9.15,9,2020
Bonos Ministerio de Hacienda,ATLÁNTICO,8.739127207460804,1,2021
Bonos Ministerio de Hacienda,CRECER,6.64052561696238,1,2021
Bonos Ministerio de Hacienda,JMMB_BDI,8.887845775363065,1,2021
Bonos Ministerio de Hacienda,POPULAR,6.765440963500591,1,2021
Bonos Ministerio de Hacienda,RESERVAS,7.568033470165967,1,2021
Bonos Ministerio de Hacienda,ROMANA,9.618438041780749,1,2021
Bonos Ministerio de Hacienda,SIEMBRA,6.802627240472823,1,2021
Bonos Ministerio de Hacienda,RESERVAS-R3,7.99094153216813,1,2021
Bonos Ministerio de Hacienda,BANCO_CENTRAL-R3,7.4173304827831315,1,2021
Bonos Ministerio de Hacienda,FONDO_DE_SOLIDARIDAD_SOCIAL,7.005684234105734,1,2021
Bonos EIF 1,ATLÁNTICO,9.460545250661628,1,2021
Bonos EIF 1,CRECER,9.93127950912076,1,2021
Bonos EIF 1,JMMB_BDI,10.21979853899953,1,2021
Bonos EIF 1,POPULAR,8.416363328972468,1,2021
Bonos EIF 1,RESERVAS,8.684560779237197,1,2021
Bonos EIF 1,ROMANA,10,1,2021
Bonos EIF 1,SIEMBRA,8.47714396697501,1,2021
Bonos EIF 1,RESERVAS-R3,7.379812092053867,1,2021
Bonos EIF 1,BANCO_CENTRAL-R3,10,1,2021
Bonos EIF 1,FONDO_DE_SOLIDARIDAD_SOCIAL,8.83616181631813,1,2021
Certificados de Depósito EIF1,ATLÁNTICO,3.368557671588568,1,2021
Certificados de Depósito EIF1,CRECER,0.02738701449850117,1,2021
Certificados de Depósito EIF1,JMMB_BDI,3.3819771777941385,1,2021
Certificados de Depósito EIF1,POPULAR,1.1051687176148102,1,2021
Certificados de Depósito EIF1,RESERVAS,0.6448383070185532,1,2021
Certificados de Depósito EIF1,ROMANA,7.305488829790563,1,2021
Certificados de Depósito EIF1,SIEMBRA,0.35917565393109163,1,2021
Certificados de Depósito EIF1,RESERVAS-R3,1.802065692703021,1,2021
Certificados de Depósito EIF1,BANCO_CENTRAL-R3,4.960223039888625,1,2021
Certificados de Depósito EIF1,FONDO_DE_SOLIDARIDAD_SOCIAL,1.9695426785658054,1,2021
Certificados Inversión Especial BCRD2,ATLÁNTICO,8.667900540106494,1,2021
Certificados Inversión Especial BCRD2,CRECER,8.640800285894489,1,2021
Certificados Inversión Especial BCRD2,JMMB_BDI,8.536772224509187,1,2021
Certificados Inversión Especial BCRD2,POPULAR,8.619057485709208,1,2021
Certificados Inversión Especial BCRD2,RESERVAS,8.772916899505805,1,2021
Certificados Inversión Especial BCRD2,ROMANA,8.02412014679895,1,2021
Certificados Inversión Especial BCRD2,SIEMBRA,9.233756004562332,1,2021
Certificados Inversión Especial BCRD2,RESERVAS-R3,9.173499431642295,1,2021
Certificados Inversión Especial BCRD2,BANCO_CENTRAL-R3,12.133153465942092,1,2021
Certificados Inversión Especial BCRD2,FONDO_DE_SOLIDARIDAD_SOCIAL,9.08319269663765,1,2021
Letras BCRD,ATLÁNTICO,0,1,2021
Letras BCRD,CRECER,6.3910539220766855,1,2021
Letras BCRD,JMMB_BDI,6.262309032990425,1,2021
Letras BCRD,POPULAR,NA,1,2021
Letras BCRD,RESERVAS,NA,1,2021
Letras BCRD,ROMANA,0,1,2021
Letras BCRD,SIEMBRA,6.48089676573312,1,2021
Letras BCRD,RESERVAS-R3,0,1,2021
Letras BCRD,BANCO_CENTRAL-R3,6.679848066666483,1,2021
Letras BCRD,FONDO_DE_SOLIDARIDAD_SOCIAL,0,1,2021
Notas BCRD2,ATLÁNTICO,7.929833155584341,1,2021
Notas BCRD2,CRECER,8.086661245214225,1,2021
Notas BCRD2,JMMB_BDI,8.436568650652669,1,2021
Notas BCRD2,POPULAR,8.518952548742433,1,2021
Notas BCRD2,RESERVAS,8.545545986765601,1,2021
Notas BCRD2,ROMANA,8.351385865382003,1,2021
Notas BCRD2,SIEMBRA,8.313639207334466,1,2021
Notas BCRD2,RESERVAS-R3,8.605437976918928,1,2021
Notas BCRD2,BANCO_CENTRAL-R3,8.389945806646235,1,2021
Notas BCRD2,FONDO_DE_SOLIDARIDAD_SOCIAL,8.65357846447519,1,2021
Bonos Ministerio de Hacienda,ATLÁNTICO,7.62,2,2021
Bonos Ministerio de Hacienda,CRECER,6.1490335256704,2,2021
Bonos Ministerio de Hacienda,JMMB_BDI,8.49,2,2021
Bonos Ministerio de Hacienda,POPULAR,6.45,2,2021
Bonos Ministerio de Hacienda,RESERVAS,7.298078727720254,2,2021
Bonos Ministerio de Hacienda,ROMANA,8.58,2,2021
Bonos Ministerio de Hacienda,SIEMBRA,6.12,2,2021
Bonos Ministerio de Hacienda,RESERVAS-R3,7.340000000000001,2,2021
Bonos Ministerio de Hacienda,BANCO_CENTRAL-R3,7.07468113397142,2,2021
Bonos Ministerio de Hacienda,FONDO_DE_SOLIDARIDAD_SOCIAL,6.569999999999999,2,2021
Bonos EIF 1,ATLÁNTICO,9.51,2,2021
Bonos EIF 1,CRECER,9.923574177404728,2,2021
Bonos EIF 1,JMMB_BDI,10.22,2,2021
Bonos EIF 1,POPULAR,8.41,2,2021
Bonos EIF 1,RESERVAS,8.672702436172768,2,2021
Bonos EIF 1,ROMANA,10,2,2021
Bonos EIF 1,SIEMBRA,8.469999999999999,2,2021
Bonos EIF 1,RESERVAS-R3,7.380000000000001,2,2021
Bonos EIF 1,BANCO_CENTRAL-R3,10,2,2021
Bonos EIF 1,FONDO_DE_SOLIDARIDAD_SOCIAL,8.82,2,2021
Certificados de Depósito EIF1,ATLÁNTICO,3.6799999999999997,2,2021
Certificados de Depósito EIF1,CRECER,0.5228117614181981,2,2021
Certificados de Depósito EIF1,JMMB_BDI,3.4299999999999997,2,2021
Certificados de Depósito EIF1,POPULAR,0.97,2,2021
Certificados de Depósito EIF1,RESERVAS,0.6427158613637952,2,2021
Certificados de Depósito EIF1,ROMANA,7.12,2,2021
Certificados de Depósito EIF1,SIEMBRA,1.34,2,2021
Certificados de Depósito EIF1,RESERVAS-R3,3.25,2,2021
Certificados de Depósito EIF1,BANCO_CENTRAL-R3,5.017546611688597,2,2021
Certificados de Depósito EIF1,FONDO_DE_SOLIDARIDAD_SOCIAL,2.17,2,2021
Certificados Inversión Especial BCRD2,ATLÁNTICO,8.64,2,2021
Certificados Inversión Especial BCRD2,CRECER,8.633442421818053,2,2021
Certificados Inversión Especial BCRD2,JMMB_BDI,8.540000000000001,2,2021
Certificados Inversión Especial BCRD2,POPULAR,8.61,2,2021
Certificados Inversión Especial BCRD2,RESERVAS,8.7716927336964865,2,2021
Certificados Inversión Especial BCRD2,ROMANA,8.02,2,2021
Certificados Inversión Especial BCRD2,SIEMBRA,9.229999999999999,2,2021
Certificados Inversión Especial BCRD2,RESERVAS-R3,8.92,2,2021
Certificados Inversión Especial BCRD2,BANCO_CENTRAL-R3,12.149446028711914,2,2021
Certificados Inversión Especial BCRD2,FONDO_DE_SOLIDARIDAD_SOCIAL,9.08,2,2021
Letras BCRD,ATLÁNTICO,0,2,2021
Letras BCRD,CRECER,6.719533466213118,2,2021
Letras BCRD,JMMB_BDI,6.3100000000000005,2,2021
Letras BCRD,POPULAR,6.16,2,2021
Letras BCRD,RESERVAS,NA,2,2021
Letras BCRD,ROMANA,0,2,2021
Letras BCRD,SIEMBRA,6.529999999999999,2,2021
Letras BCRD,RESERVAS-R3,0,2,2021
Letras BCRD,BANCO_CENTRAL-R3,6.573369102403887,2,2021
Letras BCRD,FONDO_DE_SOLIDARIDAD_SOCIAL,0,2,2021
Notas BCRD2,ATLÁNTICO,7.64,2,2021
Notas BCRD2,CRECER,7.696276240132194,2,2021
Notas BCRD2,JMMB_BDI,8.06,2,2021
Notas BCRD2,POPULAR,8.129999999999999,2,2021
Notas BCRD2,RESERVAS,7.985462013952501,2,2021
Notas BCRD2,ROMANA,7.89,2,2021
Notas BCRD2,SIEMBRA,7.7299999999999995,2,2021
Notas BCRD2,RESERVAS-R3,8.309999999999999,2,2021
Notas BCRD2,BANCO_CENTRAL-R3,7.833831128566226,2,2021
Notas BCRD2,FONDO_DE_SOLIDARIDAD_SOCIAL,8.23,2,2021
Bonos Ministerio de Hacienda,ATLÁNTICO,7.340000000000001,3,2021
Bonos Ministerio de Hacienda,CRECER,5.845240251825605,3,2021
Bonos Ministerio de Hacienda,JMMB_BDI,7.68,3,2021
Bonos Ministerio de Hacienda,POPULAR,6.13,3,2021
Bonos Ministerio de Hacienda,RESERVAS,5.75,3,2021
Bonos Ministerio de Hacienda,ROMANA,8.12,3,2021
Bonos Ministerio de Hacienda,SIEMBRA,5.8999999999999995,3,2021
Bonos Ministerio de Hacienda,RESERVAS-R3,7.26,3,2021
Bonos Ministerio de Hacienda,BANCO_CENTRAL-R3,6.550000000000001,3,2021
Bonos Ministerio de Hacienda,FONDO_DE_SOLIDARIDAD_SOCIAL,6.59,3,2021
Bonos EIF 1,ATLÁNTICO,9.5,3,2021
Bonos EIF 1,CRECER,9.92,3,2021
Bonos EIF 1,JMMB_BDI,10.22,3,2021
Bonos EIF 1,POPULAR,8.4,3,2021
Bonos EIF 1,RESERVAS,8.67,3,2021
Bonos EIF 1,ROMANA,10,3,2021
Bonos EIF 1,SIEMBRA,8.459999999999999,3,2021
Bonos EIF 1,RESERVAS-R3,7.380000000000001,3,2021
Bonos EIF 1,BANCO_CENTRAL-R3,10,3,2021
Bonos EIF 1,FONDO_DE_SOLIDARIDAD_SOCIAL,8.82,3,2021
Certificados de Depósito EIF1,ATLÁNTICO,2.91,3,2021
Certificados de Depósito EIF1,CRECER,0.5599999999999999,3,2021
Certificados de Depósito EIF1,JMMB_BDI,5.01,3,2021
Certificados de Depósito EIF1,POPULAR,1.16,3,2021
Certificados de Depósito EIF1,RESERVAS,0.45999999999999996,3,2021
Certificados de Depósito EIF1,ROMANA,6.87,3,2021
Certificados de Depósito EIF1,SIEMBRA,3.44,3,2021
Certificados de Depósito EIF1,RESERVAS-R3,1.55,3,2021
Certificados de Depósito EIF1,BANCO_CENTRAL-R3,4.9799999999999995,3,2021
Certificados de Depósito EIF1,FONDO_DE_SOLIDARIDAD_SOCIAL,2.83,3,2021
Certificados Inversión Especial BCRD2,ATLÁNTICO,8.64,3,2021
Certificados Inversión Especial BCRD2,CRECER,8.63,3,2021
Certificados Inversión Especial BCRD2,JMMB_BDI,8.540000000000001,3,2021
Certificados Inversión Especial BCRD2,POPULAR,8.62,3,2021
Certificados Inversión Especial BCRD2,RESERVAS,8.77,3,2021
Certificados Inversión Especial BCRD2,ROMANA,8.02,3,2021
Certificados Inversión Especial BCRD2,SIEMBRA,9.229999999999999,3,2021
Certificados Inversión Especial BCRD2,RESERVAS-R3,8.92,3,2021
Certificados Inversión Especial BCRD2,BANCO_CENTRAL-R3,12.139999999999999,3,2021
Certificados Inversión Especial BCRD2,FONDO_DE_SOLIDARIDAD_SOCIAL,9.08,3,2021
Letras BCRD,ATLÁNTICO,0,3,2021
Letras BCRD,CRECER,6.76,3,2021
Letras BCRD,JMMB_BDI,6.05,3,2021
Letras BCRD,POPULAR,6.1899999999999995,3,2021
Letras BCRD,RESERVAS,6.13,3,2021
Letras BCRD,ROMANA,0,3,2021
Letras BCRD,SIEMBRA,6.41,3,2021
Letras BCRD,RESERVAS-R3,6.13,3,2021
Letras BCRD,BANCO_CENTRAL-R3,6.41,3,2021
Letras BCRD,FONDO_DE_SOLIDARIDAD_SOCIAL,6.13,3,2021
Notas BCRD2,ATLÁNTICO,7.66,3,2021
Notas BCRD2,CRECER,7.720000000000001,3,2021
Notas BCRD2,JMMB_BDI,8.07,3,2021
Notas BCRD2,POPULAR,8.129999999999999,3,2021
Notas BCRD2,RESERVAS,8.01,3,2021
Notas BCRD2,ROMANA,7.82,3,2021
Notas BCRD2,SIEMBRA,7.739999999999999,3,2021
Notas BCRD2,RESERVAS-R3,8.21,3,2021
Notas BCRD2,BANCO_CENTRAL-R3,7.829999999999999,3,2021
Notas BCRD2,FONDO_DE_SOLIDARIDAD_SOCIAL,8.23,3,2021
Bonos Ministerio de Hacienda,ATLÁNTICO,7.3999999999999995,4,2021
Bonos Ministerio de Hacienda,CRECER,5.923312046275372,4,2021
Bonos Ministerio de Hacienda,JMMB_BDI,7.6499999999999995,4,2021
Bonos Ministerio de Hacienda,POPULAR,6.17,4,2021
Bonos Ministerio de Hacienda,RESERVAS,5.75,4,2021
Bonos Ministerio de Hacienda,ROMANA,8.12,4,2021
Bonos Ministerio de Hacienda,SIEMBRA,5.91,4,2021
Bonos Ministerio de Hacienda,RESERVAS-R3,7.26,4,2021
Bonos Ministerio de Hacienda,BANCO_CENTRAL-R3,6.566867230603525,4,2021
Bonos Ministerio de Hacienda,FONDO_DE_SOLIDARIDAD_SOCIAL,6.6000000000000005,4,2021
Bonos EIF 1,ATLÁNTICO,10.09,4,2021
Bonos EIF 1,CRECER,9.91,4,2021
Bonos EIF 1,JMMB_BDI,10.22,4,2021
Bonos EIF 1,POPULAR,8.35,4,2021
Bonos EIF 1,RESERVAS,8.63,4,2021
Bonos EIF 1,ROMANA,10,4,2021
Bonos EIF 1,SIEMBRA,8.44,4,2021
Bonos EIF 1,RESERVAS-R3,7.3,4,2021
Bonos EIF 1,BANCO_CENTRAL-R3,10,4,2021
Bonos EIF 1,FONDO_DE_SOLIDARIDAD_SOCIAL,8.780000000000001,4,2021
Certificados de Depósito EIF1,ATLÁNTICO,3.26,4,2021
Certificados de Depósito EIF1,CRECER,0.58,4,2021
Certificados de Depósito EIF1,JMMB_BDI,5.029999999999999,4,2021
Certificados de Depósito EIF1,POPULAR,0.58,4,2021
Certificados de Depósito EIF1,RESERVAS,0.44,4,2021
Certificados de Depósito EIF1,ROMANA,6.859999999999999,4,2021
Certificados de Depósito EIF1,SIEMBRA,3.49,4,2021
Certificados de Depósito EIF1,RESERVAS-R3,2.71,4,2021
Certificados de Depósito EIF1,BANCO_CENTRAL-R3,4.83,4,2021
Certificados de Depósito EIF1,FONDO_DE_SOLIDARIDAD_SOCIAL,1.46,4,2021
Certificados Inversión Especial BCRD2,ATLÁNTICO,8.57,4,2021
Certificados Inversión Especial BCRD2,CRECER,8.799999999999999,4,2021
Certificados Inversión Especial BCRD2,JMMB_BDI,8.540000000000001,4,2021
Certificados Inversión Especial BCRD2,POPULAR,8.68,4,2021
Certificados Inversión Especial BCRD2,RESERVAS,8.780000000000001,4,2021
Certificados Inversión Especial BCRD2,ROMANA,8.02,4,2021
Certificados Inversión Especial BCRD2,SIEMBRA,9.25,4,2021
Certificados Inversión Especial BCRD2,RESERVAS-R3,8.93,4,2021
Certificados Inversión Especial BCRD2,BANCO_CENTRAL-R3,12.139999999999999,4,2021
Certificados Inversión Especial BCRD2,FONDO_DE_SOLIDARIDAD_SOCIAL,9.09,4,2021
Letras BCRD,ATLÁNTICO,NA,4,2021
Letras BCRD,CRECER,6.77,4,2021
Letras BCRD,JMMB_BDI,5.59,4,2021
Letras BCRD,POPULAR,6.12,4,2021
Letras BCRD,RESERVAS,5.56,4,2021
Letras BCRD,ROMANA,NA,4,2021
Letras BCRD,SIEMBRA,6.3,4,2021
Letras BCRD,RESERVAS-R3,5.56,4,2021
Letras BCRD,BANCO_CENTRAL-R3,6.29,4,2021
Letras BCRD,FONDO_DE_SOLIDARIDAD_SOCIAL,5.56,4,2021
Notas BCRD2,ATLÁNTICO,7.66,4,2021
Notas BCRD2,CRECER,7.720000000000001,4,2021
Notas BCRD2,JMMB_BDI,7.9799999999999995,4,2021
Notas BCRD2,POPULAR,8.02,4,2021
Notas BCRD2,RESERVAS,7.91,4,2021
Notas BCRD2,ROMANA,7.8,4,2021
Notas BCRD2,SIEMBRA,7.75,4,2021
Notas BCRD2,RESERVAS-R3,7.93,4,2021
Notas BCRD2,BANCO_CENTRAL-R3,7.84,4,2021
Notas BCRD2,FONDO_DE_SOLIDARIDAD_SOCIAL,8.08,4,2021
Bonos Ministerio de Hacienda,ATLÁNTICO,7.51,5,2021
Bonos Ministerio de Hacienda,CRECER,5.9799999999999995,5,2021
Bonos Ministerio de Hacienda,JMMB_BDI,7.6499999999999995,5,2021
Bonos Ministerio de Hacienda,POPULAR,6.140000000000001,5,2021
Bonos Ministerio de Hacienda,RESERVAS,5.72,5,2021
Bonos Ministerio de Hacienda,ROMANA,8.14,5,2021
Bonos Ministerio de Hacienda,SIEMBRA,6.04,5,2021
Bonos Ministerio de Hacienda,RESERVAS-R3,7.26,5,2021
Bonos Ministerio de Hacienda,BANCO_CENTRAL-R3,6.61,5,2021
Bonos Ministerio de Hacienda,FONDO_DE_SOLIDARIDAD_SOCIAL,6.75,5,2021
Bonos EIF 1,ATLÁNTICO,10.42,5,2021
Bonos EIF 1,CRECER,9.92,5,2021
Bonos EIF 1,JMMB_BDI,10.22,5,2021
Bonos EIF 1,POPULAR,8.34,5,2021
Bonos EIF 1,RESERVAS,8.62,5,2021
Bonos EIF 1,ROMANA,10,5,2021
Bonos EIF 1,SIEMBRA,8.43,5,2021
Bonos EIF 1,RESERVAS-R3,7.2700000000000005,5,2021
Bonos EIF 1,BANCO_CENTRAL-R3,10,5,2021
Bonos EIF 1,FONDO_DE_SOLIDARIDAD_SOCIAL,8.77,5,2021
Certificados de Depósito EIF1,ATLÁNTICO,3.61,5,2021
Certificados de Depósito EIF1,CRECER,0.5499999999999999,5,2021
Certificados de Depósito EIF1,JMMB_BDI,4.72,5,2021
Certificados de Depósito EIF1,POPULAR,0.75,5,2021
Certificados de Depósito EIF1,RESERVAS,0.52,5,2021
Certificados de Depósito EIF1,ROMANA,6.8500000000000005,5,2021
Certificados de Depósito EIF1,SIEMBRA,1.13,5,2021
Certificados de Depósito EIF1,RESERVAS-R3,1.22,5,2021
Certificados de Depósito EIF1,BANCO_CENTRAL-R3,4.12,5,2021
Certificados de Depósito EIF1,FONDO_DE_SOLIDARIDAD_SOCIAL,0.47000000000000003,5,2021
Certificados Inversión Especial BCRD2,ATLÁNTICO,7.85,5,2021
Certificados Inversión Especial BCRD2,CRECER,7.57,5,2021
Certificados Inversión Especial BCRD2,JMMB_BDI,7.62,5,2021
Certificados Inversión Especial BCRD2,POPULAR,7.19,5,2021
Certificados Inversión Especial BCRD2,RESERVAS,7.430000000000001,5,2021
Certificados Inversión Especial BCRD2,ROMANA,7.380000000000001,5,2021
Certificados Inversión Especial BCRD2,SIEMBRA,7.1499999999999995,5,2021
Certificados Inversión Especial BCRD2,RESERVAS-R3,7.3,5,2021
Certificados Inversión Especial BCRD2,BANCO_CENTRAL-R3,11.77,5,2021
Certificados Inversión Especial BCRD2,FONDO_DE_SOLIDARIDAD_SOCIAL,7.76,5,2021
Letras BCRD,ATLÁNTICO,NA,5,2021
Letras BCRD,CRECER,6.22,5,2021
Letras BCRD,JMMB_BDI,4.79,5,2021
Letras BCRD,POPULAR,5.319999999999999,5,2021
Letras BCRD,RESERVAS,4.87,5,2021
Letras BCRD,ROMANA,NA,5,2021
Letras BCRD,SIEMBRA,5.88,5,2021
Letras BCRD,RESERVAS-R3,4.44,5,2021
Letras BCRD,BANCO_CENTRAL-R3,5.489999999999999,5,2021
Letras BCRD,FONDO_DE_SOLIDARIDAD_SOCIAL,5.04,5,2021
Notas BCRD2,ATLÁNTICO,7.19,5,2021
Notas BCRD2,CRECER,7.22,5,2021
Notas BCRD2,JMMB_BDI,7.380000000000001,5,2021
Notas BCRD2,POPULAR,7.6,5,2021
Notas BCRD2,RESERVAS,7.21,5,2021
Notas BCRD2,ROMANA,7.489999999999999,5,2021
Notas BCRD2,SIEMBRA,7.340000000000001,5,2021
Notas BCRD2,RESERVAS-R3,7.380000000000001,5,2021
Notas BCRD2,BANCO_CENTRAL-R3,7.670000000000001,5,2021
Notas BCRD2,FONDO_DE_SOLIDARIDAD_SOCIAL,7.739999999999999,5,2021
Bonos Ministerio de Hacienda,ATLÁNTICO,7.28,6,2021
Bonos Ministerio de Hacienda,CRECER,6.3,6,2021
Bonos Ministerio de Hacienda,JMMB_BDI,7.26,6,2021
Bonos Ministerio de Hacienda,POPULAR,6.3,6,2021
Bonos Ministerio de Hacienda,RESERVAS,7.1499999999999995,6,2021
Bonos Ministerio de Hacienda,ROMANA,7.88,6,2021
Bonos Ministerio de Hacienda,SIEMBRA,5.800000000000001,6,2021
Bonos Ministerio de Hacienda,RESERVAS-R3,6.819999999999999,6,2021
Bonos Ministerio de Hacienda,BANCO_CENTRAL-R3,6.29,6,2021
Bonos Ministerio de Hacienda,FONDO_DE_SOLIDARIDAD_SOCIAL,6.59,6,2021
Bonos EIF 1,ATLÁNTICO,10.42,6,2021
Bonos EIF 1,CRECER,9.92,6,2021
Bonos EIF 1,JMMB_BDI,10.22,6,2021
Bonos EIF 1,POPULAR,8.36,6,2021
Bonos EIF 1,RESERVAS,8.64,6,2021
Bonos EIF 1,ROMANA,10,6,2021
Bonos EIF 1,SIEMBRA,8.450000000000001,6,2021
Bonos EIF 1,RESERVAS-R3,7.290000000000001,6,2021
Bonos EIF 1,BANCO_CENTRAL-R3,10,6,2021
Bonos EIF 1,FONDO_DE_SOLIDARIDAD_SOCIAL,8.790000000000001,6,2021
Certificados de Depósito EIF1,ATLÁNTICO,3.49,6,2021
Certificados de Depósito EIF1,CRECER,0.18,6,2021
Certificados de Depósito EIF1,JMMB_BDI,5.42,6,2021
Certificados de Depósito EIF1,POPULAR,0.43,6,2021
Certificados de Depósito EIF1,RESERVAS,0.58,6,2021
Certificados de Depósito EIF1,ROMANA,6.87,6,2021
Certificados de Depósito EIF1,SIEMBRA,2.87,6,2021
Certificados de Depósito EIF1,RESERVAS-R3,1.9300000000000002,6,2021
Certificados de Depósito EIF1,BANCO_CENTRAL-R3,4.92,6,2021
Certificados de Depósito EIF1,FONDO_DE_SOLIDARIDAD_SOCIAL,0.31,6,2021
Certificados Inversión Especial BCRD2,ATLÁNTICO,7.68,6,2021
Certificados Inversión Especial BCRD2,CRECER,7.1499999999999995,6,2021
Certificados Inversión Especial BCRD2,JMMB_BDI,7.39,6,2021
Certificados Inversión Especial BCRD2,POPULAR,6.98,6,2021
Certificados Inversión Especial BCRD2,RESERVAS,6.7299999999999995,6,2021
Certificados Inversión Especial BCRD2,ROMANA,7.16,6,2021
Certificados Inversión Especial BCRD2,SIEMBRA,6.550000000000001,6,2021
Certificados Inversión Especial BCRD2,RESERVAS-R3,6.92,6,2021
Certificados Inversión Especial BCRD2,BANCO_CENTRAL-R3,11.55,6,2021
Certificados Inversión Especial BCRD2,FONDO_DE_SOLIDARIDAD_SOCIAL,6.950000000000001,6,2021
Letras BCRD,ATLÁNTICO,0,6,2021
Letras BCRD,CRECER,5.3,6,2021
Letras BCRD,JMMB_BDI,4.36,6,2021
Letras BCRD,POPULAR,4.569999999999999,6,2021
Letras BCRD,RESERVAS,3.88,6,2021
Letras BCRD,ROMANA,0,6,2021
Letras BCRD,SIEMBRA,5.18,6,2021
Letras BCRD,RESERVAS-R3,4.44,6,2021
Letras BCRD,BANCO_CENTRAL-R3,5.18,6,2021
Letras BCRD,FONDO_DE_SOLIDARIDAD_SOCIAL,3.66,6,2021
Notas BCRD2,ATLÁNTICO,6.7299999999999995,6,2021
Notas BCRD2,CRECER,6.76,6,2021
Notas BCRD2,JMMB_BDI,6.99,6,2021
Notas BCRD2,POPULAR,7.249999999999999,6,2021
Notas BCRD2,RESERVAS,6.81,6,2021
Notas BCRD2,ROMANA,7.1499999999999995,6,2021
Notas BCRD2,SIEMBRA,6.550000000000001,6,2021
Notas BCRD2,RESERVAS-R3,7.01,6,2021
Notas BCRD2,BANCO_CENTRAL-R3,7.28,6,2021
Notas BCRD2,FONDO_DE_SOLIDARIDAD_SOCIAL,7.3999999999999995,6,2021
Bonos Ministerio de Hacienda,ATLÁNTICO,6.97,7,2021
Bonos Ministerio de Hacienda,CRECER,6.239999999999999,7,2021
Bonos Ministerio de Hacienda,JMMB_BDI,6.84,7,2021
Bonos Ministerio de Hacienda,POPULAR,6.2700000000000005,7,2021
Bonos Ministerio de Hacienda,RESERVAS,7.02,7,2021
Bonos Ministerio de Hacienda,ROMANA,7.4399999999999995,7,2021
Bonos Ministerio de Hacienda,SIEMBRA,5.6899999999999995,7,2021
Bonos Ministerio de Hacienda,RESERVAS-R3,6.69,7,2021
Bonos Ministerio de Hacienda,BANCO_CENTRAL-R3,6.13,7,2021
Bonos Ministerio de Hacienda,FONDO_DE_SOLIDARIDAD_SOCIAL,6.41,7,2021
Bonos EIF 1,ATLÁNTICO,10.42,7,2021
Bonos EIF 1,CRECER,9.89,7,2021
Bonos EIF 1,JMMB_BDI,10.22,7,2021
Bonos EIF 1,POPULAR,8.12,7,2021
Bonos EIF 1,RESERVAS,8.450000000000001,7,2021
Bonos EIF 1,ROMANA,10,7,2021
Bonos EIF 1,SIEMBRA,8.200000000000001,7,2021
Bonos EIF 1,RESERVAS-R3,6.92,7,2021
Bonos EIF 1,BANCO_CENTRAL-R3,10,7,2021
Bonos EIF 1,FONDO_DE_SOLIDARIDAD_SOCIAL,8.61,7,2021
Certificados de Depósito EIF1,ATLÁNTICO,3.05,7,2021
Certificados de Depósito EIF1,CRECER,0.7000000000000001,7,2021
Certificados de Depósito EIF1,JMMB_BDI,4.2700000000000005,7,2021
Certificados de Depósito EIF1,POPULAR,0.44999999999999996,7,2021
Certificados de Depósito EIF1,RESERVAS,0.5499999999999999,7,2021
Certificados de Depósito EIF1,ROMANA,5.7700000000000005,7,2021
Certificados de Depósito EIF1,SIEMBRA,4.08,7,2021
Certificados de Depósito EIF1,RESERVAS-R3,2.18,7,2021
Certificados de Depósito EIF1,BANCO_CENTRAL-R3,4.84,7,2021
Certificados de Depósito EIF1,FONDO_DE_SOLIDARIDAD_SOCIAL,0.76,7,2021
Certificados Inversión Especial BCRD2,ATLÁNTICO,7.670000000000001,7,2021
Certificados Inversión Especial BCRD2,CRECER,7.140000000000001,7,2021
Certificados Inversión Especial BCRD2,JMMB_BDI,7.39,7,2021
Certificados Inversión Especial BCRD2,POPULAR,6.99,7,2021
Certificados Inversión Especial BCRD2,RESERVAS,6.7299999999999995,7,2021
Certificados Inversión Especial BCRD2,ROMANA,7.16,7,2021
Certificados Inversión Especial BCRD2,SIEMBRA,6.54,7,2021
Certificados Inversión Especial BCRD2,RESERVAS-R3,6.9,7,2021
Certificados Inversión Especial BCRD2,BANCO_CENTRAL-R3,11.55,7,2021
Certificados Inversión Especial BCRD2,FONDO_DE_SOLIDARIDAD_SOCIAL,6.94,7,2021
Letras BCRD,ATLÁNTICO,0,7,2021
Letras BCRD,CRECER,5.1,7,2021
Letras BCRD,JMMB_BDI,3.45,7,2021
Letras BCRD,POPULAR,4.29,7,2021
Letras BCRD,RESERVAS,3,7,2021
Letras BCRD,ROMANA,0,7,2021
Letras BCRD,SIEMBRA,5.11,7,2021
Letras BCRD,RESERVAS-R3,0,7,2021
Letras BCRD,BANCO_CENTRAL-R3,4.9799999999999995,7,2021
Letras BCRD,FONDO_DE_SOLIDARIDAD_SOCIAL,3,7,2021
Notas BCRD2,ATLÁNTICO,6.660000000000001,7,2021
Notas BCRD2,CRECER,6.3100000000000005,7,2021
Notas BCRD2,JMMB_BDI,6.7299999999999995,7,2021
Notas BCRD2,POPULAR,7.19,7,2021
Notas BCRD2,RESERVAS,6.4799999999999995,7,2021
Notas BCRD2,ROMANA,6.909999999999999,7,2021
Notas BCRD2,SIEMBRA,6.54,7,2021
Notas BCRD2,RESERVAS-R3,6.660000000000001,7,2021
Notas BCRD2,BANCO_CENTRAL-R3,6.93,7,2021
Notas BCRD2,FONDO_DE_SOLIDARIDAD_SOCIAL,6.87,7,2021
Bonos Ministerio de Hacienda,ATLÁNTICO,6.529999999999999,8,2021
Bonos Ministerio de Hacienda,CRECER,6.1,8,2021
Bonos Ministerio de Hacienda,JMMB_BDI,6.460000000000001,8,2021
Bonos Ministerio de Hacienda,POPULAR,5.91,8,2021
Bonos Ministerio de Hacienda,RESERVAS,6.74,8,2021
Bonos Ministerio de Hacienda,ROMANA,6.81,8,2021
Bonos Ministerio de Hacienda,SIEMBRA,5.4399999999999995,8,2021
Bonos Ministerio de Hacienda,RESERVAS-R3,6.65,8,2021
Bonos Ministerio de Hacienda,BANCO_CENTRAL-R3,5.56,8,2021
Bonos Ministerio de Hacienda,FONDO_DE_SOLIDARIDAD_SOCIAL,6.23,8,2021
Bonos EIF 1,ATLÁNTICO,10.51,8,2021
Bonos EIF 1,CRECER,9.879999999999999,8,2021
Bonos EIF 1,JMMB_BDI,10.22,8,2021
Bonos EIF 1,POPULAR,8.06,8,2021
Bonos EIF 1,RESERVAS,8.44,8,2021
Bonos EIF 1,ROMANA,10,8,2021
Bonos EIF 1,SIEMBRA,8.14,8,2021
Bonos EIF 1,RESERVAS-R3,6.710000000000001,8,2021
Bonos EIF 1,BANCO_CENTRAL-R3,10,8,2021
Bonos EIF 1,FONDO_DE_SOLIDARIDAD_SOCIAL,8.6,8,2021
Certificados de Depósito EIF1,ATLÁNTICO,3.5900000000000003,8,2021
Certificados de Depósito EIF1,CRECER,0.22999999999999998,8,2021
Certificados de Depósito EIF1,JMMB_BDI,4.390000000000001,8,2021
Certificados de Depósito EIF1,POPULAR,0.59,8,2021
Certificados de Depósito EIF1,RESERVAS,0.73,8,2021
Certificados de Depósito EIF1,ROMANA,5.54,8,2021
Certificados de Depósito EIF1,SIEMBRA,3.26,8,2021
Certificados de Depósito EIF1,RESERVAS-R3,2.4,8,2021
Certificados de Depósito EIF1,BANCO_CENTRAL-R3,4.18,8,2021
Certificados de Depósito EIF1,FONDO_DE_SOLIDARIDAD_SOCIAL,1.54,8,2021
Certificados Inversión Especial BCRD2,ATLÁNTICO,5.64,8,2021
Certificados Inversión Especial BCRD2,CRECER,6.260000000000001,8,2021
Certificados Inversión Especial BCRD2,JMMB_BDI,5.949999999999999,8,2021
Certificados Inversión Especial BCRD2,POPULAR,6.6000000000000005,8,2021
Certificados Inversión Especial BCRD2,RESERVAS,6.7299999999999995,8,2021
Certificados Inversión Especial BCRD2,ROMANA,7.16,8,2021
Certificados Inversión Especial BCRD2,SIEMBRA,5.949999999999999,8,2021
Certificados Inversión Especial BCRD2,RESERVAS-R3,6.47,8,2021
Certificados Inversión Especial BCRD2,BANCO_CENTRAL-R3,11.58,8,2021
Certificados Inversión Especial BCRD2,FONDO_DE_SOLIDARIDAD_SOCIAL,6.49,8,2021
Letras BCRD,ATLÁNTICO,0,8,2021
Letras BCRD,CRECER,4.04,8,2021
Letras BCRD,JMMB_BDI,2.75,8,2021
Letras BCRD,POPULAR,3.71,8,2021
Letras BCRD,RESERVAS,2.82,8,2021
Letras BCRD,ROMANA,0,8,2021
Letras BCRD,SIEMBRA,3.83,8,2021
Letras BCRD,RESERVAS-R3,0,8,2021
Letras BCRD,BANCO_CENTRAL-R3,4.109999999999999,8,2021
Letras BCRD,FONDO_DE_SOLIDARIDAD_SOCIAL,2.82,8,2021
Notas BCRD2,ATLÁNTICO,6.04,8,2021
Notas BCRD2,CRECER,5.84,8,2021
Notas BCRD2,JMMB_BDI,6.41,8,2021
Notas BCRD2,POPULAR,6.22,8,2021
Notas BCRD2,RESERVAS,6.08,8,2021
Notas BCRD2,ROMANA,6.909999999999999,8,2021
Notas BCRD2,SIEMBRA,5.64,8,2021
Notas BCRD2,RESERVAS-R3,6.65,8,2021
Notas BCRD2,BANCO_CENTRAL-R3,6.3100000000000005,8,2021
Notas BCRD2,FONDO_DE_SOLIDARIDAD_SOCIAL,6.550000000000001,8,2021
Bonos Ministerio de Hacienda,ATLÁNTICO,6.35,9,2021
Bonos Ministerio de Hacienda,CRECER,5.93,9,2021
Bonos Ministerio de Hacienda,JMMB_BDI,6.29,9,2021
Bonos Ministerio de Hacienda,POPULAR,5.86,9,2021
Bonos Ministerio de Hacienda,RESERVAS,6.63,9,2021
Bonos Ministerio de Hacienda,ROMANA,6.81,9,2021
Bonos Ministerio de Hacienda,SIEMBRA,5.390000000000001,9,2021
Bonos Ministerio de Hacienda,RESERVAS-R3,6.54,9,2021
Bonos Ministerio de Hacienda,BANCO_CENTRAL-R3,5.56,9,2021
Bonos Ministerio de Hacienda,FONDO_DE_SOLIDARIDAD_SOCIAL,6.140000000000001,9,2021
Bonos EIF 1,ATLÁNTICO,10.51,9,2021
Bonos EIF 1,CRECER,9.879999999999999,9,2021
Bonos EIF 1,JMMB_BDI,10.22,9,2021
Bonos EIF 1,POPULAR,7.89,9,2021
Bonos EIF 1,RESERVAS,8.44,9,2021
Bonos EIF 1,ROMANA,10,9,2021
Bonos EIF 1,SIEMBRA,7.95,9,2021
Bonos EIF 1,RESERVAS-R3,6.72,9,2021
Bonos EIF 1,BANCO_CENTRAL-R3,10,9,2021
Bonos EIF 1,FONDO_DE_SOLIDARIDAD_SOCIAL,8.6,9,2021
Certificados de Depósito EIF1,ATLÁNTICO,2.82,9,2021
Certificados de Depósito EIF1,CRECER,0.2,9,2021
Certificados de Depósito EIF1,JMMB_BDI,4.47,9,2021
Certificados de Depósito EIF1,POPULAR,0.73,9,2021
Certificados de Depósito EIF1,RESERVAS,1.1900000000000002,9,2021
Certificados de Depósito EIF1,ROMANA,5.4399999999999995,9,2021
Certificados de Depósito EIF1,SIEMBRA,3.44,9,2021
Certificados de Depósito EIF1,RESERVAS-R3,1.68,9,2021
Certificados de Depósito EIF1,BANCO_CENTRAL-R3,4.37,9,2021
Certificados de Depósito EIF1,FONDO_DE_SOLIDARIDAD_SOCIAL,1.47,9,2021
Certificados Inversión Especial BCRD2,ATLÁNTICO,5.64,9,2021
Certificados Inversión Especial BCRD2,CRECER,6.260000000000001,9,2021
Certificados Inversión Especial BCRD2,JMMB_BDI,6.36,9,2021
Certificados Inversión Especial BCRD2,POPULAR,6.6000000000000005,9,2021
Certificados Inversión Especial BCRD2,RESERVAS,6.7299999999999995,9,2021
Certificados Inversión Especial BCRD2,ROMANA,7.16,9,2021
Certificados Inversión Especial BCRD2,SIEMBRA,5.949999999999999,9,2021
Certificados Inversión Especial BCRD2,RESERVAS-R3,6.47,9,2021
Certificados Inversión Especial BCRD2,BANCO_CENTRAL-R3,11.57,9,2021
Certificados Inversión Especial BCRD2,FONDO_DE_SOLIDARIDAD_SOCIAL,6.49,9,2021
Letras BCRD,ATLÁNTICO,0,9,2021
Letras BCRD,CRECER,3.9899999999999998,9,2021
Letras BCRD,JMMB_BDI,2.82,9,2021
Letras BCRD,POPULAR,4.64,9,2021
Letras BCRD,RESERVAS,NA,9,2021
Letras BCRD,ROMANA,0,9,2021
Letras BCRD,SIEMBRA,3.74,9,2021
Letras BCRD,RESERVAS-R3,0,9,2021
Letras BCRD,BANCO_CENTRAL-R3,3.92,9,2021
Letras BCRD,FONDO_DE_SOLIDARIDAD_SOCIAL,0,9,2021
Notas BCRD2,ATLÁNTICO,5.63,9,2021
Notas BCRD2,CRECER,5.54,9,2021
Notas BCRD2,JMMB_BDI,6.22,9,2021
Notas BCRD2,POPULAR,6.25,9,2021
Notas BCRD2,RESERVAS,5.24,9,2021
Notas BCRD2,ROMANA,6.04,9,2021
Notas BCRD2,SIEMBRA,5.59,9,2021
Notas BCRD2,RESERVAS-R3,6.069999999999999,9,2021
Notas BCRD2,BANCO_CENTRAL-R3,6.1,9,2021
Notas BCRD2,FONDO_DE_SOLIDARIDAD_SOCIAL,5.91,9,2021
Bonos Ministerio de Hacienda,ATLÁNTICO,5.949999999999999,10,2021
Bonos Ministerio de Hacienda,CRECER,5.56,10,2021
Bonos Ministerio de Hacienda,JMMB_BDI,5.74,10,2021
Bonos Ministerio de Hacienda,POPULAR,5.86,10,2021
Bonos Ministerio de Hacienda,RESERVAS,6.4399999999999995,10,2021
Bonos Ministerio de Hacienda,ROMANA,6.58,10,2021
Bonos Ministerio de Hacienda,SIEMBRA,5.21,10,2021
Bonos Ministerio de Hacienda,RESERVAS-R3,6.1899999999999995,10,2021
Bonos Ministerio de Hacienda,BANCO_CENTRAL-R3,5.56,10,2021
Bonos Ministerio de Hacienda,FONDO_DE_SOLIDARIDAD_SOCIAL,5.82,10,2021
Bonos EIF 1,ATLÁNTICO,10.51,10,2021
Bonos EIF 1,CRECER,9.89,10,2021
Bonos EIF 1,JMMB_BDI,10.22,10,2021
Bonos EIF 1,POPULAR,7.89,10,2021
Bonos EIF 1,RESERVAS,8.44,10,2021
Bonos EIF 1,ROMANA,10,10,2021
Bonos EIF 1,SIEMBRA,7.95,10,2021
Bonos EIF 1,RESERVAS-R3,6.72,10,2021
Bonos EIF 1,BANCO_CENTRAL-R3,10,10,2021
Bonos EIF 1,FONDO_DE_SOLIDARIDAD_SOCIAL,8.6,10,2021
Certificados de Depósito EIF1,ATLÁNTICO,2.9499999999999997,10,2021
Certificados de Depósito EIF1,CRECER,0.22,10,2021
Certificados de Depósito EIF1,JMMB_BDI,4.36,10,2021
Certificados de Depósito EIF1,POPULAR,0.36,10,2021
Certificados de Depósito EIF1,RESERVAS,1.25,10,2021
Certificados de Depósito EIF1,ROMANA,5.4,10,2021
Certificados de Depósito EIF1,SIEMBRA,3.54,10,2021
Certificados de Depósito EIF1,RESERVAS-R3,1.4000000000000001,10,2021
Certificados de Depósito EIF1,BANCO_CENTRAL-R3,3.8899999999999997,10,2021
Certificados de Depósito EIF1,FONDO_DE_SOLIDARIDAD_SOCIAL,1.35,10,2021
Certificados Inversión Especial BCRD2,ATLÁNTICO,5.65,10,2021
Certificados Inversión Especial BCRD2,CRECER,6.2,10,2021
Certificados Inversión Especial BCRD2,JMMB_BDI,6.35,10,2021
Certificados Inversión Especial BCRD2,POPULAR,6.6000000000000005,10,2021
Certificados Inversión Especial BCRD2,RESERVAS,6.54,10,2021
Certificados Inversión Especial BCRD2,ROMANA,7.16,10,2021
Certificados Inversión Especial BCRD2,SIEMBRA,5.92,10,2021
Certificados Inversión Especial BCRD2,RESERVAS-R3,6.460000000000001,10,2021
Certificados Inversión Especial BCRD2,BANCO_CENTRAL-R3,11.540000000000001,10,2021
Certificados Inversión Especial BCRD2,FONDO_DE_SOLIDARIDAD_SOCIAL,6.29,10,2021
Letras BCRD,ATLÁNTICO,0,10,2021
Letras BCRD,CRECER,3.7900000000000005,10,2021
Letras BCRD,JMMB_BDI,2.82,10,2021
Letras BCRD,POPULAR,4.25,10,2021
Letras BCRD,RESERVAS,NA,10,2021
Letras BCRD,ROMANA,0,10,2021
Letras BCRD,SIEMBRA,3.5900000000000003,10,2021
Letras BCRD,RESERVAS-R3,0,10,2021
Letras BCRD,BANCO_CENTRAL-R3,3.81,10,2021
Letras BCRD,FONDO_DE_SOLIDARIDAD_SOCIAL,0,10,2021
Notas BCRD2,ATLÁNTICO,5.83,10,2021
Notas BCRD2,CRECER,5.53,10,2021
Notas BCRD2,JMMB_BDI,6.3,10,2021
Notas BCRD2,POPULAR,6.22,10,2021
Notas BCRD2,RESERVAS,5.390000000000001,10,2021
Notas BCRD2,ROMANA,6.069999999999999,10,2021
Notas BCRD2,SIEMBRA,5.57,10,2021
Notas BCRD2,RESERVAS-R3,6.08,10,2021
Notas BCRD2,BANCO_CENTRAL-R3,6.09,10,2021
Notas BCRD2,FONDO_DE_SOLIDARIDAD_SOCIAL,5.92,10,2021
Bonos Ministerio de Hacienda,ATLÁNTICO,5.8999999999999995,11,2021
Bonos Ministerio de Hacienda,CRECER,5.5,11,2021
Bonos Ministerio de Hacienda,JMMB_BDI,5.48,11,2021
Bonos Ministerio de Hacienda,POPULAR,5.82,11,2021
Bonos Ministerio de Hacienda,RESERVAS,6.3,11,2021
Bonos Ministerio de Hacienda,ROMANA,6.52,11,2021
Bonos Ministerio de Hacienda,SIEMBRA,5.140000000000001,11,2021
Bonos Ministerio de Hacienda,RESERVAS-R3,6,11,2021
Bonos Ministerio de Hacienda,BANCO_CENTRAL-R3,5.56,11,2021
Bonos Ministerio de Hacienda,FONDO_DE_SOLIDARIDAD_SOCIAL,5.7,11,2021
Bonos EIF 1,ATLÁNTICO,10.51,11,2021
Bonos EIF 1,CRECER,9.89,11,2021
Bonos EIF 1,JMMB_BDI,10.22,11,2021
Bonos EIF 1,POPULAR,7.88,11,2021
Bonos EIF 1,RESERVAS,8.43,11,2021
Bonos EIF 1,ROMANA,10,11,2021
Bonos EIF 1,SIEMBRA,7.9399999999999995,11,2021
Bonos EIF 1,RESERVAS-R3,6.68,11,2021
Bonos EIF 1,BANCO_CENTRAL-R3,10,11,2021
Bonos EIF 1,FONDO_DE_SOLIDARIDAD_SOCIAL,8.59,11,2021
Certificados de Depósito EIF1,ATLÁNTICO,2.78,11,2021
Certificados de Depósito EIF1,CRECER,0.35000000000000003,11,2021
Certificados de Depósito EIF1,JMMB_BDI,3.7600000000000002,11,2021
Certificados de Depósito EIF1,POPULAR,1.05,11,2021
Certificados de Depósito EIF1,RESERVAS,1.0699999999999998,11,2021
Certificados de Depósito EIF1,ROMANA,5.33,11,2021
Certificados de Depósito EIF1,SIEMBRA,2.4,11,2021
Certificados de Depósito EIF1,RESERVAS-R3,1.31,11,2021
Certificados de Depósito EIF1,BANCO_CENTRAL-R3,2.6100000000000003,11,2021
Certificados de Depósito EIF1,FONDO_DE_SOLIDARIDAD_SOCIAL,1.1400000000000001,11,2021
Certificados Inversión Especial BCRD2,ATLÁNTICO,5.65,11,2021
Certificados Inversión Especial BCRD2,CRECER,6.2,11,2021
Certificados Inversión Especial BCRD2,JMMB_BDI,6.35,11,2021
Certificados Inversión Especial BCRD2,POPULAR,6.6000000000000005,11,2021
Certificados Inversión Especial BCRD2,RESERVAS,6.550000000000001,11,2021
Certificados Inversión Especial BCRD2,ROMANA,7.16,11,2021
Certificados Inversión Especial BCRD2,SIEMBRA,5.92,11,2021
Certificados Inversión Especial BCRD2,RESERVAS-R3,6.460000000000001,11,2021
Certificados Inversión Especial BCRD2,BANCO_CENTRAL-R3,11.53,11,2021
Certificados Inversión Especial BCRD2,FONDO_DE_SOLIDARIDAD_SOCIAL,6.3,11,2021
Letras BCRD,ATLÁNTICO,NA,11,2021
Letras BCRD,CRECER,3.84,11,2021
Letras BCRD,JMMB_BDI,2.91,11,2021
Letras BCRD,POPULAR,4.25,11,2021
Letras BCRD,RESERVAS,NA,11,2021
Letras BCRD,ROMANA,NA,11,2021
Letras BCRD,SIEMBRA,3.66,11,2021
Letras BCRD,RESERVAS-R3,NA,11,2021
Letras BCRD,BANCO_CENTRAL-R3,3.8899999999999997,11,2021
Letras BCRD,FONDO_DE_SOLIDARIDAD_SOCIAL,NA,11,2021
Notas BCRD2,ATLÁNTICO,5.46,11,2021
Notas BCRD2,CRECER,5.47,11,2021
Notas BCRD2,JMMB_BDI,5.76,11,2021
Notas BCRD2,POPULAR,6.069999999999999,11,2021
Notas BCRD2,RESERVAS,5.08,11,2021
Notas BCRD2,ROMANA,5.8999999999999995,11,2021
Notas BCRD2,SIEMBRA,5.84,11,2021
Notas BCRD2,RESERVAS-R3,5.7299999999999995,11,2021
Notas BCRD2,BANCO_CENTRAL-R3,6.1,11,2021
Notas BCRD2,FONDO_DE_SOLIDARIDAD_SOCIAL,5.319999999999999,11,2021
Bonos Ministerio de Hacienda,ATLÁNTICO,5.89,12,2021
Bonos Ministerio de Hacienda,CRECER,5.5,12,2021
Bonos Ministerio de Hacienda,JMMB_BDI,5.52,12,2021
Bonos Ministerio de Hacienda,POPULAR,5.87,12,2021
Bonos Ministerio de Hacienda,RESERVAS,6.279999999999999,12,2021
Bonos Ministerio de Hacienda,ROMANA,6.52,12,2021
Bonos Ministerio de Hacienda,SIEMBRA,5.319999999999999,12,2021
Bonos Ministerio de Hacienda,RESERVAS-R3,5.99,12,2021
Bonos Ministerio de Hacienda,BANCO_CENTRAL-R3,5.54,12,2021
Bonos Ministerio de Hacienda,FONDO_DE_SOLIDARIDAD_SOCIAL,5.6899999999999995,12,2021
Bonos EIF 1,ATLÁNTICO,10.51,12,2021
Bonos EIF 1,CRECER,9.81,12,2021
Bonos EIF 1,JMMB_BDI,9.9,12,2021
Bonos EIF 1,POPULAR,7.85,12,2021
Bonos EIF 1,RESERVAS,8.41,12,2021
Bonos EIF 1,ROMANA,10,12,2021
Bonos EIF 1,SIEMBRA,7.9,12,2021
Bonos EIF 1,RESERVAS-R3,6.510000000000001,12,2021
Bonos EIF 1,BANCO_CENTRAL-R3,9.520000000000001,12,2021
Bonos EIF 1,FONDO_DE_SOLIDARIDAD_SOCIAL,8.540000000000001,12,2021
Certificados de Depósito EIF1,ATLÁNTICO,3.15,12,2021
Certificados de Depósito EIF1,CRECER,1.83,12,2021
Certificados de Depósito EIF1,JMMB_BDI,4.569999999999999,12,2021
Certificados de Depósito EIF1,POPULAR,1.16,12,2021
Certificados de Depósito EIF1,RESERVAS,0.88,12,2021
Certificados de Depósito EIF1,ROMANA,5.33,12,2021
Certificados de Depósito EIF1,SIEMBRA,2.56,12,2021
Certificados de Depósito EIF1,RESERVAS-R3,0.96,12,2021
Certificados de Depósito EIF1,BANCO_CENTRAL-R3,3.25,12,2021
Certificados de Depósito EIF1,FONDO_DE_SOLIDARIDAD_SOCIAL,1.18,12,2021
Certificados Inversión Especial BCRD2,ATLÁNTICO,5.84,12,2021
Certificados Inversión Especial BCRD2,CRECER,6.2,12,2021
Certificados Inversión Especial BCRD2,JMMB_BDI,6.35,12,2021
Certificados Inversión Especial BCRD2,POPULAR,6.6000000000000005,12,2021
Certificados Inversión Especial BCRD2,RESERVAS,6.550000000000001,12,2021
Certificados Inversión Especial BCRD2,ROMANA,7.16,12,2021
Certificados Inversión Especial BCRD2,SIEMBRA,5.949999999999999,12,2021
Certificados Inversión Especial BCRD2,RESERVAS-R3,6.460000000000001,12,2021
Certificados Inversión Especial BCRD2,BANCO_CENTRAL-R3,11.53,12,2021
Certificados Inversión Especial BCRD2,FONDO_DE_SOLIDARIDAD_SOCIAL,6.329999999999999,12,2021
Letras BCRD,ATLÁNTICO,NA,12,2021
Letras BCRD,CRECER,3.1399999999999997,12,2021
Letras BCRD,JMMB_BDI,2.91,12,2021
Letras BCRD,POPULAR,3.09,12,2021
Letras BCRD,RESERVAS,NA,12,2021
Letras BCRD,ROMANA,0,12,2021
Letras BCRD,SIEMBRA,3.05,12,2021
Letras BCRD,RESERVAS-R3,0,12,2021
Letras BCRD,BANCO_CENTRAL-R3,3.32,12,2021
Letras BCRD,FONDO_DE_SOLIDARIDAD_SOCIAL,0,12,2021
Notas BCRD2,ATLÁNTICO,5.37,12,2021
Notas BCRD2,CRECER,5.35,12,2021
Notas BCRD2,JMMB_BDI,5.38,12,2021
Notas BCRD2,POPULAR,6.069999999999999,12,2021
Notas BCRD2,RESERVAS,5.050000000000001,12,2021
Notas BCRD2,ROMANA,5.8999999999999995,12,2021
Notas BCRD2,SIEMBRA,5.8500000000000005,12,2021
Notas BCRD2,RESERVAS-R3,5.75,12,2021
Notas BCRD2,BANCO_CENTRAL-R3,6.11,12,2021
Notas BCRD2,FONDO_DE_SOLIDARIDAD_SOCIAL,5.57,12,2021
Bonos Ministerio de Hacienda,ATLÁNTICO,5.81,1,2022
Bonos Ministerio de Hacienda,CRECER,5.510000000000001,1,2022
Bonos Ministerio de Hacienda,JMMB_BDI,5.48,1,2022
Bonos Ministerio de Hacienda,POPULAR,5.86,1,2022
Bonos Ministerio de Hacienda,RESERVAS,6.260000000000001,1,2022
Bonos Ministerio de Hacienda,ROMANA,6.49,1,2022
Bonos Ministerio de Hacienda,SIEMBRA,5.34,1,2022
Bonos Ministerio de Hacienda,RESERVAS-R3,5.89,1,2022
Bonos Ministerio de Hacienda,BANCO_CENTRAL-R3,5.54,1,2022
Bonos Ministerio de Hacienda,FONDO_DE_SOLIDARIDAD_SOCIAL,5.64,1,2022
Bonos EIF 1,ATLÁNTICO,10.51,1,2022
Bonos EIF 1,CRECER,9.81,1,2022
Bonos EIF 1,JMMB_BDI,9.6,1,2022
Bonos EIF 1,POPULAR,7.86,1,2022
Bonos EIF 1,RESERVAS,8.41,1,2022
Bonos EIF 1,ROMANA,10,1,2022
Bonos EIF 1,SIEMBRA,7.9,1,2022
Bonos EIF 1,RESERVAS-R3,6.510000000000001,1,2022
Bonos EIF 1,BANCO_CENTRAL-R3,9.520000000000001,1,2022
Bonos EIF 1,FONDO_DE_SOLIDARIDAD_SOCIAL,8.540000000000001,1,2022
Certificados de Depósito EIF1,ATLÁNTICO,2.5700000000000003,1,2022
Certificados de Depósito EIF1,CRECER,0.53,1,2022
Certificados de Depósito EIF1,JMMB_BDI,4.51,1,2022
Certificados de Depósito EIF1,POPULAR,0.9299999999999999,1,2022
Certificados de Depósito EIF1,RESERVAS,1.55,1,2022
Certificados de Depósito EIF1,ROMANA,5,1,2022
Certificados de Depósito EIF1,SIEMBRA,3.45,1,2022
Certificados de Depósito EIF1,RESERVAS-R3,1.47,1,2022
Certificados de Depósito EIF1,BANCO_CENTRAL-R3,4.34,1,2022
Certificados de Depósito EIF1,FONDO_DE_SOLIDARIDAD_SOCIAL,1.92,1,2022
Certificados Inversión Especial BCRD2,ATLÁNTICO,6.21,1,2022
Certificados Inversión Especial BCRD2,CRECER,6.21,1,2022
Certificados Inversión Especial BCRD2,JMMB_BDI,6.35,1,2022
Certificados Inversión Especial BCRD2,POPULAR,6.61,1,2022
Certificados Inversión Especial BCRD2,RESERVAS,6.550000000000001,1,2022
Certificados Inversión Especial BCRD2,ROMANA,7.16,1,2022
Certificados Inversión Especial BCRD2,SIEMBRA,6.01,1,2022
Certificados Inversión Especial BCRD2,RESERVAS-R3,6.460000000000001,1,2022
Certificados Inversión Especial BCRD2,BANCO_CENTRAL-R3,11.52,1,2022
Certificados Inversión Especial BCRD2,FONDO_DE_SOLIDARIDAD_SOCIAL,6.329999999999999,1,2022
Letras BCRD,ATLÁNTICO,0,1,2022
Letras BCRD,CRECER,5.41,1,2022
Letras BCRD,JMMB_BDI,6.9,1,2022
Letras BCRD,POPULAR,3.09,1,2022
Letras BCRD,RESERVAS,0,1,2022
Letras BCRD,ROMANA,0,1,2022
Letras BCRD,SIEMBRA,4.390000000000001,1,2022
Letras BCRD,RESERVAS-R3,0,1,2022
Letras BCRD,BANCO_CENTRAL-R3,5.41,1,2022
Letras BCRD,FONDO_DE_SOLIDARIDAD_SOCIAL,0,1,2022
Notas BCRD2,ATLÁNTICO,5.21,1,2022
Notas BCRD2,CRECER,5.35,1,2022
Notas BCRD2,JMMB_BDI,6.1,1,2022
Notas BCRD2,POPULAR,6.859999999999999,1,2022
Notas BCRD2,RESERVAS,5.57,1,2022
Notas BCRD2,ROMANA,6.54,1,2022
Notas BCRD2,SIEMBRA,7.090000000000001,1,2022
Notas BCRD2,RESERVAS-R3,5.970000000000001,1,2022
Notas BCRD2,BANCO_CENTRAL-R3,6.49,1,2022
Notas BCRD2,FONDO_DE_SOLIDARIDAD_SOCIAL,6.61,1,2022
Bonos Ministerio de Hacienda,ATLÁNTICO,5.800000000000001,2,2022
Bonos Ministerio de Hacienda,CRECER,3.27,2,2022
Bonos Ministerio de Hacienda,JMMB_BDI,5.43,2,2022
Bonos Ministerio de Hacienda,POPULAR,4.6,2,2022
Bonos Ministerio de Hacienda,RESERVAS,5.01,2,2022
Bonos Ministerio de Hacienda,ROMANA,6.49,2,2022
Bonos Ministerio de Hacienda,SIEMBRA,5.34,2,2022
Bonos Ministerio de Hacienda,RESERVAS-R3,5.8500000000000005,2,2022
Bonos Ministerio de Hacienda,BANCO_CENTRAL-R3,5.8500000000000005,2,2022
Bonos Ministerio de Hacienda,FONDO_DE_SOLIDARIDAD_SOCIAL,5.59,2,2022
Bonos EIF 1,ATLÁNTICO,10.51,2,2022
Bonos EIF 1,CRECER,9.8,2,2022
Bonos EIF 1,JMMB_BDI,9.610000000000001,2,2022
Bonos EIF 1,POPULAR,7.93,2,2022
Bonos EIF 1,RESERVAS,8.4,2,2022
Bonos EIF 1,ROMANA,10,2,2022
Bonos EIF 1,SIEMBRA,7.9799999999999995,2,2022
Bonos EIF 1,RESERVAS-R3,6.529999999999999,2,2022
Bonos EIF 1,BANCO_CENTRAL-R3,9.53,2,2022
Bonos EIF 1,FONDO_DE_SOLIDARIDAD_SOCIAL,8.52,2,2022
Certificados de Depósito EIF1,ATLÁNTICO,3.25,2,2022
Certificados de Depósito EIF1,CRECER,2.17,2,2022
Certificados de Depósito EIF1,JMMB_BDI,5.510000000000001,2,2022
Certificados de Depósito EIF1,POPULAR,4.01,2,2022
Certificados de Depósito EIF1,RESERVAS,3.42,2,2022
Certificados de Depósito EIF1,ROMANA,5.04,2,2022
Certificados de Depósito EIF1,SIEMBRA,4.14,2,2022
Certificados de Depósito EIF1,RESERVAS-R3,2.44,2,2022
Certificados de Depósito EIF1,BANCO_CENTRAL-R3,5.47,2,2022
Certificados de Depósito EIF1,FONDO_DE_SOLIDARIDAD_SOCIAL,3.58,2,2022
Certificados Inversión Especial BCRD2,ATLÁNTICO,6.2,2,2022
Certificados Inversión Especial BCRD2,CRECER,6.2,2,2022
Certificados Inversión Especial BCRD2,JMMB_BDI,6.34,2,2022
Certificados Inversión Especial BCRD2,POPULAR,6.61,2,2022
Certificados Inversión Especial BCRD2,RESERVAS,6.550000000000001,2,2022
Certificados Inversión Especial BCRD2,ROMANA,7.16,2,2022
Certificados Inversión Especial BCRD2,SIEMBRA,6.01,2,2022
Certificados Inversión Especial BCRD2,RESERVAS-R3,6.47,2,2022
Certificados Inversión Especial BCRD2,BANCO_CENTRAL-R3,12.379999999999999,2,2022
Certificados Inversión Especial BCRD2,FONDO_DE_SOLIDARIDAD_SOCIAL,6.329999999999999,2,2022
Letras BCRD,ATLÁNTICO,0,2,2022
Letras BCRD,CRECER,5.58,2,2022
Letras BCRD,JMMB_BDI,7.180000000000001,2,2022
Letras BCRD,POPULAR,3.09,2,2022
Letras BCRD,RESERVAS,0,2,2022
Letras BCRD,ROMANA,0,2,2022
Letras BCRD,SIEMBRA,4.4799999999999995,2,2022
Letras BCRD,RESERVAS-R3,0,2,2022
Letras BCRD,BANCO_CENTRAL-R3,5.56,2,2022
Letras BCRD,FONDO_DE_SOLIDARIDAD_SOCIAL,0,2,2022
Notas BCRD2,ATLÁNTICO,5.59,2,2022
Notas BCRD2,CRECER,5.56,2,2022
Notas BCRD2,JMMB_BDI,7.580000000000001,2,2022
Notas BCRD2,POPULAR,7.24,2,2022
Notas BCRD2,RESERVAS,5.94,2,2022
Notas BCRD2,ROMANA,6.660000000000001,2,2022
Notas BCRD2,SIEMBRA,7.28,2,2022
Notas BCRD2,RESERVAS-R3,6.01,2,2022
Notas BCRD2,BANCO_CENTRAL-R3,3.37,2,2022
Notas BCRD2,FONDO_DE_SOLIDARIDAD_SOCIAL,7.37,2,2022
Bonos Ministerio de Hacienda,ATLÁNTICO,5.800000000000001,3,2022
Bonos Ministerio de Hacienda,CRECER,3.1300000000000003,3,2022
Bonos Ministerio de Hacienda,JMMB_BDI,5.45,3,2022
Bonos Ministerio de Hacienda,POPULAR,3.9,3,2022
Bonos Ministerio de Hacienda,RESERVAS,6.950000000000001,3,2022
Bonos Ministerio de Hacienda,ROMANA,6.49,3,2022
Bonos Ministerio de Hacienda,SIEMBRA,5.34,3,2022
Bonos Ministerio de Hacienda,RESERVAS-R3,5.29,3,2022
Bonos Ministerio de Hacienda,BANCO_CENTRAL-R3,5.56,3,2022
Bonos Ministerio de Hacienda,FONDO_DE_SOLIDARIDAD_SOCIAL,6.76,3,2022
Bonos EIF 1,ATLÁNTICO,10.51,3,2022
Bonos EIF 1,CRECER,9.8,3,2022
Bonos EIF 1,JMMB_BDI,7.55,3,2022
Bonos EIF 1,POPULAR,7.920000000000001,3,2022
Bonos EIF 1,RESERVAS,8.39,3,2022
Bonos EIF 1,ROMANA,10,3,2022
Bonos EIF 1,SIEMBRA,7.969999999999999,3,2022
Bonos EIF 1,RESERVAS-R3,6.529999999999999,3,2022
Bonos EIF 1,BANCO_CENTRAL-R3,9.53,3,2022
Bonos EIF 1,FONDO_DE_SOLIDARIDAD_SOCIAL,8.53,3,2022
Certificados de Depósito EIF1,ATLÁNTICO,4.64,3,2022
Certificados de Depósito EIF1,CRECER,4.62,3,2022
Certificados de Depósito EIF1,JMMB_BDI,7.1,3,2022
Certificados de Depósito EIF1,POPULAR,6.370000000000001,3,2022
Certificados de Depósito EIF1,RESERVAS,4.49,3,2022
Certificados de Depósito EIF1,ROMANA,5.17,3,2022
Certificados de Depósito EIF1,SIEMBRA,4.73,3,2022
Certificados de Depósito EIF1,RESERVAS-R3,4.73,3,2022
Certificados de Depósito EIF1,BANCO_CENTRAL-R3,7.359999999999999,3,2022
Certificados de Depósito EIF1,FONDO_DE_SOLIDARIDAD_SOCIAL,4.99,3,2022
Certificados Inversión Especial BCRD2,ATLÁNTICO,6.58,3,2022
Certificados Inversión Especial BCRD2,CRECER,6.5,3,2022
Certificados Inversión Especial BCRD2,JMMB_BDI,6.17,3,2022
Certificados Inversión Especial BCRD2,POPULAR,6.25,3,2022
Certificados Inversión Especial BCRD2,RESERVAS,6.35,3,2022
Certificados Inversión Especial BCRD2,ROMANA,7.16,3,2022
Certificados Inversión Especial BCRD2,SIEMBRA,5.48,3,2022
Certificados Inversión Especial BCRD2,RESERVAS-R3,6.13,3,2022
Certificados Inversión Especial BCRD2,BANCO_CENTRAL-R3,12.379999999999999,3,2022
Certificados Inversión Especial BCRD2,FONDO_DE_SOLIDARIDAD_SOCIAL,6.01,3,2022
Letras BCRD,ATLÁNTICO,0,3,2022
Letras BCRD,CRECER,0,3,2022
Letras BCRD,JMMB_BDI,7.26,3,2022
Letras BCRD,POPULAR,0,3,2022
Letras BCRD,RESERVAS,0,3,2022
Letras BCRD,ROMANA,0,3,2022
Letras BCRD,SIEMBRA,7.26,3,2022
Letras BCRD,RESERVAS-R3,0,3,2022
Letras BCRD,BANCO_CENTRAL-R3,6.239999999999999,3,2022
Letras BCRD,FONDO_DE_SOLIDARIDAD_SOCIAL,0,3,2022
Notas BCRD2,ATLÁNTICO,5.8500000000000005,3,2022
Notas BCRD2,CRECER,6.619999999999999,3,2022
Notas BCRD2,JMMB_BDI,7.5600000000000005,3,2022
Notas BCRD2,POPULAR,7.53,3,2022
Notas BCRD2,RESERVAS,6.41,3,2022
Notas BCRD2,ROMANA,6.74,3,2022
Notas BCRD2,SIEMBRA,7.829999999999999,3,2022
Notas BCRD2,RESERVAS-R3,6.510000000000001,3,2022
Notas BCRD2,BANCO_CENTRAL-R3,3.88,3,2022
Notas BCRD2,FONDO_DE_SOLIDARIDAD_SOCIAL,7.630000000000001,3,2022
Bonos Ministerio de Hacienda,ATLÁNTICO,5.83,4,2022
Bonos Ministerio de Hacienda,CRECER,6.98,4,2022
Bonos Ministerio de Hacienda,JMMB_BDI,5.45,4,2022
Bonos Ministerio de Hacienda,POPULAR,6.36,4,2022
Bonos Ministerio de Hacienda,RESERVAS,6.959999999999999,4,2022
Bonos Ministerio de Hacienda,ROMANA,6.49,4,2022
Bonos Ministerio de Hacienda,SIEMBRA,5.4399999999999995,4,2022
Bonos Ministerio de Hacienda,RESERVAS-R3,6.510000000000001,4,2022
Bonos Ministerio de Hacienda,BANCO_CENTRAL-R3,5.89,4,2022
Bonos Ministerio de Hacienda,FONDO_DE_SOLIDARIDAD_SOCIAL,6.76,4,2022
Bonos EIF 1,ATLÁNTICO,10.51,4,2022
Bonos EIF 1,CRECER,9.98,4,2022
Bonos EIF 1,JMMB_BDI,9.34,4,2022
Bonos EIF 1,POPULAR,8.24,4,2022
Bonos EIF 1,RESERVAS,8.790000000000001,4,2022
Bonos EIF 1,ROMANA,10,4,2022
Bonos EIF 1,SIEMBRA,8.16,4,2022
Bonos EIF 1,RESERVAS-R3,7.090000000000001,4,2022
Bonos EIF 1,BANCO_CENTRAL-R3,9.53,4,2022
Bonos EIF 1,FONDO_DE_SOLIDARIDAD_SOCIAL,8.790000000000001,4,2022
Certificados de Depósito EIF1,ATLÁNTICO,5.09,4,2022
Certificados de Depósito EIF1,CRECER,5.48,4,2022
Certificados de Depósito EIF1,JMMB_BDI,7.8,4,2022
Certificados de Depósito EIF1,POPULAR,7.739999999999999,4,2022
Certificados de Depósito EIF1,RESERVAS,5.26,4,2022
Certificados de Depósito EIF1,ROMANA,5.17,4,2022
Certificados de Depósito EIF1,SIEMBRA,3.6999999999999997,4,2022
Certificados de Depósito EIF1,RESERVAS-R3,5.050000000000001,4,2022
Certificados de Depósito EIF1,BANCO_CENTRAL-R3,7.539999999999999,4,2022
Certificados de Depósito EIF1,FONDO_DE_SOLIDARIDAD_SOCIAL,5.12,4,2022
Certificados Inversión Especial BCRD2,ATLÁNTICO,6.59,4,2022
Certificados Inversión Especial BCRD2,CRECER,6.4799999999999995,4,2022
Certificados Inversión Especial BCRD2,JMMB_BDI,6.17,4,2022
Certificados Inversión Especial BCRD2,POPULAR,6.1899999999999995,4,2022
Certificados Inversión Especial BCRD2,RESERVAS,6.35,4,2022
Certificados Inversión Especial BCRD2,ROMANA,7.16,4,2022
Certificados Inversión Especial BCRD2,SIEMBRA,5.48,4,2022
Certificados Inversión Especial BCRD2,RESERVAS-R3,6.12,4,2022
Certificados Inversión Especial BCRD2,BANCO_CENTRAL-R3,12.26,4,2022
Certificados Inversión Especial BCRD2,FONDO_DE_SOLIDARIDAD_SOCIAL,6,4,2022
Letras BCRD,ATLÁNTICO,0,4,2022
Letras BCRD,CRECER,0,4,2022
Letras BCRD,JMMB_BDI,7.26,4,2022
Letras BCRD,POPULAR,0,4,2022
Letras BCRD,RESERVAS,0,4,2022
Letras BCRD,ROMANA,0,4,2022
Letras BCRD,SIEMBRA,7.26,4,2022
Letras BCRD,RESERVAS-R3,0,4,2022
Letras BCRD,BANCO_CENTRAL-R3,6.239999999999999,4,2022
Letras BCRD,FONDO_DE_SOLIDARIDAD_SOCIAL,0,4,2022
Notas BCRD2,ATLÁNTICO,5.86,4,2022
Notas BCRD2,CRECER,6.64,4,2022
Notas BCRD2,JMMB_BDI,7.93,4,2022
Notas BCRD2,POPULAR,7.51,4,2022
Notas BCRD2,RESERVAS,6.43,4,2022
Notas BCRD2,ROMANA,6.890000000000001,4,2022
Notas BCRD2,SIEMBRA,8.05,4,2022
Notas BCRD2,RESERVAS-R3,6.529999999999999,4,2022
Notas BCRD2,BANCO_CENTRAL-R3,8.49,4,2022
Notas BCRD2,FONDO_DE_SOLIDARIDAD_SOCIAL,7.64,4,2022
Bonos Ministerio de Hacienda,ATLÁNTICO,5.91,8,2022
Bonos Ministerio de Hacienda,CRECER,7.180000000000001,8,2022
Bonos Ministerio de Hacienda,JMMB_BDI,6.35,8,2022
Bonos Ministerio de Hacienda,POPULAR,6.619999999999999,8,2022
Bonos Ministerio de Hacienda,RESERVAS,7.26,8,2022
Bonos Ministerio de Hacienda,ROMANA,6.84,8,2022
Bonos Ministerio de Hacienda,SIEMBRA,5.92,8,2022
Bonos Ministerio de Hacienda,RESERVAS-R3,6.660000000000001,8,2022
Bonos Ministerio de Hacienda,BANCO_CENTRAL-R3,6.329999999999999,8,2022
Bonos Ministerio de Hacienda,FONDO_DE_SOLIDARIDAD_SOCIAL,7.340000000000001,8,2022
Bonos EIF 1,ATLÁNTICO,10.71,8,2022
Bonos EIF 1,CRECER,10.01,8,2022
Bonos EIF 1,JMMB_BDI,9.34,8,2022
Bonos EIF 1,POPULAR,9.53,8,2022
Bonos EIF 1,RESERVAS,9.610000000000001,8,2022
Bonos EIF 1,ROMANA,10,8,2022
Bonos EIF 1,SIEMBRA,9.520000000000001,8,2022
Bonos EIF 1,RESERVAS-R3,9.049999999999999,8,2022
Bonos EIF 1,BANCO_CENTRAL-R3,9.53,8,2022
Bonos EIF 1,FONDO_DE_SOLIDARIDAD_SOCIAL,9.49,8,2022
Certificados de Depósito EIF1,ATLÁNTICO,11.19,8,2022
Certificados de Depósito EIF1,CRECER,7.249999999999999,8,2022
Certificados de Depósito EIF1,JMMB_BDI,10.13,8,2022
Certificados de Depósito EIF1,POPULAR,8.84,8,2022
Certificados de Depósito EIF1,RESERVAS,9.11,8,2022
Certificados de Depósito EIF1,ROMANA,9.83,8,2022
Certificados de Depósito EIF1,SIEMBRA,6.67,8,2022
Certificados de Depósito EIF1,RESERVAS-R3,9.030000000000001,8,2022
Certificados de Depósito EIF1,BANCO_CENTRAL-R3,11.18,8,2022
Certificados de Depósito EIF1,FONDO_DE_SOLIDARIDAD_SOCIAL,8.36,8,2022
Certificados Inversión Especial BCRD2,ATLÁNTICO,6.61,8,2022
Certificados Inversión Especial BCRD2,CRECER,6.5,8,2022
Certificados Inversión Especial BCRD2,JMMB_BDI,6.18,8,2022
Certificados Inversión Especial BCRD2,POPULAR,6.9,8,2022
Certificados Inversión Especial BCRD2,RESERVAS,6.54,8,2022
Certificados Inversión Especial BCRD2,ROMANA,7.16,8,2022
Certificados Inversión Especial BCRD2,SIEMBRA,5.4399999999999995,8,2022
Certificados Inversión Especial BCRD2,RESERVAS-R3,6.140000000000001,8,2022
Certificados Inversión Especial BCRD2,BANCO_CENTRAL-R3,12.389999999999999,8,2022
Certificados Inversión Especial BCRD2,FONDO_DE_SOLIDARIDAD_SOCIAL,6.36,8,2022
Letras BCRD,ATLÁNTICO,0,8,2022
Letras BCRD,CRECER,0,8,2022
Letras BCRD,JMMB_BDI,0,8,2022
Letras BCRD,POPULAR,0,8,2022
Letras BCRD,RESERVAS,0,8,2022
Letras BCRD,ROMANA,0,8,2022
Letras BCRD,SIEMBRA,0,8,2022
Letras BCRD,RESERVAS-R3,0,8,2022
Letras BCRD,BANCO_CENTRAL-R3,0,8,2022
Letras BCRD,FONDO_DE_SOLIDARIDAD_SOCIAL,0,8,2022
Notas BCRD2,ATLÁNTICO,6.140000000000001,8,2022
Notas BCRD2,CRECER,9.24,8,2022
Notas BCRD2,JMMB_BDI,9.27,8,2022
Notas BCRD2,POPULAR,8.649999999999999,8,2022
Notas BCRD2,RESERVAS,7.61,8,2022
Notas BCRD2,ROMANA,7.960000000000001,8,2022
Notas BCRD2,SIEMBRA,9.83,8,2022
Notas BCRD2,RESERVAS-R3,6.959999999999999,8,2022
Notas BCRD2,BANCO_CENTRAL-R3,9.21,8,2022
Notas BCRD2,FONDO_DE_SOLIDARIDAD_SOCIAL,8.17,8,2022
Bonos Ministerio de Hacienda,ATLÁNTICO,5.5,9,2022
Bonos Ministerio de Hacienda,CRECER,7.199999999999999,9,2022
Bonos Ministerio de Hacienda,JMMB_BDI,7.04,9,2022
Bonos Ministerio de Hacienda,POPULAR,6.7,9,2022
Bonos Ministerio de Hacienda,RESERVAS,7.51,9,2022
Bonos Ministerio de Hacienda,ROMANA,6.950000000000001,9,2022
Bonos Ministerio de Hacienda,SIEMBRA,6.2,9,2022
Bonos Ministerio de Hacienda,RESERVAS-R3,6.64,9,2022
Bonos Ministerio de Hacienda,BANCO_CENTRAL-R3,6.34,9,2022
Bonos Ministerio de Hacienda,FONDO_DE_SOLIDARIDAD_SOCIAL,7.39,9,2022
Bonos EIF 1,ATLÁNTICO,10.71,9,2022
Bonos EIF 1,CRECER,10.01,9,2022
Bonos EIF 1,JMMB_BDI,9.34,9,2022
Bonos EIF 1,POPULAR,9.65,9,2022
Bonos EIF 1,RESERVAS,9.62,9,2022
Bonos EIF 1,ROMANA,10,9,2022
Bonos EIF 1,SIEMBRA,9.66,9,2022
Bonos EIF 1,RESERVAS-R3,9.049999999999999,9,2022
Bonos EIF 1,BANCO_CENTRAL-R3,9.53,9,2022
Bonos EIF 1,FONDO_DE_SOLIDARIDAD_SOCIAL,9.49,9,2022
Certificados de Depósito EIF1,ATLÁNTICO,9.36,9,2022
Certificados de Depósito EIF1,CRECER,11.14,9,2022
Certificados de Depósito EIF1,JMMB_BDI,10.59,9,2022
Certificados de Depósito EIF1,POPULAR,7.88,9,2022
Certificados de Depósito EIF1,RESERVAS,9.39,9,2022
Certificados de Depósito EIF1,ROMANA,10.530000000000001,9,2022
Certificados de Depósito EIF1,SIEMBRA,7.16,9,2022
Certificados de Depósito EIF1,RESERVAS-R3,9.94,9,2022
Certificados de Depósito EIF1,BANCO_CENTRAL-R3,10.7,9,2022
Certificados de Depósito EIF1,FONDO_DE_SOLIDARIDAD_SOCIAL,8.51,9,2022
Certificados Inversión Especial BCRD2,ATLÁNTICO,6.61,9,2022
Certificados Inversión Especial BCRD2,CRECER,6.75,9,2022
Certificados Inversión Especial BCRD2,JMMB_BDI,6.18,9,2022
Certificados Inversión Especial BCRD2,POPULAR,6.9,9,2022
Certificados Inversión Especial BCRD2,RESERVAS,6.54,9,2022
Certificados Inversión Especial BCRD2,ROMANA,7.17,9,2022
Certificados Inversión Especial BCRD2,SIEMBRA,5.489999999999999,9,2022
Certificados Inversión Especial BCRD2,RESERVAS-R3,6.140000000000001,9,2022
Certificados Inversión Especial BCRD2,BANCO_CENTRAL-R3,12.389999999999999,9,2022
Certificados Inversión Especial BCRD2,FONDO_DE_SOLIDARIDAD_SOCIAL,6.36,9,2022
Notas BCRD2,ATLÁNTICO,6.710000000000001,9,2022
Notas BCRD2,CRECER,9.15,9,2022
Notas BCRD2,JMMB_BDI,9.31,9,2022
Notas BCRD2,POPULAR,8.86,9,2022
Notas BCRD2,RESERVAS,7.76,9,2022
Notas BCRD2,ROMANA,7.9399999999999995,9,2022
Notas BCRD2,SIEMBRA,9.83,9,2022
Notas BCRD2,RESERVAS-R3,6.950000000000001,9,2022
Notas BCRD2,BANCO_CENTRAL-R3,9.21,9,2022
Notas BCRD2,FONDO_DE_SOLIDARIDAD_SOCIAL,8.17,9,2022
Bonos Ministerio de Hacienda,ATLÁNTICO,5.8500000000000005,10,2022
Bonos Ministerio de Hacienda,CRECER,7.17,10,2022
Bonos Ministerio de Hacienda,JMMB_BDI,6.69,10,2022
Bonos Ministerio de Hacienda,POPULAR,6.87,10,2022
Bonos Ministerio de Hacienda,RESERVAS,7.41,10,2022
Bonos Ministerio de Hacienda,ROMANA,6.950000000000001,10,2022
Bonos Ministerio de Hacienda,SIEMBRA,6.41,10,2022
Bonos Ministerio de Hacienda,RESERVAS-R3,6.64,10,2022
Bonos Ministerio de Hacienda,BANCO_CENTRAL-R3,6.34,10,2022
Bonos Ministerio de Hacienda,FONDO_DE_SOLIDARIDAD_SOCIAL,7.41,10,2022
Bonos EIF 1,ATLÁNTICO,10.71,10,2022
Bonos EIF 1,CRECER,10.11,10,2022
Bonos EIF 1,JMMB_BDI,9.34,10,2022
Bonos EIF 1,POPULAR,9.83,10,2022
Bonos EIF 1,RESERVAS,9.85,10,2022
Bonos EIF 1,ROMANA,10,10,2022
Bonos EIF 1,SIEMBRA,9.790000000000001,10,2022
Bonos EIF 1,RESERVAS-R3,9.46,10,2022
Bonos EIF 1,BANCO_CENTRAL-R3,9.53,10,2022
Bonos EIF 1,FONDO_DE_SOLIDARIDAD_SOCIAL,9.71,10,2022
Certificados de Depósito EIF1,ATLÁNTICO,10.02,10,2022
Certificados de Depósito EIF1,CRECER,9.22,10,2022
Certificados de Depósito EIF1,JMMB_BDI,10.05,10,2022
Certificados de Depósito EIF1,POPULAR,10.41,10,2022
Certificados de Depósito EIF1,RESERVAS,10.23,10,2022
Certificados de Depósito EIF1,ROMANA,10.82,10,2022
Certificados de Depósito EIF1,SIEMBRA,7.049999999999999,10,2022
Certificados de Depósito EIF1,RESERVAS-R3,11.01,10,2022
Certificados de Depósito EIF1,BANCO_CENTRAL-R3,10.73,10,2022
Certificados de Depósito EIF1,FONDO_DE_SOLIDARIDAD_SOCIAL,9.879999999999999,10,2022
Certificados Inversión Especial BCRD2,ATLÁNTICO,6.8500000000000005,10,2022
Certificados Inversión Especial BCRD2,CRECER,6.75,10,2022
Certificados Inversión Especial BCRD2,JMMB_BDI,6.38,10,2022
Certificados Inversión Especial BCRD2,POPULAR,7.17,10,2022
Certificados Inversión Especial BCRD2,RESERVAS,3.9800000000000004,10,2022
Certificados Inversión Especial BCRD2,ROMANA,7.16,10,2022
Certificados Inversión Especial BCRD2,SIEMBRA,5.58,10,2022
Certificados Inversión Especial BCRD2,RESERVAS-R3,6.12,10,2022
Certificados Inversión Especial BCRD2,BANCO_CENTRAL-R3,12.389999999999999,10,2022
Certificados Inversión Especial BCRD2,FONDO_DE_SOLIDARIDAD_SOCIAL,6.35,10,2022
Notas BCRD2,ATLÁNTICO,6.32,10,2022
Notas BCRD2,CRECER,9.15,10,2022
Notas BCRD2,JMMB_BDI,10.02,10,2022
Notas BCRD2,POPULAR,10.100000000000001,10,2022
Notas BCRD2,RESERVAS,8.88,10,2022
Notas BCRD2,ROMANA,8.23,10,2022
Notas BCRD2,SIEMBRA,10.47,10,2022
Notas BCRD2,RESERVAS-R3,6.97,10,2022
Notas BCRD2,BANCO_CENTRAL-R3,9.49,10,2022
Notas BCRD2,FONDO_DE_SOLIDARIDAD_SOCIAL,8.82,10,2022
Bonos Ministerio de Hacienda,ATLÁNTICO,5.66,11,2022
Bonos Ministerio de Hacienda,CRECER,7.13,11,2022
Bonos Ministerio de Hacienda,JMMB_BDI,6.72,11,2022
Bonos Ministerio de Hacienda,POPULAR,6.859999999999999,11,2022
Bonos Ministerio de Hacienda,RESERVAS,7.3,11,2022
Bonos Ministerio de Hacienda,ROMANA,7.06,11,2022
Bonos Ministerio de Hacienda,SIEMBRA,6.529999999999999,11,2022
Bonos Ministerio de Hacienda,RESERVAS-R3,6.64,11,2022
Bonos Ministerio de Hacienda,BANCO_CENTRAL-R3,6.54,11,2022
Bonos Ministerio de Hacienda,FONDO_DE_SOLIDARIDAD_SOCIAL,7.41,11,2022
Bonos EIF 1,ATLÁNTICO,10.22,11,2022
Bonos EIF 1,CRECER,10.11,11,2022
Bonos EIF 1,JMMB_BDI,9.39,11,2022
Bonos EIF 1,POPULAR,9.83,11,2022
Bonos EIF 1,RESERVAS,9.85,11,2022
Bonos EIF 1,ROMANA,10,11,2022
Bonos EIF 1,SIEMBRA,9.78,11,2022
Bonos EIF 1,RESERVAS-R3,9.45,11,2022
Bonos EIF 1,BANCO_CENTRAL-R3,9.520000000000001,11,2022
Bonos EIF 1,FONDO_DE_SOLIDARIDAD_SOCIAL,9.71,11,2022
Certificados de Depósito EIF1,ATLÁNTICO,9.21,11,2022
Certificados de Depósito EIF1,CRECER,9.87,11,2022
Certificados de Depósito EIF1,JMMB_BDI,11.51,11,2022
Certificados de Depósito EIF1,POPULAR,10.7,11,2022
Certificados de Depósito EIF1,RESERVAS,11.12,11,2022
Certificados de Depósito EIF1,ROMANA,10.82,11,2022
Certificados de Depósito EIF1,SIEMBRA,7.5,11,2022
Certificados de Depósito EIF1,RESERVAS-R3,11.64,11,2022
Certificados de Depósito EIF1,BANCO_CENTRAL-R3,11.3,11,2022
Certificados de Depósito EIF1,FONDO_DE_SOLIDARIDAD_SOCIAL,10.81,11,2022
Certificados Inversión Especial BCRD2,ATLÁNTICO,7.580000000000001,11,2022
Certificados Inversión Especial BCRD2,CRECER,5.58,11,2022
Certificados Inversión Especial BCRD2,JMMB_BDI,6.38,11,2022
Certificados Inversión Especial BCRD2,POPULAR,7.17,11,2022
Certificados Inversión Especial BCRD2,RESERVAS,3.17,11,2022
Certificados Inversión Especial BCRD2,ROMANA,7.16,11,2022
Certificados Inversión Especial BCRD2,SIEMBRA,5.13,11,2022
Certificados Inversión Especial BCRD2,RESERVAS-R3,6.12,11,2022
Certificados Inversión Especial BCRD2,BANCO_CENTRAL-R3,12.389999999999999,11,2022
Certificados Inversión Especial BCRD2,FONDO_DE_SOLIDARIDAD_SOCIAL,6.370000000000001,11,2022
Notas BCRD2,ATLÁNTICO,7.01,11,2022
Notas BCRD2,CRECER,9.85,11,2022
Notas BCRD2,JMMB_BDI,10.09,11,2022
Notas BCRD2,POPULAR,10.11,11,2022
Notas BCRD2,RESERVAS,6.3,11,2022
Notas BCRD2,ROMANA,8.24,11,2022
Notas BCRD2,SIEMBRA,10.75,11,2022
Notas BCRD2,RESERVAS-R3,6.98,11,2022
Notas BCRD2,BANCO_CENTRAL-R3,9.5,11,2022
Notas BCRD2,FONDO_DE_SOLIDARIDAD_SOCIAL,8.85,11,2022
Bonos Ministerio de Hacienda,ATLÁNTICO,5.7299999999999995,12,2022
Bonos Ministerio de Hacienda,CRECER,7.199999999999999,12,2022
Bonos Ministerio de Hacienda,JMMB_BDI,6.69,12,2022
Bonos Ministerio de Hacienda,POPULAR,6.83,12,2022
Bonos Ministerio de Hacienda,RESERVAS,7.37,12,2022
Bonos Ministerio de Hacienda,ROMANA,7.049999999999999,12,2022
Bonos Ministerio de Hacienda,SIEMBRA,6.58,12,2022
Bonos Ministerio de Hacienda,RESERVAS-R3,6.64,12,2022
Bonos Ministerio de Hacienda,BANCO_CENTRAL-R3,6.5600000000000005,12,2022
Bonos Ministerio de Hacienda,FONDO_DE_SOLIDARIDAD_SOCIAL,7.41,12,2022
Bonos EIF 1,ATLÁNTICO,10.22,12,2022
Bonos EIF 1,CRECER,10.11,12,2022
Bonos EIF 1,JMMB_BDI,10.01,12,2022
Bonos EIF 1,POPULAR,10.41,12,2022
Bonos EIF 1,RESERVAS,10.23,12,2022
Bonos EIF 1,ROMANA,10,12,2022
Bonos EIF 1,SIEMBRA,10.52,12,2022
Bonos EIF 1,RESERVAS-R3,11.18,12,2022
Bonos EIF 1,BANCO_CENTRAL-R3,9.520000000000001,12,2022
Bonos EIF 1,FONDO_DE_SOLIDARIDAD_SOCIAL,10.35,12,2022
Certificados de Depósito EIF1,ATLÁNTICO,9.71,12,2022
Certificados de Depósito EIF1,CRECER,8.870000000000001,12,2022
Certificados de Depósito EIF1,JMMB_BDI,13.489999999999998,12,2022
Certificados de Depósito EIF1,POPULAR,12.34,12,2022
Certificados de Depósito EIF1,RESERVAS,11.379999999999999,12,2022
Certificados de Depósito EIF1,ROMANA,11.15,12,2022
Certificados de Depósito EIF1,SIEMBRA,8.91,12,2022
Certificados de Depósito EIF1,RESERVAS-R3,11.31,12,2022
Certificados de Depósito EIF1,BANCO_CENTRAL-R3,13.07,12,2022
Certificados de Depósito EIF1,FONDO_DE_SOLIDARIDAD_SOCIAL,10.57,12,2022
Certificados Inversión Especial BCRD2,ATLÁNTICO,7.580000000000001,12,2022
Certificados Inversión Especial BCRD2,CRECER,5.58,12,2022
Certificados Inversión Especial BCRD2,JMMB_BDI,6.39,12,2022
Certificados Inversión Especial BCRD2,POPULAR,7.17,12,2022
Certificados Inversión Especial BCRD2,RESERVAS,3.7900000000000005,12,2022
Certificados Inversión Especial BCRD2,ROMANA,7.16,12,2022
Certificados Inversión Especial BCRD2,SIEMBRA,5.13,12,2022
Certificados Inversión Especial BCRD2,RESERVAS-R3,6.140000000000001,12,2022
Certificados Inversión Especial BCRD2,BANCO_CENTRAL-R3,12.389999999999999,12,2022
Certificados Inversión Especial BCRD2,FONDO_DE_SOLIDARIDAD_SOCIAL,6.370000000000001,12,2022
Notas BCRD2,ATLÁNTICO,7.06,12,2022
Notas BCRD2,CRECER,9.09,12,2022
Notas BCRD2,JMMB_BDI,10.100000000000001,12,2022
Notas BCRD2,POPULAR,10.12,12,2022
Notas BCRD2,RESERVAS,8.469999999999999,12,2022
Notas BCRD2,ROMANA,8.25,12,2022
Notas BCRD2,SIEMBRA,10.85,12,2022
Notas BCRD2,RESERVAS-R3,6.98,12,2022
Notas BCRD2,BANCO_CENTRAL-R3,9.5,12,2022
Notas BCRD2,FONDO_DE_SOLIDARIDAD_SOCIAL,8.86,12,2022
Bonos Ministerio de Hacienda,ATLÁNTICO,5.779999999999999,1,2023
Bonos Ministerio de Hacienda,CRECER,7.21,1,2023
Bonos Ministerio de Hacienda,JMMB_BDI,6.7299999999999995,1,2023
Bonos Ministerio de Hacienda,POPULAR,6.909999999999999,1,2023
Bonos Ministerio de Hacienda,RESERVAS,7.37,1,2023
Bonos Ministerio de Hacienda,ROMANA,7.049999999999999,1,2023
Bonos Ministerio de Hacienda,SIEMBRA,6.61,1,2023
Bonos Ministerio de Hacienda,RESERVAS-R3,6.64,1,2023
Bonos Ministerio de Hacienda,BANCO_CENTRAL-R3,6.569999999999999,1,2023
Bonos Ministerio de Hacienda,FONDO_DE_SOLIDARIDAD_SOCIAL,7.42,1,2023
Bonos EIF 1,ATLÁNTICO,10.22,1,2023
Bonos EIF 1,CRECER,10.11,1,2023
Bonos EIF 1,JMMB_BDI,10.25,1,2023
Bonos EIF 1,POPULAR,10.42,1,2023
Bonos EIF 1,RESERVAS,10.23,1,2023
Bonos EIF 1,ROMANA,10,1,2023
Bonos EIF 1,SIEMBRA,10.52,1,2023
Bonos EIF 1,RESERVAS-R3,11.18,1,2023
Bonos EIF 1,BANCO_CENTRAL-R3,9.520000000000001,1,2023
Bonos EIF 1,FONDO_DE_SOLIDARIDAD_SOCIAL,10.35,1,2023
Certificados de Depósito EIF1,ATLÁNTICO,11.15,1,2023
Certificados de Depósito EIF1,CRECER,9.08,1,2023
Certificados de Depósito EIF1,JMMB_BDI,11.51,1,2023
Certificados de Depósito EIF1,POPULAR,10.63,1,2023
Certificados de Depósito EIF1,RESERVAS,9.93,1,2023
Certificados de Depósito EIF1,ROMANA,11.32,1,2023
Certificados de Depósito EIF1,SIEMBRA,8.44,1,2023
Certificados de Depósito EIF1,RESERVAS-R3,9.58,1,2023
Certificados de Depósito EIF1,BANCO_CENTRAL-R3,14.39,1,2023
Certificados de Depósito EIF1,FONDO_DE_SOLIDARIDAD_SOCIAL,9.11,1,2023
Certificados Inversión Especial BCRD2,ATLÁNTICO,7.580000000000001,1,2023
Certificados Inversión Especial BCRD2,CRECER,5.58,1,2023
Certificados Inversión Especial BCRD2,JMMB_BDI,6.39,1,2023
Certificados Inversión Especial BCRD2,POPULAR,7.17,1,2023
Certificados Inversión Especial BCRD2,RESERVAS,3.7900000000000005,1,2023
Certificados Inversión Especial BCRD2,ROMANA,7.16,1,2023
Certificados Inversión Especial BCRD2,SIEMBRA,5.13,1,2023
Certificados Inversión Especial BCRD2,RESERVAS-R3,6.140000000000001,1,2023
Certificados Inversión Especial BCRD2,BANCO_CENTRAL-R3,16.220000000000002,1,2023
Certificados Inversión Especial BCRD2,FONDO_DE_SOLIDARIDAD_SOCIAL,6.370000000000001,1,2023
Notas BCRD2,ATLÁNTICO,7.02,1,2023
Notas BCRD2,CRECER,8.97,1,2023
Notas BCRD2,JMMB_BDI,11.219999999999999,1,2023
Notas BCRD2,POPULAR,10.879999999999999,1,2023
Notas BCRD2,RESERVAS,9.76,1,2023
Notas BCRD2,ROMANA,8.260000000000002,1,2023
Notas BCRD2,SIEMBRA,10.92,1,2023
Notas BCRD2,RESERVAS-R3,8.33,1,2023
Notas BCRD2,BANCO_CENTRAL-R3,10.95,1,2023
Notas BCRD2,FONDO_DE_SOLIDARIDAD_SOCIAL,8.88,1,2023
Bonos Ministerio de Hacienda,ATLÁNTICO,5.76,2,2023
Bonos Ministerio de Hacienda,CRECER,7.340000000000001,2,2023
Bonos Ministerio de Hacienda,JMMB_BDI,6.13,2,2023
Bonos Ministerio de Hacienda,POPULAR,6.92,2,2023
Bonos Ministerio de Hacienda,RESERVAS,7.48,2,2023
Bonos Ministerio de Hacienda,ROMANA,7.049999999999999,2,2023
Bonos Ministerio de Hacienda,SIEMBRA,6.63,2,2023
Bonos Ministerio de Hacienda,RESERVAS-R3,6.950000000000001,2,2023
Bonos Ministerio de Hacienda,BANCO_CENTRAL-R3,6.61,2,2023
Bonos Ministerio de Hacienda,FONDO_DE_SOLIDARIDAD_SOCIAL,7.630000000000001,2,2023
Bonos EIF 1,ATLÁNTICO,10.209999999999999,2,2023
Bonos EIF 1,CRECER,10.11,2,2023
Bonos EIF 1,JMMB_BDI,10.25,2,2023
Bonos EIF 1,POPULAR,10.41,2,2023
Bonos EIF 1,RESERVAS,10.24,2,2023
Bonos EIF 1,ROMANA,10,2,2023
Bonos EIF 1,SIEMBRA,10.51,2,2023
Bonos EIF 1,RESERVAS-R3,11.17,2,2023
Bonos EIF 1,BANCO_CENTRAL-R3,9.53,2,2023
Bonos EIF 1,FONDO_DE_SOLIDARIDAD_SOCIAL,10.35,2,2023
Certificados de Depósito EIF1,ATLÁNTICO,9.25,2,2023
Certificados de Depósito EIF1,CRECER,7.9799999999999995,2,2023
Certificados de Depósito EIF1,JMMB_BDI,12.509999999999998,2,2023
Certificados de Depósito EIF1,POPULAR,9.08,2,2023
Certificados de Depósito EIF1,RESERVAS,9.21,2,2023
Certificados de Depósito EIF1,ROMANA,11.51,2,2023
Certificados de Depósito EIF1,SIEMBRA,8.09,2,2023
Certificados de Depósito EIF1,RESERVAS-R3,9.229999999999999,2,2023
Certificados de Depósito EIF1,BANCO_CENTRAL-R3,13.98,2,2023
Certificados de Depósito EIF1,FONDO_DE_SOLIDARIDAD_SOCIAL,9.1,2,2023
Certificados Inversión Especial BCRD2,ATLÁNTICO,7.580000000000001,2,2023
Certificados Inversión Especial BCRD2,CRECER,0,2,2023
Certificados Inversión Especial BCRD2,JMMB_BDI,6.7,2,2023
Certificados Inversión Especial BCRD2,POPULAR,7.55,2,2023
Certificados Inversión Especial BCRD2,RESERVAS,0,2,2023
Certificados Inversión Especial BCRD2,ROMANA,7.17,2,2023
Certificados Inversión Especial BCRD2,SIEMBRA,5.09,2,2023
Certificados Inversión Especial BCRD2,RESERVAS-R3,5.09,2,2023
Certificados Inversión Especial BCRD2,BANCO_CENTRAL-R3,13.459999999999999,2,2023
Certificados Inversión Especial BCRD2,FONDO_DE_SOLIDARIDAD_SOCIAL,6.260000000000001,2,2023
Notas BCRD2,ATLÁNTICO,7.06,2,2023
Notas BCRD2,CRECER,6.64,2,2023
Notas BCRD2,JMMB_BDI,11.55,2,2023
Notas BCRD2,POPULAR,11.469999999999999,2,2023
Notas BCRD2,RESERVAS,12.36,2,2023
Notas BCRD2,ROMANA,8.459999999999999,2,2023
Notas BCRD2,SIEMBRA,11.17,2,2023
Notas BCRD2,RESERVAS-R3,8.82,2,2023
Notas BCRD2,BANCO_CENTRAL-R3,11.61,2,2023
Notas BCRD2,FONDO_DE_SOLIDARIDAD_SOCIAL,10.01,2,2023
Bonos Ministerio de Hacienda,ATLÁNTICO,5.93,3,2023
Bonos Ministerio de Hacienda,CRECER,7.28,3,2023
Bonos Ministerio de Hacienda,JMMB_BDI,6.8500000000000005,3,2023
Bonos Ministerio de Hacienda,POPULAR,7.08,3,2023
Bonos Ministerio de Hacienda,RESERVAS,7.470000000000001,3,2023
Bonos Ministerio de Hacienda,ROMANA,7.06,3,2023
Bonos Ministerio de Hacienda,SIEMBRA,6.87,3,2023
Bonos Ministerio de Hacienda,RESERVAS-R3,6.94,3,2023
Bonos Ministerio de Hacienda,BANCO_CENTRAL-R3,6.64,3,2023
Bonos Ministerio de Hacienda,FONDO_DE_SOLIDARIDAD_SOCIAL,7.61,3,2023
Bonos EIF 1,ATLÁNTICO,10.22,3,2023
Bonos EIF 1,CRECER,10.11,3,2023
Bonos EIF 1,JMMB_BDI,10.12,3,2023
Bonos EIF 1,POPULAR,10.440000000000001,3,2023
Bonos EIF 1,RESERVAS,10.24,3,2023
Bonos EIF 1,ROMANA,10,3,2023
Bonos EIF 1,SIEMBRA,10.549999999999999,3,2023
Bonos EIF 1,RESERVAS-R3,11.18,3,2023
Bonos EIF 1,BANCO_CENTRAL-R3,9.53,3,2023
Bonos EIF 1,FONDO_DE_SOLIDARIDAD_SOCIAL,10.36,3,2023
Certificados de Depósito EIF1,ATLÁNTICO,9.91,3,2023
Certificados de Depósito EIF1,CRECER,8.28,3,2023
Certificados de Depósito EIF1,JMMB_BDI,12.45,3,2023
Certificados de Depósito EIF1,POPULAR,10.2,3,2023
Certificados de Depósito EIF1,RESERVAS,9.49,3,2023
Certificados de Depósito EIF1,ROMANA,11.81,3,2023
Certificados de Depósito EIF1,SIEMBRA,7.59,3,2023
Certificados de Depósito EIF1,RESERVAS-R3,9.32,3,2023
Certificados de Depósito EIF1,BANCO_CENTRAL-R3,12.82,3,2023
Certificados de Depósito EIF1,FONDO_DE_SOLIDARIDAD_SOCIAL,9.09,3,2023
Certificados Inversión Especial BCRD2,ATLÁNTICO,7.580000000000001,3,2023
Certificados Inversión Especial BCRD2,CRECER,0,3,2023
Certificados Inversión Especial BCRD2,JMMB_BDI,5.34,3,2023
Certificados Inversión Especial BCRD2,POPULAR,7.5600000000000005,3,2023
Certificados Inversión Especial BCRD2,RESERVAS,0,3,2023
Certificados Inversión Especial BCRD2,ROMANA,7.17,3,2023
Certificados Inversión Especial BCRD2,SIEMBRA,0,3,2023
Certificados Inversión Especial BCRD2,RESERVAS-R3,5.09,3,2023
Certificados Inversión Especial BCRD2,BANCO_CENTRAL-R3,13.459999999999999,3,2023
Certificados Inversión Especial BCRD2,FONDO_DE_SOLIDARIDAD_SOCIAL,6.260000000000001,3,2023
Notas BCRD2,ATLÁNTICO,7.049999999999999,3,2023
Notas BCRD2,CRECER,10.72,3,2023
Notas BCRD2,JMMB_BDI,11.98,3,2023
Notas BCRD2,POPULAR,12.02,3,2023
Notas BCRD2,RESERVAS,11.27,3,2023
Notas BCRD2,ROMANA,8.44,3,2023
Notas BCRD2,SIEMBRA,11.1,3,2023
Notas BCRD2,RESERVAS-R3,8.83,3,2023
Notas BCRD2,BANCO_CENTRAL-R3,11.76,3,2023
Notas BCRD2,FONDO_DE_SOLIDARIDAD_SOCIAL,10.02,3,2023
Bonos Ministerio de Hacienda,ATLÁNTICO,5.7,4,2023
Bonos Ministerio de Hacienda,CRECER,7.6499999999999995,4,2023
Bonos Ministerio de Hacienda,JMMB_BDI,7.000000000000001,4,2023
Bonos Ministerio de Hacienda,POPULAR,7.08,4,2023
Bonos Ministerio de Hacienda,RESERVAS,7.51,4,2023
Bonos Ministerio de Hacienda,ROMANA,7.06,4,2023
Bonos Ministerio de Hacienda,SIEMBRA,6.92,4,2023
Bonos Ministerio de Hacienda,RESERVAS-R3,6.94,4,2023
Bonos Ministerio de Hacienda,BANCO_CENTRAL-R3,6.67,4,2023
Bonos Ministerio de Hacienda,FONDO_DE_SOLIDARIDAD_SOCIAL,7.630000000000001,4,2023
Bonos EIF 1,ATLÁNTICO,10.22,4,2023
Bonos EIF 1,CRECER,10.11,4,2023
Bonos EIF 1,JMMB_BDI,9.91,4,2023
Bonos EIF 1,POPULAR,10.440000000000001,4,2023
Bonos EIF 1,RESERVAS,10.24,4,2023
Bonos EIF 1,ROMANA,10,4,2023
Bonos EIF 1,SIEMBRA,10.549999999999999,4,2023
Bonos EIF 1,RESERVAS-R3,11.18,4,2023
Bonos EIF 1,BANCO_CENTRAL-R3,9.53,4,2023
Bonos EIF 1,FONDO_DE_SOLIDARIDAD_SOCIAL,10.36,4,2023
Certificados de Depósito EIF1,ATLÁNTICO,8.649999999999999,4,2023
Certificados de Depósito EIF1,CRECER,10.76,4,2023
Certificados de Depósito EIF1,JMMB_BDI,12.7,4,2023
Certificados de Depósito EIF1,POPULAR,11.110000000000001,4,2023
Certificados de Depósito EIF1,RESERVAS,9.959999999999999,4,2023
Certificados de Depósito EIF1,ROMANA,11.86,4,2023
Certificados de Depósito EIF1,SIEMBRA,9.83,4,2023
Certificados de Depósito EIF1,RESERVAS-R3,9.969999999999999,4,2023
Certificados de Depósito EIF1,BANCO_CENTRAL-R3,12.91,4,2023
Certificados de Depósito EIF1,FONDO_DE_SOLIDARIDAD_SOCIAL,9.54,4,2023
Certificados Inversión Especial BCRD2,ATLÁNTICO,7.580000000000001,4,2023
Certificados Inversión Especial BCRD2,CRECER,0,4,2023
Certificados Inversión Especial BCRD2,JMMB_BDI,5.34,4,2023
Certificados Inversión Especial BCRD2,POPULAR,7.5600000000000005,4,2023
Certificados Inversión Especial BCRD2,RESERVAS,0,4,2023
Certificados Inversión Especial BCRD2,ROMANA,7.17,4,2023
Certificados Inversión Especial BCRD2,SIEMBRA,0,4,2023
Certificados Inversión Especial BCRD2,RESERVAS-R3,5.09,4,2023
Certificados Inversión Especial BCRD2,BANCO_CENTRAL-R3,13.459999999999999,4,2023
Certificados Inversión Especial BCRD2,FONDO_DE_SOLIDARIDAD_SOCIAL,7.580000000000001,4,2023
Letras BCRD2,ATLÁNTICO,0,4,2023
Letras BCRD2,CRECER,0,4,2023
Letras BCRD2,JMMB_BDI,0,4,2023
Letras BCRD2,POPULAR,12.73,4,2023
Letras BCRD2,RESERVAS,0,4,2023
Letras BCRD2,ROMANA,0,4,2023
Letras BCRD2,SIEMBRA,0,4,2023
Letras BCRD2,RESERVAS-R3,0,4,2023
Letras BCRD2,BANCO_CENTRAL-R3,0,4,2023
Letras BCRD2,FONDO_DE_SOLIDARIDAD_SOCIAL,0,4,2023
Notas BCRD2,ATLÁNTICO,5.82,4,2023
Notas BCRD2,CRECER,10.73,4,2023
Notas BCRD2,JMMB_BDI,12.280000000000001,4,2023
Notas BCRD2,POPULAR,12.01,4,2023
Notas BCRD2,RESERVAS,12.46,4,2023
Notas BCRD2,ROMANA,8.49,4,2023
Notas BCRD2,SIEMBRA,11.07,4,2023
Notas BCRD2,RESERVAS-R3,9.13,4,2023
Notas BCRD2,BANCO_CENTRAL-R3,11.76,4,2023
Notas BCRD2,FONDO_DE_SOLIDARIDAD_SOCIAL,9.719999999999999,4,2023
Bonos Ministerio de Hacienda,ATLÁNTICO,5.510000000000001,5,2023
Bonos Ministerio de Hacienda,CRECER,7.670000000000001,5,2023
Bonos Ministerio de Hacienda,JMMB_BDI,6.4799999999999995,5,2023
Bonos Ministerio de Hacienda,POPULAR,7.090000000000001,5,2023
Bonos Ministerio de Hacienda,RESERVAS,7.580000000000001,5,2023
Bonos Ministerio de Hacienda,ROMANA,7.07,5,2023
Bonos Ministerio de Hacienda,SIEMBRA,6.94,5,2023
Bonos Ministerio de Hacienda,RESERVAS-R3,6.950000000000001,5,2023
Bonos Ministerio de Hacienda,BANCO_CENTRAL-R3,6.69,5,2023
Bonos Ministerio de Hacienda,FONDO_DE_SOLIDARIDAD_SOCIAL,7.64,5,2023
Bonos EIF 1,ATLÁNTICO,10.209999999999999,5,2023
Bonos EIF 1,CRECER,10.11,5,2023
Bonos EIF 1,JMMB_BDI,9.91,5,2023
Bonos EIF 1,POPULAR,10.45,5,2023
Bonos EIF 1,RESERVAS,10.24,5,2023
Bonos EIF 1,ROMANA,10,5,2023
Bonos EIF 1,SIEMBRA,10.56,5,2023
Bonos EIF 1,RESERVAS-R3,11.200000000000001,5,2023
Bonos EIF 1,BANCO_CENTRAL-R3,9.520000000000001,5,2023
Bonos EIF 1,FONDO_DE_SOLIDARIDAD_SOCIAL,10.36,5,2023
Certificados de Depósito EIF1,ATLÁNTICO,8.37,5,2023
Certificados de Depósito EIF1,CRECER,10.8,5,2023
Certificados de Depósito EIF1,JMMB_BDI,12.94,5,2023
Certificados de Depósito EIF1,POPULAR,11.5,5,2023
Certificados de Depósito EIF1,RESERVAS,8.82,5,2023
Certificados de Depósito EIF1,ROMANA,12.590000000000002,5,2023
Certificados de Depósito EIF1,SIEMBRA,10.45,5,2023
Certificados de Depósito EIF1,RESERVAS-R3,10.33,5,2023
Certificados de Depósito EIF1,BANCO_CENTRAL-R3,12.11,5,2023
Certificados de Depósito EIF1,FONDO_DE_SOLIDARIDAD_SOCIAL,9.76,5,2023
Certificados Inversión Especial BCRD2,ATLÁNTICO,7.580000000000001,5,2023
Certificados Inversión Especial BCRD2,CRECER,0,5,2023
Certificados Inversión Especial BCRD2,JMMB_BDI,5.34,5,2023
Certificados Inversión Especial BCRD2,POPULAR,7.5600000000000005,5,2023
Certificados Inversión Especial BCRD2,RESERVAS,0,5,2023
Certificados Inversión Especial BCRD2,ROMANA,7.17,5,2023
Certificados Inversión Especial BCRD2,SIEMBRA,0,5,2023
Certificados Inversión Especial BCRD2,RESERVAS-R3,0,5,2023
Certificados Inversión Especial BCRD2,BANCO_CENTRAL-R3,13.459999999999999,5,2023
Certificados Inversión Especial BCRD2,FONDO_DE_SOLIDARIDAD_SOCIAL,7.580000000000001,5,2023
Letras BCRD2,ATLÁNTICO,0,5,2023
Letras BCRD2,CRECER,0,5,2023
Letras BCRD2,JMMB_BDI,0,5,2023
Letras BCRD2,POPULAR,12.659999999999998,5,2023
Letras BCRD2,RESERVAS,0,5,2023
Letras BCRD2,ROMANA,0,5,2023
Letras BCRD2,SIEMBRA,0,5,2023
Letras BCRD2,RESERVAS-R3,0,5,2023
Letras BCRD2,BANCO_CENTRAL-R3,0,5,2023
Letras BCRD2,FONDO_DE_SOLIDARIDAD_SOCIAL,0,5,2023
Notas BCRD2,ATLÁNTICO,7.090000000000001,5,2023
Notas BCRD2,CRECER,10.75,5,2023
Notas BCRD2,JMMB_BDI,12.2,5,2023
Notas BCRD2,POPULAR,12.02,5,2023
Notas BCRD2,RESERVAS,12.520000000000001,5,2023
Notas BCRD2,ROMANA,8.5,5,2023
Notas BCRD2,SIEMBRA,11.1,5,2023
Notas BCRD2,RESERVAS-R3,9.139999999999999,5,2023
Notas BCRD2,BANCO_CENTRAL-R3,11.78,5,2023
Notas BCRD2,FONDO_DE_SOLIDARIDAD_SOCIAL,9.73,5,2023
Bonos Ministerio de Hacienda,ATLÁNTICO,5.4,6,2023
Bonos Ministerio de Hacienda,CRECER,7.53,6,2023
Bonos Ministerio de Hacienda,JMMB_BDI,6.54,6,2023
Bonos Ministerio de Hacienda,POPULAR,7.049999999999999,6,2023
Bonos Ministerio de Hacienda,RESERVAS,7.489999999999999,6,2023
Bonos Ministerio de Hacienda,ROMANA,7.049999999999999,6,2023
Bonos Ministerio de Hacienda,SIEMBRA,6.94,6,2023
Bonos Ministerio de Hacienda,RESERVAS-R3,6.950000000000001,6,2023
Bonos Ministerio de Hacienda,BANCO_CENTRAL-R3,6.710000000000001,6,2023
Bonos Ministerio de Hacienda,FONDO_DE_SOLIDARIDAD_SOCIAL,7.64,6,2023
Bonos EIF 1,ATLÁNTICO,10.22,6,2023
Bonos EIF 1,CRECER,10.15,6,2023
Bonos EIF 1,JMMB_BDI,9.92,6,2023
Bonos EIF 1,POPULAR,10.65,6,2023
Bonos EIF 1,RESERVAS,10.38,6,2023
Bonos EIF 1,ROMANA,10,6,2023
Bonos EIF 1,SIEMBRA,10.81,6,2023
Bonos EIF 1,RESERVAS-R3,11.86,6,2023
Bonos EIF 1,BANCO_CENTRAL-R3,9.520000000000001,6,2023
Bonos EIF 1,FONDO_DE_SOLIDARIDAD_SOCIAL,10.59,6,2023
Certificados de Depósito EIF1,ATLÁNTICO,8.99,6,2023
Certificados de Depósito EIF1,CRECER,9.8,6,2023
Certificados de Depósito EIF1,JMMB_BDI,12.42,6,2023
Certificados de Depósito EIF1,POPULAR,10.6,6,2023
Certificados de Depósito EIF1,RESERVAS,10.65,6,2023
Certificados de Depósito EIF1,ROMANA,12.73,6,2023
Certificados de Depósito EIF1,SIEMBRA,10.31,6,2023
Certificados de Depósito EIF1,RESERVAS-R3,10.32,6,2023
Certificados de Depósito EIF1,BANCO_CENTRAL-R3,12,6,2023
Certificados de Depósito EIF1,FONDO_DE_SOLIDARIDAD_SOCIAL,9.44,6,2023
Certificados Inversión Especial BCRD2,ATLÁNTICO,7.580000000000001,6,2023
Certificados Inversión Especial BCRD2,CRECER,0,6,2023
Certificados Inversión Especial BCRD2,JMMB_BDI,5.949999999999999,6,2023
Certificados Inversión Especial BCRD2,POPULAR,7.739999999999999,6,2023
Certificados Inversión Especial BCRD2,RESERVAS,0,6,2023
Certificados Inversión Especial BCRD2,ROMANA,7.17,6,2023
Certificados Inversión Especial BCRD2,SIEMBRA,0,6,2023
Certificados Inversión Especial BCRD2,RESERVAS-R3,0,6,2023
Certificados Inversión Especial BCRD2,BANCO_CENTRAL-R3,13.389999999999999,6,2023
Certificados Inversión Especial BCRD2,FONDO_DE_SOLIDARIDAD_SOCIAL,7.580000000000001,6,2023
Letras BCRD2,ATLÁNTICO,0,6,2023
Letras BCRD2,CRECER,0,6,2023
Letras BCRD2,JMMB_BDI,0,6,2023
Letras BCRD2,POPULAR,12.659999999999998,6,2023
Letras BCRD2,RESERVAS,0,6,2023
Letras BCRD2,ROMANA,0,6,2023
Letras BCRD2,SIEMBRA,0,6,2023
Letras BCRD2,RESERVAS-R3,0,6,2023
Letras BCRD2,BANCO_CENTRAL-R3,0,6,2023
Letras BCRD2,FONDO_DE_SOLIDARIDAD_SOCIAL,0,6,2023
Notas BCRD2,ATLÁNTICO,7.090000000000001,6,2023
Notas BCRD2,CRECER,10.7,6,2023
Notas BCRD2,JMMB_BDI,12.23,6,2023
Notas BCRD2,POPULAR,11.959999999999999,6,2023
Notas BCRD2,RESERVAS,12.139999999999999,6,2023
Notas BCRD2,ROMANA,8.58,6,2023
Notas BCRD2,SIEMBRA,11.1,6,2023
Notas BCRD2,RESERVAS-R3,9.06,6,2023
Notas BCRD2,BANCO_CENTRAL-R3,11.73,6,2023
Notas BCRD2,FONDO_DE_SOLIDARIDAD_SOCIAL,9.73,6,2023
Bonos Ministerio de Hacienda,ATLÁNTICO,5.13,7,2023
Bonos Ministerio de Hacienda,CRECER,7.55,7,2023
Bonos Ministerio de Hacienda,JMMB_BDI,6.47,7,2023
Bonos Ministerio de Hacienda,POPULAR,7.07,7,2023
Bonos Ministerio de Hacienda,RESERVAS,7.06,7,2023
Bonos Ministerio de Hacienda,ROMANA,7.06,7,2023
Bonos Ministerio de Hacienda,SIEMBRA,7.01,7,2023
Bonos Ministerio de Hacienda,RESERVAS-R3,6.959999999999999,7,2023
Bonos Ministerio de Hacienda,BANCO_CENTRAL-R3,6.74,7,2023
Bonos Ministerio de Hacienda,FONDO_DE_SOLIDARIDAD_SOCIAL,7.6499999999999995,7,2023
Bonos EIF 1,ATLÁNTICO,10.22,7,2023
Bonos EIF 1,CRECER,10.13,7,2023
Bonos EIF 1,JMMB_BDI,9.91,7,2023
Bonos EIF 1,POPULAR,10.66,7,2023
Bonos EIF 1,RESERVAS,10.38,7,2023
Bonos EIF 1,ROMANA,10,7,2023
Bonos EIF 1,SIEMBRA,10.82,7,2023
Bonos EIF 1,RESERVAS-R3,11.87,7,2023
Bonos EIF 1,BANCO_CENTRAL-R3,9.520000000000001,7,2023
Bonos EIF 1,FONDO_DE_SOLIDARIDAD_SOCIAL,10.59,7,2023
Certificados de Depósito EIF1,ATLÁNTICO,10.15,7,2023
Certificados de Depósito EIF1,CRECER,5.54,7,2023
Certificados de Depósito EIF1,JMMB_BDI,11.92,7,2023
Certificados de Depósito EIF1,POPULAR,8.81,7,2023
Certificados de Depósito EIF1,RESERVAS,7.3,7,2023
Certificados de Depósito EIF1,ROMANA,11.64,7,2023
Certificados de Depósito EIF1,SIEMBRA,7.380000000000001,7,2023
Certificados de Depósito EIF1,RESERVAS-R3,8.43,7,2023
Certificados de Depósito EIF1,BANCO_CENTRAL-R3,11.89,7,2023
Certificados de Depósito EIF1,FONDO_DE_SOLIDARIDAD_SOCIAL,7.06,7,2023
Certificados Inversión Especial BCRD2,ATLÁNTICO,7.580000000000001,7,2023
Certificados Inversión Especial BCRD2,CRECER,0,7,2023
Certificados Inversión Especial BCRD2,JMMB_BDI,5.949999999999999,7,2023
Certificados Inversión Especial BCRD2,POPULAR,7.739999999999999,7,2023
Certificados Inversión Especial BCRD2,RESERVAS,0,7,2023
Certificados Inversión Especial BCRD2,ROMANA,7.17,7,2023
Certificados Inversión Especial BCRD2,SIEMBRA,0,7,2023
Certificados Inversión Especial BCRD2,RESERVAS-R3,0,7,2023
Certificados Inversión Especial BCRD2,BANCO_CENTRAL-R3,13.459999999999999,7,2023
Certificados Inversión Especial BCRD2,FONDO_DE_SOLIDARIDAD_SOCIAL,7.580000000000001,7,2023
Letras BCRD2,ATLÁNTICO,0,7,2023
Letras BCRD2,CRECER,0,7,2023
Letras BCRD2,JMMB_BDI,0,7,2023
Letras BCRD2,POPULAR,12.659999999999998,7,2023
Letras BCRD2,RESERVAS,0,7,2023
Letras BCRD2,ROMANA,0,7,2023
Letras BCRD2,SIEMBRA,0,7,2023
Letras BCRD2,RESERVAS-R3,0,7,2023
Letras BCRD2,BANCO_CENTRAL-R3,0,7,2023
Letras BCRD2,FONDO_DE_SOLIDARIDAD_SOCIAL,0,7,2023
Notas BCRD2,ATLÁNTICO,7.1,7,2023
Notas BCRD2,CRECER,10.32,7,2023
Notas BCRD2,JMMB_BDI,11.63,7,2023
Notas BCRD2,POPULAR,11.49,7,2023
Notas BCRD2,RESERVAS,12.09,7,2023
Notas BCRD2,ROMANA,8.61,7,2023
Notas BCRD2,SIEMBRA,10.83,7,2023
Notas BCRD2,RESERVAS-R3,9.139999999999999,7,2023
Notas BCRD2,BANCO_CENTRAL-R3,11.74,7,2023
Notas BCRD2,FONDO_DE_SOLIDARIDAD_SOCIAL,9.75,7,2023
Bonos Ministerio de Hacienda,ATLÁNTICO,5.489999999999999,8,2023
Bonos Ministerio de Hacienda,CRECER,7.48,8,2023
Bonos Ministerio de Hacienda,JMMB_BDI,6.99,8,2023
Bonos Ministerio de Hacienda,POPULAR,7.06,8,2023
Bonos Ministerio de Hacienda,RESERVAS,7.580000000000001,8,2023
Bonos Ministerio de Hacienda,ROMANA,7.06,8,2023
Bonos Ministerio de Hacienda,SIEMBRA,6.99,8,2023
Bonos Ministerio de Hacienda,RESERVAS-R3,6.950000000000001,8,2023
Bonos Ministerio de Hacienda,BANCO_CENTRAL-R3,6.710000000000001,8,2023
Bonos Ministerio de Hacienda,FONDO_DE_SOLIDARIDAD_SOCIAL,7.6499999999999995,8,2023
Bonos EIF 1,ATLÁNTICO,10.209999999999999,8,2023
Bonos EIF 1,CRECER,10.13,8,2023
Bonos EIF 1,JMMB_BDI,9.91,8,2023
Bonos EIF 1,POPULAR,10.66,8,2023
Bonos EIF 1,RESERVAS,10.38,8,2023
Bonos EIF 1,ROMANA,10,8,2023
Bonos EIF 1,SIEMBRA,10.83,8,2023
Bonos EIF 1,RESERVAS-R3,11.87,8,2023
Bonos EIF 1,BANCO_CENTRAL-R3,9.53,8,2023
Bonos EIF 1,FONDO_DE_SOLIDARIDAD_SOCIAL,10.59,8,2023
Certificados de Depósito EIF1,ATLÁNTICO,8.200000000000001,8,2023
Certificados de Depósito EIF1,CRECER,7.04,8,2023
Certificados de Depósito EIF1,JMMB_BDI,12.030000000000001,8,2023
Certificados de Depósito EIF1,POPULAR,8.97,8,2023
Certificados de Depósito EIF1,RESERVAS,6.279999999999999,8,2023
Certificados de Depósito EIF1,ROMANA,11.559999999999999,8,2023
Certificados de Depósito EIF1,SIEMBRA,7.41,8,2023
Certificados de Depósito EIF1,RESERVAS-R3,7.68,8,2023
Certificados de Depósito EIF1,BANCO_CENTRAL-R3,11.68,8,2023
Certificados de Depósito EIF1,FONDO_DE_SOLIDARIDAD_SOCIAL,6.49,8,2023
Certificados Inversión Especial BCRD2,ATLÁNTICO,7.580000000000001,8,2023
Certificados Inversión Especial BCRD2,CRECER,0,8,2023
Certificados Inversión Especial BCRD2,JMMB_BDI,5.94,8,2023
Certificados Inversión Especial BCRD2,POPULAR,7.739999999999999,8,2023
Certificados Inversión Especial BCRD2,RESERVAS,0,8,2023
Certificados Inversión Especial BCRD2,ROMANA,7.17,8,2023
Certificados Inversión Especial BCRD2,SIEMBRA,0,8,2023
Certificados Inversión Especial BCRD2,RESERVAS-R3,0,8,2023
Certificados Inversión Especial BCRD2,BANCO_CENTRAL-R3,13.48,8,2023
Certificados Inversión Especial BCRD2,FONDO_DE_SOLIDARIDAD_SOCIAL,7.580000000000001,8,2023
Letras BCRD2,ATLÁNTICO,0,8,2023
Letras BCRD2,CRECER,0,8,2023
Letras BCRD2,JMMB_BDI,0,8,2023
Letras BCRD2,POPULAR,12.659999999999998,8,2023
Letras BCRD2,RESERVAS,0,8,2023
Letras BCRD2,ROMANA,0,8,2023
Letras BCRD2,SIEMBRA,0,8,2023
Letras BCRD2,RESERVAS-R3,0,8,2023
Letras BCRD2,BANCO_CENTRAL-R3,0,8,2023
Letras BCRD2,FONDO_DE_SOLIDARIDAD_SOCIAL,0,8,2023
Notas BCRD2,ATLÁNTICO,7.07,8,2023
Notas BCRD2,CRECER,4.65,8,2023
Notas BCRD2,JMMB_BDI,11.97,8,2023
Notas BCRD2,POPULAR,11.23,8,2023
Notas BCRD2,RESERVAS,11.129999999999999,8,2023
Notas BCRD2,ROMANA,8.61,8,2023
Notas BCRD2,SIEMBRA,10.81,8,2023
Notas BCRD2,RESERVAS-R3,9.139999999999999,8,2023
Notas BCRD2,BANCO_CENTRAL-R3,11.75,8,2023
Notas BCRD2,FONDO_DE_SOLIDARIDAD_SOCIAL,9.719999999999999,8,2023
Bonos Ministerio de Hacienda,ATLÁNTICO,5.489999999999999,9,2023
Bonos Ministerio de Hacienda,CRECER,7.5600000000000005,9,2023
Bonos Ministerio de Hacienda,JMMB_BDI,7.08,9,2023
Bonos Ministerio de Hacienda,POPULAR,7.06,9,2023
Bonos Ministerio de Hacienda,RESERVAS,7.57,9,2023
Bonos Ministerio de Hacienda,ROMANA,7.07,9,2023
Bonos Ministerio de Hacienda,SIEMBRA,6.98,9,2023
Bonos Ministerio de Hacienda,RESERVAS-R3,6.94,9,2023
Bonos Ministerio de Hacienda,BANCO_CENTRAL-R3,6.75,9,2023
Bonos Ministerio de Hacienda,FONDO_DE_SOLIDARIDAD_SOCIAL,7.62,9,2023
Bonos EIF 1,ATLÁNTICO,10.209999999999999,9,2023
Bonos EIF 1,CRECER,10.13,9,2023
Bonos EIF 1,JMMB_BDI,9.92,9,2023
Bonos EIF 1,POPULAR,10.67,9,2023
Bonos EIF 1,RESERVAS,10.39,9,2023
Bonos EIF 1,ROMANA,10,9,2023
Bonos EIF 1,SIEMBRA,10.83,9,2023
Bonos EIF 1,RESERVAS-R3,11.87,9,2023
Bonos EIF 1,BANCO_CENTRAL-R3,9.53,9,2023
Bonos EIF 1,FONDO_DE_SOLIDARIDAD_SOCIAL,10.6,9,2023
Certificados de Depósito EIF1,ATLÁNTICO,8.790000000000001,9,2023
Certificados de Depósito EIF1,CRECER,7.430000000000001,9,2023
Certificados de Depósito EIF1,JMMB_BDI,11.52,9,2023
Certificados de Depósito EIF1,POPULAR,10.08,9,2023
Certificados de Depósito EIF1,RESERVAS,6.17,9,2023
Certificados de Depósito EIF1,ROMANA,11.4,9,2023
Certificados de Depósito EIF1,SIEMBRA,8.36,9,2023
Certificados de Depósito EIF1,RESERVAS-R3,8.33,9,2023
Certificados de Depósito EIF1,BANCO_CENTRAL-R3,11.899999999999999,9,2023
Certificados de Depósito EIF1,FONDO_DE_SOLIDARIDAD_SOCIAL,6.660000000000001,9,2023
Certificados Inversión Especial BCRD2,ATLÁNTICO,7.580000000000001,9,2023
Certificados Inversión Especial BCRD2,CRECER,0,9,2023
Certificados Inversión Especial BCRD2,JMMB_BDI,5.94,9,2023
Certificados Inversión Especial BCRD2,POPULAR,7.739999999999999,9,2023
Certificados Inversión Especial BCRD2,RESERVAS,0,9,2023
Certificados Inversión Especial BCRD2,ROMANA,7.17,9,2023
Certificados Inversión Especial BCRD2,SIEMBRA,0,9,2023
Certificados Inversión Especial BCRD2,RESERVAS-R3,0,9,2023
Certificados Inversión Especial BCRD2,BANCO_CENTRAL-R3,13.38,9,2023
Certificados Inversión Especial BCRD2,FONDO_DE_SOLIDARIDAD_SOCIAL,7.580000000000001,9,2023
Letras BCRD2,ATLÁNTICO,0,9,2023
Letras BCRD2,CRECER,0,9,2023
Letras BCRD2,JMMB_BDI,0,9,2023
Letras BCRD2,POPULAR,12.659999999999998,9,2023
Letras BCRD2,RESERVAS,0,9,2023
Letras BCRD2,ROMANA,0,9,2023
Letras BCRD2,SIEMBRA,0,9,2023
Letras BCRD2,RESERVAS-R3,0,9,2023
Letras BCRD2,BANCO_CENTRAL-R3,0,9,2023
Letras BCRD2,FONDO_DE_SOLIDARIDAD_SOCIAL,0,9,2023
Notas BCRD2,ATLÁNTICO,7.03,9,2023
Notas BCRD2,CRECER,9.28,9,2023
Notas BCRD2,JMMB_BDI,11.77,9,2023
Notas BCRD2,POPULAR,10.52,9,2023
Notas BCRD2,RESERVAS,10.85,9,2023
Notas BCRD2,ROMANA,8.59,9,2023
Notas BCRD2,SIEMBRA,10.8,9,2023
Notas BCRD2,RESERVAS-R3,9.15,9,2023
Notas BCRD2,BANCO_CENTRAL-R3,11.82,9,2023
Notas BCRD2,FONDO_DE_SOLIDARIDAD_SOCIAL,9.719999999999999,9,2023
Bonos Ministerio de Hacienda,ATLÁNTICO,5.35,10,2023
Bonos Ministerio de Hacienda,CRECER,7.59,10,2023
Bonos Ministerio de Hacienda,JMMB_BDI,7.06,10,2023
Bonos Ministerio de Hacienda,POPULAR,7.140000000000001,10,2023
Bonos Ministerio de Hacienda,RESERVAS,7.5200000000000005,10,2023
Bonos Ministerio de Hacienda,ROMANA,7.07,10,2023
Bonos Ministerio de Hacienda,SIEMBRA,6.99,10,2023
Bonos Ministerio de Hacienda,RESERVAS-R3,6.950000000000001,10,2023
Bonos Ministerio de Hacienda,BANCO_CENTRAL-R3,6.74,10,2023
Bonos Ministerio de Hacienda,FONDO_DE_SOLIDARIDAD_SOCIAL,7.62,10,2023
Bonos EIF 1,ATLÁNTICO,10.22,10,2023
Bonos EIF 1,CRECER,10.13,10,2023
Bonos EIF 1,JMMB_BDI,9.9,10,2023
Bonos EIF 1,POPULAR,10.66,10,2023
Bonos EIF 1,RESERVAS,10.39,10,2023
Bonos EIF 1,ROMANA,10,10,2023
Bonos EIF 1,SIEMBRA,10.82,10,2023
Bonos EIF 1,RESERVAS-R3,11.360000000000001,10,2023
Bonos EIF 1,BANCO_CENTRAL-R3,9.53,10,2023
Bonos EIF 1,FONDO_DE_SOLIDARIDAD_SOCIAL,10.57,10,2023
Certificados de Depósito EIF1,ATLÁNTICO,9.180000000000001,10,2023
Certificados de Depósito EIF1,CRECER,8.02,10,2023
Certificados de Depósito EIF1,JMMB_BDI,11.24,10,2023
Certificados de Depósito EIF1,POPULAR,10.11,10,2023
Certificados de Depósito EIF1,RESERVAS,6.18,10,2023
Certificados de Depósito EIF1,ROMANA,11.379999999999999,10,2023
Certificados de Depósito EIF1,SIEMBRA,8.08,10,2023
Certificados de Depósito EIF1,RESERVAS-R3,9.16,10,2023
Certificados de Depósito EIF1,BANCO_CENTRAL-R3,12.049999999999999,10,2023
Certificados de Depósito EIF1,FONDO_DE_SOLIDARIDAD_SOCIAL,6.76,10,2023
Certificados Inversión Especial BCRD2,ATLÁNTICO,7.580000000000001,10,2023
Certificados Inversión Especial BCRD2,CRECER,0,10,2023
Certificados Inversión Especial BCRD2,JMMB_BDI,5.94,10,2023
Certificados Inversión Especial BCRD2,POPULAR,7.739999999999999,10,2023
Certificados Inversión Especial BCRD2,RESERVAS,0,10,2023
Certificados Inversión Especial BCRD2,ROMANA,7.17,10,2023
Certificados Inversión Especial BCRD2,SIEMBRA,0,10,2023
Certificados Inversión Especial BCRD2,RESERVAS-R3,0,10,2023
Certificados Inversión Especial BCRD2,BANCO_CENTRAL-R3,13.489999999999998,10,2023
Certificados Inversión Especial BCRD2,FONDO_DE_SOLIDARIDAD_SOCIAL,7.580000000000001,10,2023
Letras BCRD2,ATLÁNTICO,0,10,2023
Letras BCRD2,CRECER,0,10,2023
Letras BCRD2,JMMB_BDI,0,10,2023
Letras BCRD2,POPULAR,12.64,10,2023
Letras BCRD2,RESERVAS,0,10,2023
Letras BCRD2,ROMANA,0,10,2023
Letras BCRD2,SIEMBRA,0,10,2023
Letras BCRD2,RESERVAS-R3,0,10,2023
Letras BCRD2,BANCO_CENTRAL-R3,0,10,2023
Letras BCRD2,FONDO_DE_SOLIDARIDAD_SOCIAL,0,10,2023
Notas BCRD2,ATLÁNTICO,7.03,10,2023
Notas BCRD2,CRECER,6.92,10,2023
Notas BCRD2,JMMB_BDI,11.83,10,2023
Notas BCRD2,POPULAR,10.280000000000001,10,2023
Notas BCRD2,RESERVAS,10.05,10,2023
Notas BCRD2,ROMANA,8.64,10,2023
Notas BCRD2,SIEMBRA,10.59,10,2023
Notas BCRD2,RESERVAS-R3,9.2,10,2023
Notas BCRD2,BANCO_CENTRAL-R3,11.81,10,2023
Notas BCRD2,FONDO_DE_SOLIDARIDAD_SOCIAL,9.55,10,2023
Bonos Ministerio de Hacienda,ATLÁNTICO,5.319999999999999,11,2023
Bonos Ministerio de Hacienda,CRECER,7.6,11,2023
Bonos Ministerio de Hacienda,JMMB_BDI,7.39,11,2023
Bonos Ministerio de Hacienda,POPULAR,7.42,11,2023
Bonos Ministerio de Hacienda,RESERVAS,7.55,11,2023
Bonos Ministerio de Hacienda,ROMANA,7.08,11,2023
Bonos Ministerio de Hacienda,SIEMBRA,6.99,11,2023
Bonos Ministerio de Hacienda,RESERVAS-R3,6.97,11,2023
Bonos Ministerio de Hacienda,BANCO_CENTRAL-R3,6.75,11,2023
Bonos Ministerio de Hacienda,FONDO_DE_SOLIDARIDAD_SOCIAL,7.62,11,2023
Bonos EIF 1,ATLÁNTICO,10.209999999999999,11,2023
Bonos EIF 1,CRECER,10.13,11,2023
Bonos EIF 1,JMMB_BDI,10.059999999999999,11,2023
Bonos EIF 1,POPULAR,10.63,11,2023
Bonos EIF 1,RESERVAS,10.34,11,2023
Bonos EIF 1,ROMANA,10,11,2023
Bonos EIF 1,SIEMBRA,10.76,11,2023
Bonos EIF 1,RESERVAS-R3,11.37,11,2023
Bonos EIF 1,BANCO_CENTRAL-R3,9.520000000000001,11,2023
Bonos EIF 1,FONDO_DE_SOLIDARIDAD_SOCIAL,10.57,11,2023
Certificados de Depósito EIF1,ATLÁNTICO,8.77,11,2023
Certificados de Depósito EIF1,CRECER,8.4,11,2023
Certificados de Depósito EIF1,JMMB_BDI,11.33,11,2023
Certificados de Depósito EIF1,POPULAR,10.489999999999998,11,2023
Certificados de Depósito EIF1,RESERVAS,6.88,11,2023
Certificados de Depósito EIF1,ROMANA,11.37,11,2023
Certificados de Depósito EIF1,SIEMBRA,8.7,11,2023
Certificados de Depósito EIF1,RESERVAS-R3,8.51,11,2023
Certificados de Depósito EIF1,BANCO_CENTRAL-R3,11.85,11,2023
Certificados de Depósito EIF1,FONDO_DE_SOLIDARIDAD_SOCIAL,8.15,11,2023
Certificados Inversión Especial BCRD2,ATLÁNTICO,7.580000000000001,11,2023
Certificados Inversión Especial BCRD2,CRECER,0,11,2023
Certificados Inversión Especial BCRD2,JMMB_BDI,5.949999999999999,11,2023
Certificados Inversión Especial BCRD2,POPULAR,10.5,11,2023
Certificados Inversión Especial BCRD2,RESERVAS,0,11,2023
Certificados Inversión Especial BCRD2,ROMANA,7.17,11,2023
Certificados Inversión Especial BCRD2,SIEMBRA,0,11,2023
Certificados Inversión Especial BCRD2,RESERVAS-R3,0,11,2023
Certificados Inversión Especial BCRD2,BANCO_CENTRAL-R3,13.489999999999998,11,2023
Certificados Inversión Especial BCRD2,FONDO_DE_SOLIDARIDAD_SOCIAL,7.580000000000001,11,2023
Letras BCRD2,ATLÁNTICO,0,11,2023
Letras BCRD2,CRECER,0,11,2023
Letras BCRD2,JMMB_BDI,0,11,2023
Letras BCRD2,POPULAR,12.68,11,2023
Letras BCRD2,RESERVAS,0,11,2023
Letras BCRD2,ROMANA,0,11,2023
Letras BCRD2,SIEMBRA,0,11,2023
Letras BCRD2,RESERVAS-R3,0,11,2023
Letras BCRD2,BANCO_CENTRAL-R3,0,11,2023
Letras BCRD2,FONDO_DE_SOLIDARIDAD_SOCIAL,0,11,2023
Notas BCRD2,ATLÁNTICO,7.02,11,2023
Notas BCRD2,CRECER,8.6,11,2023
Notas BCRD2,JMMB_BDI,11.78,11,2023
Notas BCRD2,POPULAR,9.969999999999999,11,2023
Notas BCRD2,RESERVAS,10.459999999999999,11,2023
Notas BCRD2,ROMANA,8.649999999999999,11,2023
Notas BCRD2,SIEMBRA,10.48,11,2023
Notas BCRD2,RESERVAS-R3,9.21,11,2023
Notas BCRD2,BANCO_CENTRAL-R3,11.83,11,2023
Notas BCRD2,FONDO_DE_SOLIDARIDAD_SOCIAL,9.569999999999999,11,2023
Bonos Ministerio de Hacienda,ATLÁNTICO,5.42,12,2023
Bonos Ministerio de Hacienda,CRECER,7.7,12,2023
Bonos Ministerio de Hacienda,JMMB_BDI,7.37,12,2023
Bonos Ministerio de Hacienda,POPULAR,7.42,12,2023
Bonos Ministerio de Hacienda,RESERVAS,7.55,12,2023
Bonos Ministerio de Hacienda,ROMANA,7.06,12,2023
Bonos Ministerio de Hacienda,SIEMBRA,6.98,12,2023
Bonos Ministerio de Hacienda,RESERVAS-R3,6.97,12,2023
Bonos Ministerio de Hacienda,BANCO_CENTRAL-R3,6.74,12,2023
Bonos Ministerio de Hacienda,FONDO_DE_SOLIDARIDAD_SOCIAL,7.62,12,2023
Bonos EIF 1,ATLÁNTICO,10.41,12,2023
Bonos EIF 1,CRECER,10.13,12,2023
Bonos EIF 1,JMMB_BDI,9.91,12,2023
Bonos EIF 1,POPULAR,10.34,12,2023
Bonos EIF 1,RESERVAS,10.16,12,2023
Bonos EIF 1,ROMANA,10,12,2023
Bonos EIF 1,SIEMBRA,10.41,12,2023
Bonos EIF 1,RESERVAS-R3,10.780000000000001,12,2023
Bonos EIF 1,BANCO_CENTRAL-R3,9.520000000000001,12,2023
Bonos EIF 1,FONDO_DE_SOLIDARIDAD_SOCIAL,10.280000000000001,12,2023
Certificados de Depósito EIF1,ATLÁNTICO,8.97,12,2023
Certificados de Depósito EIF1,CRECER,7.7700000000000005,12,2023
Certificados de Depósito EIF1,JMMB_BDI,11.53,12,2023
Certificados de Depósito EIF1,POPULAR,10.72,12,2023
Certificados de Depósito EIF1,RESERVAS,6.83,12,2023
Certificados de Depósito EIF1,ROMANA,11.23,12,2023
Certificados de Depósito EIF1,SIEMBRA,9.98,12,2023
Certificados de Depósito EIF1,RESERVAS-R3,8.32,12,2023
Certificados de Depósito EIF1,BANCO_CENTRAL-R3,11.86,12,2023
Certificados de Depósito EIF1,FONDO_DE_SOLIDARIDAD_SOCIAL,7.720000000000001,12,2023
Certificados Inversión Especial BCRD2,ATLÁNTICO,7.580000000000001,12,2023
Certificados Inversión Especial BCRD2,CRECER,0,12,2023
Certificados Inversión Especial BCRD2,JMMB_BDI,5.949999999999999,12,2023
Certificados Inversión Especial BCRD2,POPULAR,10.5,12,2023
Certificados Inversión Especial BCRD2,RESERVAS,0,12,2023
Certificados Inversión Especial BCRD2,ROMANA,7.17,12,2023
Certificados Inversión Especial BCRD2,SIEMBRA,0,12,2023
Certificados Inversión Especial BCRD2,RESERVAS-R3,0,12,2023
Certificados Inversión Especial BCRD2,BANCO_CENTRAL-R3,13.5,12,2023
Certificados Inversión Especial BCRD2,FONDO_DE_SOLIDARIDAD_SOCIAL,7.580000000000001,12,2023
Letras BCRD2,ATLÁNTICO,0,12,2023
Letras BCRD2,CRECER,0,12,2023
Letras BCRD2,JMMB_BDI,0,12,2023
Letras BCRD2,POPULAR,12.61,12,2023
Letras BCRD2,RESERVAS,0,12,2023
Letras BCRD2,ROMANA,0,12,2023
Letras BCRD2,SIEMBRA,0,12,2023
Letras BCRD2,RESERVAS-R3,0,12,2023
Letras BCRD2,BANCO_CENTRAL-R3,0,12,2023
Letras BCRD2,FONDO_DE_SOLIDARIDAD_SOCIAL,0,12,2023
Notas BCRD2,ATLÁNTICO,6.950000000000001,12,2023
Notas BCRD2,CRECER,8.61,12,2023
Notas BCRD2,JMMB_BDI,11.32,12,2023
Notas BCRD2,POPULAR,9.969999999999999,12,2023
Notas BCRD2,RESERVAS,10.01,12,2023
Notas BCRD2,ROMANA,8.72,12,2023
Notas BCRD2,SIEMBRA,10.489999999999998,12,2023
Notas BCRD2,RESERVAS-R3,9.1,12,2023
Notas BCRD2,BANCO_CENTRAL-R3,11.790000000000001,12,2023
Notas BCRD2,FONDO_DE_SOLIDARIDAD_SOCIAL,9.569999999999999,12,2023
Bonos Ministerio de Hacienda,ATLÁNTICO,5.489999999999999,1,2024
Bonos Ministerio de Hacienda,CRECER,7.6899999999999995,1,2024
Bonos Ministerio de Hacienda,JMMB_BDI,7.22,1,2024
Bonos Ministerio de Hacienda,POPULAR,7.449999999999999,1,2024
Bonos Ministerio de Hacienda,RESERVAS,7.55,1,2024
Bonos Ministerio de Hacienda,ROMANA,7.07,1,2024
Bonos Ministerio de Hacienda,SIEMBRA,6.98,1,2024
Bonos Ministerio de Hacienda,TOTAL_CCI,7.38857860687772,1,2024
Bonos Ministerio de Hacienda,RESERVAS-R3,6.98,1,2024
Bonos Ministerio de Hacienda,BANCO_CENTRAL-R3,6.890000000000001,1,2024
Bonos Ministerio de Hacienda,FONDO_DE_SOLIDARIDAD_SOCIAL,7.630000000000001,1,2024
Bonos Ministerio de Hacienda,TOTAL_SISTEMA,7.38690058953448,1,2024
Bonos EIF 1,ATLÁNTICO,10.41,1,2024
Bonos EIF 1,CRECER,10.13,1,2024
Bonos EIF 1,JMMB_BDI,9.9,1,2024
Bonos EIF 1,POPULAR,10.34,1,2024
Bonos EIF 1,RESERVAS,10.16,1,2024
Bonos EIF 1,ROMANA,10,1,2024
Bonos EIF 1,SIEMBRA,10.41,1,2024
Bonos EIF 1,TOTAL_CCI,10.293847163503946,1,2024
Bonos EIF 1,RESERVAS-R3,10.780000000000001,1,2024
Bonos EIF 1,BANCO_CENTRAL-R3,9.520000000000001,1,2024
Bonos EIF 1,FONDO_DE_SOLIDARIDAD_SOCIAL,10.280000000000001,1,2024
Bonos EIF 1,TOTAL_SISTEMA,10.296250365839171,1,2024
Certificados de Depósito EIF1,ATLÁNTICO,12.58,1,2024
Certificados de Depósito EIF1,CRECER,9.700000000000001,1,2024
Certificados de Depósito EIF1,JMMB_BDI,11.08,1,2024
Certificados de Depósito EIF1,POPULAR,9.87,1,2024
Certificados de Depósito EIF1,RESERVAS,6.279999999999999,1,2024
Certificados de Depósito EIF1,ROMANA,11.200000000000001,1,2024
Certificados de Depósito EIF1,SIEMBRA,7.960000000000001,1,2024
Certificados de Depósito EIF1,TOTAL_CCI,9.163441693176624,1,2024
Certificados de Depósito EIF1,RESERVAS-R3,8.64,1,2024
Certificados de Depósito EIF1,BANCO_CENTRAL-R3,9.34,1,2024
Certificados de Depósito EIF1,FONDO_DE_SOLIDARIDAD_SOCIAL,6.99,1,2024
Certificados de Depósito EIF1,TOTAL_SISTEMA,8.95523380433405,1,2024
Certificados Inversión Especial BCRD2,ATLÁNTICO,7.580000000000001,1,2024
Certificados Inversión Especial BCRD2,CRECER,0,1,2024
Certificados Inversión Especial BCRD2,JMMB_BDI,5.949999999999999,1,2024
Certificados Inversión Especial BCRD2,POPULAR,10.5,1,2024
Certificados Inversión Especial BCRD2,RESERVAS,0,1,2024
Certificados Inversión Especial BCRD2,ROMANA,7.5600000000000005,1,2024
Certificados Inversión Especial BCRD2,SIEMBRA,0,1,2024
Certificados Inversión Especial BCRD2,TOTAL_CCI,8.148583952045957,1,2024
Certificados Inversión Especial BCRD2,RESERVAS-R3,0,1,2024
Certificados Inversión Especial BCRD2,BANCO_CENTRAL-R3,13.489999999999998,1,2024
Certificados Inversión Especial BCRD2,FONDO_DE_SOLIDARIDAD_SOCIAL,7.580000000000001,1,2024
Certificados Inversión Especial BCRD2,TOTAL_SISTEMA,12.324548394198349,1,2024
Letras BCRD2,ATLÁNTICO,0,1,2024
Letras BCRD2,CRECER,0,1,2024
Letras BCRD2,JMMB_BDI,0,1,2024
Letras BCRD2,POPULAR,12.61,1,2024
Letras BCRD2,RESERVAS,0,1,2024
Letras BCRD2,ROMANA,0,1,2024
Letras BCRD2,SIEMBRA,0,1,2024
Letras BCRD2,TOTAL_CCI,12.61,1,2024
Letras BCRD2,RESERVAS-R3,0,1,2024
Letras BCRD2,BANCO_CENTRAL-R3,0,1,2024
Letras BCRD2,FONDO_DE_SOLIDARIDAD_SOCIAL,0,1,2024
Letras BCRD2,TOTAL_SISTEMA,12.61,1,2024
Notas BCRD2,ATLÁNTICO,7.06,1,2024
Notas BCRD2,CRECER,8.85,1,2024
Notas BCRD2,JMMB_BDI,10.97,1,2024
Notas BCRD2,POPULAR,10.100000000000001,1,2024
Notas BCRD2,RESERVAS,9.55,1,2024
Notas BCRD2,ROMANA,9.54,1,2024
Notas BCRD2,SIEMBRA,10.56,1,2024
Notas BCRD2,TOTAL_CCI,9.908094526129634,1,2024
Notas BCRD2,RESERVAS-R3,10.32,1,2024
Notas BCRD2,BANCO_CENTRAL-R3,11.77,1,2024
Notas BCRD2,FONDO_DE_SOLIDARIDAD_SOCIAL,9.43,1,2024
Notas BCRD2,TOTAL_SISTEMA,9.966994185098045,1,2024
Bonos Ministerio de Hacienda,ATLÁNTICO,5.4,2,2024
Bonos Ministerio de Hacienda,CRECER,7.66,2,2024
Bonos Ministerio de Hacienda,JMMB_BDI,6.79,2,2024
Bonos Ministerio de Hacienda,POPULAR,7.4399999999999995,2,2024
Bonos Ministerio de Hacienda,RESERVAS,7.53,2,2024
Bonos Ministerio de Hacienda,ROMANA,7.07,2,2024
Bonos Ministerio de Hacienda,SIEMBRA,7.109999999999999,2,2024
Bonos Ministerio de Hacienda,TOTAL_CCI,7.397254327632491,2,2024
Bonos Ministerio de Hacienda,RESERVAS-R3,6.97,2,2024
Bonos Ministerio de Hacienda,BANCO_CENTRAL-R3,6.9,2,2024
Bonos Ministerio de Hacienda,FONDO_DE_SOLIDARIDAD_SOCIAL,7.62,2,2024
Bonos Ministerio de Hacienda,TOTAL_SISTEMA,7.393840705123981,2,2024
Bonos EIF 1,ATLÁNTICO,10.41,2,2024
Bonos EIF 1,CRECER,10.13,2,2024
Bonos EIF 1,JMMB_BDI,9.91,2,2024
Bonos EIF 1,POPULAR,10.34,2,2024
Bonos EIF 1,RESERVAS,10.16,2,2024
Bonos EIF 1,ROMANA,10,2,2024
Bonos EIF 1,SIEMBRA,10.41,2,2024
Bonos EIF 1,TOTAL_CCI,10.294256846645816,2,2024
Bonos EIF 1,RESERVAS-R3,10.780000000000001,2,2024
Bonos EIF 1,BANCO_CENTRAL-R3,9.53,2,2024
Bonos EIF 1,FONDO_DE_SOLIDARIDAD_SOCIAL,10.280000000000001,2,2024
Bonos EIF 1,TOTAL_SISTEMA,10.296719539334457,2,2024
Certificados de Depósito EIF1,ATLÁNTICO,9.229999999999999,2,2024
Certificados de Depósito EIF1,CRECER,8.290000000000001,2,2024
Certificados de Depósito EIF1,JMMB_BDI,11.37,2,2024
Certificados de Depósito EIF1,POPULAR,10.01,2,2024
Certificados de Depósito EIF1,RESERVAS,6.47,2,2024
Certificados de Depósito EIF1,ROMANA,11.18,2,2024
Certificados de Depósito EIF1,SIEMBRA,8.44,2,2024
Certificados de Depósito EIF1,TOTAL_CCI,9.17137497586869,2,2024
Certificados de Depósito EIF1,RESERVAS-R3,8.36,2,2024
Certificados de Depósito EIF1,BANCO_CENTRAL-R3,9.92,2,2024
Certificados de Depósito EIF1,FONDO_DE_SOLIDARIDAD_SOCIAL,7.249999999999999,2,2024
Certificados de Depósito EIF1,TOTAL_SISTEMA,8.962647545004959,2,2024
Certificados Inversión Especial BCRD2,ATLÁNTICO,7.580000000000001,2,2024
Certificados Inversión Especial BCRD2,CRECER,0,2,2024
Certificados Inversión Especial BCRD2,JMMB_BDI,5.58,2,2024
Certificados Inversión Especial BCRD2,POPULAR,10.5,2,2024
Certificados Inversión Especial BCRD2,RESERVAS,0,2,2024
Certificados Inversión Especial BCRD2,ROMANA,7.5600000000000005,2,2024
Certificados Inversión Especial BCRD2,SIEMBRA,0,2,2024
Certificados Inversión Especial BCRD2,TOTAL_CCI,8.186119014627867,2,2024
Certificados Inversión Especial BCRD2,RESERVAS-R3,0,2,2024
Certificados Inversión Especial BCRD2,BANCO_CENTRAL-R3,13.87,2,2024
Certificados Inversión Especial BCRD2,FONDO_DE_SOLIDARIDAD_SOCIAL,7.580000000000001,2,2024
Certificados Inversión Especial BCRD2,TOTAL_SISTEMA,12.522120164283763,2,2024
Letras BCRD2,ATLÁNTICO,0,2,2024
Letras BCRD2,CRECER,0,2,2024
Letras BCRD2,JMMB_BDI,0,2,2024
Letras BCRD2,POPULAR,12.61,2,2024
Letras BCRD2,RESERVAS,0,2,2024
Letras BCRD2,ROMANA,0,2,2024
Letras BCRD2,SIEMBRA,0,2,2024
Letras BCRD2,TOTAL_CCI,12.61,2,2024
Letras BCRD2,RESERVAS-R3,0,2,2024
Letras BCRD2,BANCO_CENTRAL-R3,0,2,2024
Letras BCRD2,FONDO_DE_SOLIDARIDAD_SOCIAL,0,2,2024
Letras BCRD2,TOTAL_SISTEMA,12.61,2,2024
Notas BCRD2,ATLÁNTICO,7.16,2,2024
Notas BCRD2,CRECER,8.68,2,2024
Notas BCRD2,JMMB_BDI,10.7,2,2024
Notas BCRD2,POPULAR,10.100000000000001,2,2024
Notas BCRD2,RESERVAS,9.62,2,2024
Notas BCRD2,ROMANA,9.54,2,2024
Notas BCRD2,SIEMBRA,10.549999999999999,2,2024
Notas BCRD2,TOTAL_CCI,9.906272516490711,2,2024
Notas BCRD2,RESERVAS-R3,10.33,2,2024
Notas BCRD2,BANCO_CENTRAL-R3,11.690000000000001,2,2024
Notas BCRD2,FONDO_DE_SOLIDARIDAD_SOCIAL,9.42,2,2024
Notas BCRD2,TOTAL_SISTEMA,9.972261509862488,2,2024
Bonos Ministerio de Hacienda,ATLÁNTICO,5.82,3,2024
Bonos Ministerio de Hacienda,CRECER,7.66,3,2024
Bonos Ministerio de Hacienda,JMMB_BDI,7.199999999999999,3,2024
Bonos Ministerio de Hacienda,POPULAR,7.430000000000001,3,2024
Bonos Ministerio de Hacienda,RESERVAS,7.430000000000001,3,2024
Bonos Ministerio de Hacienda,ROMANA,7.08,3,2024
Bonos Ministerio de Hacienda,SIEMBRA,7.1,3,2024
Bonos Ministerio de Hacienda,TOTAL_CCI,7.383857279426119,3,2024
Bonos Ministerio de Hacienda,RESERVAS-R3,6.68,3,2024
Bonos Ministerio de Hacienda,BANCO_CENTRAL-R3,6.9,3,2024
Bonos Ministerio de Hacienda,FONDO_DE_SOLIDARIDAD_SOCIAL,7.109999999999999,3,2024
Bonos Ministerio de Hacienda,TOTAL_SISTEMA,7.3395115421072425,3,2024
Bonos EIF 1,ATLÁNTICO,10.41,3,2024
Bonos EIF 1,CRECER,10.13,3,2024
Bonos EIF 1,JMMB_BDI,9.92,3,2024
Bonos EIF 1,POPULAR,10.32,3,2024
Bonos EIF 1,RESERVAS,10.16,3,2024
Bonos EIF 1,ROMANA,10,3,2024
Bonos EIF 1,SIEMBRA,10.38,3,2024
Bonos EIF 1,TOTAL_CCI,10.278055096473873,3,2024
Bonos EIF 1,RESERVAS-R3,10.780000000000001,3,2024
Bonos EIF 1,BANCO_CENTRAL-R3,9.53,3,2024
Bonos EIF 1,FONDO_DE_SOLIDARIDAD_SOCIAL,10.280000000000001,3,2024
Bonos EIF 1,TOTAL_SISTEMA,10.28170584319043,3,2024
Certificados de Depósito EIF1,ATLÁNTICO,8.92,3,2024
Certificados de Depósito EIF1,CRECER,4.73,3,2024
Certificados de Depósito EIF1,JMMB_BDI,11.64,3,2024
Certificados de Depósito EIF1,POPULAR,10.57,3,2024
Certificados de Depósito EIF1,RESERVAS,6.619999999999999,3,2024
Certificados de Depósito EIF1,ROMANA,11.19,3,2024
Certificados de Depósito EIF1,SIEMBRA,9.26,3,2024
Certificados de Depósito EIF1,TOTAL_CCI,9.488966471224586,3,2024
Certificados de Depósito EIF1,RESERVAS-R3,9.01,3,2024
Certificados de Depósito EIF1,BANCO_CENTRAL-R3,11.95,3,2024
Certificados de Depósito EIF1,FONDO_DE_SOLIDARIDAD_SOCIAL,7.7299999999999995,3,2024
Certificados de Depósito EIF1,TOTAL_SISTEMA,9.341783386888387,3,2024
Certificados Inversión Especial BCRD2,ATLÁNTICO,7.580000000000001,3,2024
Certificados Inversión Especial BCRD2,CRECER,0,3,2024
Certificados Inversión Especial BCRD2,JMMB_BDI,5.58,3,2024
Certificados Inversión Especial BCRD2,POPULAR,10.5,3,2024
Certificados Inversión Especial BCRD2,RESERVAS,0,3,2024
Certificados Inversión Especial BCRD2,ROMANA,7.5600000000000005,3,2024
Certificados Inversión Especial BCRD2,SIEMBRA,0,3,2024
Certificados Inversión Especial BCRD2,TOTAL_CCI,8.18542501813441,3,2024
Certificados Inversión Especial BCRD2,RESERVAS-R3,0,3,2024
Certificados Inversión Especial BCRD2,BANCO_CENTRAL-R3,13.88,3,2024
Certificados Inversión Especial BCRD2,FONDO_DE_SOLIDARIDAD_SOCIAL,0,3,2024
Certificados Inversión Especial BCRD2,TOTAL_SISTEMA,12.969236325570199,3,2024
Letras BCRD2,ATLÁNTICO,0,3,2024
Letras BCRD2,CRECER,0,3,2024
Letras BCRD2,JMMB_BDI,0,3,2024
Letras BCRD2,POPULAR,12.49,3,2024
Letras BCRD2,RESERVAS,0,3,2024
Letras BCRD2,ROMANA,0,3,2024
Letras BCRD2,SIEMBRA,0,3,2024
Letras BCRD2,TOTAL_CCI,12.49,3,2024
Letras BCRD2,RESERVAS-R3,0,3,2024
Letras BCRD2,BANCO_CENTRAL-R3,0,3,2024
Letras BCRD2,FONDO_DE_SOLIDARIDAD_SOCIAL,0,3,2024
Letras BCRD2,TOTAL_SISTEMA,12.49,3,2024
Notas BCRD2,ATLÁNTICO,7.12,3,2024
Notas BCRD2,CRECER,8.57,3,2024
Notas BCRD2,JMMB_BDI,10.92,3,2024
Notas BCRD2,POPULAR,10.100000000000001,3,2024
Notas BCRD2,RESERVAS,9.39,3,2024
Notas BCRD2,ROMANA,9.53,3,2024
Notas BCRD2,SIEMBRA,10.51,3,2024
Notas BCRD2,TOTAL_CCI,9.8776086742383,3,2024
Notas BCRD2,RESERVAS-R3,8.24,3,2024
Notas BCRD2,BANCO_CENTRAL-R3,11.700000000000001,3,2024
Notas BCRD2,FONDO_DE_SOLIDARIDAD_SOCIAL,9,3,2024
Notas BCRD2,TOTAL_SISTEMA,9.928880890828005,3,2024
Bonos Ministerio de Hacienda,ATLÁNTICO,5.56,4,2024
Bonos Ministerio de Hacienda,CRECER,7.66,4,2024
Bonos Ministerio de Hacienda,JMMB_BDI,7.04,4,2024
Bonos Ministerio de Hacienda,POPULAR,7.4399999999999995,4,2024
Bonos Ministerio de Hacienda,RESERVAS,7.449999999999999,4,2024
Bonos Ministerio de Hacienda,ROMANA,7.08,4,2024
Bonos Ministerio de Hacienda,SIEMBRA,7.109999999999999,4,2024
Bonos Ministerio de Hacienda,TOTAL_CCI,7.386814408767985,4,2024
Bonos Ministerio de Hacienda,RESERVAS-R3,6.9,4,2024
Bonos Ministerio de Hacienda,BANCO_CENTRAL-R3,6.909999999999999,4,2024
Bonos Ministerio de Hacienda,FONDO_DE_SOLIDARIDAD_SOCIAL,7.17,4,2024
Bonos Ministerio de Hacienda,TOTAL_SISTEMA,7.35164788035651,4,2024
Bonos EIF 1,ATLÁNTICO,10.4,4,2024
Bonos EIF 1,CRECER,10.13,4,2024
Bonos EIF 1,JMMB_BDI,9.9,4,2024
Bonos EIF 1,POPULAR,10.32,4,2024
Bonos EIF 1,RESERVAS,10.16,4,2024
Bonos EIF 1,ROMANA,10,4,2024
Bonos EIF 1,SIEMBRA,10.39,4,2024
Bonos EIF 1,TOTAL_CCI,10.280980168702447,4,2024
Bonos EIF 1,RESERVAS-R3,10.79,4,2024
Bonos EIF 1,BANCO_CENTRAL-R3,9.53,4,2024
Bonos EIF 1,FONDO_DE_SOLIDARIDAD_SOCIAL,10.280000000000001,4,2024
Bonos EIF 1,TOTAL_SISTEMA,10.284444984944894,4,2024
Certificados de Depósito EIF1,ATLÁNTICO,9.45,4,2024
Certificados de Depósito EIF1,CRECER,6.88,4,2024
Certificados de Depósito EIF1,JMMB_BDI,12.21,4,2024
Certificados de Depósito EIF1,POPULAR,11.3,4,2024
Certificados de Depósito EIF1,RESERVAS,6.41,4,2024
Certificados de Depósito EIF1,ROMANA,11.17,4,2024
Certificados de Depósito EIF1,SIEMBRA,10.549999999999999,4,2024
Certificados de Depósito EIF1,TOTAL_CCI,10.480412137188374,4,2024
Certificados de Depósito EIF1,RESERVAS-R3,9.53,4,2024
Certificados de Depósito EIF1,BANCO_CENTRAL-R3,11.85,4,2024
Certificados de Depósito EIF1,FONDO_DE_SOLIDARIDAD_SOCIAL,7.739999999999999,4,2024
Certificados de Depósito EIF1,TOTAL_SISTEMA,10.187464050015363,4,2024
Certificados Inversión Especial BCRD2,ATLÁNTICO,7.580000000000001,4,2024
Certificados Inversión Especial BCRD2,CRECER,0,4,2024
Certificados Inversión Especial BCRD2,JMMB_BDI,5.58,4,2024
Certificados Inversión Especial BCRD2,POPULAR,10.5,4,2024
Certificados Inversión Especial BCRD2,RESERVAS,0,4,2024
Certificados Inversión Especial BCRD2,ROMANA,7.5600000000000005,4,2024
Certificados Inversión Especial BCRD2,SIEMBRA,0,4,2024
Certificados Inversión Especial BCRD2,TOTAL_CCI,8.190367197548657,4,2024
Certificados Inversión Especial BCRD2,RESERVAS-R3,0,4,2024
Certificados Inversión Especial BCRD2,BANCO_CENTRAL-R3,13.819999999999999,4,2024
Certificados Inversión Especial BCRD2,FONDO_DE_SOLIDARIDAD_SOCIAL,0,4,2024
Certificados Inversión Especial BCRD2,TOTAL_SISTEMA,12.93902832561487,4,2024
Letras BCRD2,ATLÁNTICO,0,4,2024
Letras BCRD2,CRECER,0,4,2024
Letras BCRD2,JMMB_BDI,0,4,2024
Letras BCRD2,POPULAR,12.49,4,2024
Letras BCRD2,RESERVAS,0,4,2024
Letras BCRD2,ROMANA,0,4,2024
Letras BCRD2,SIEMBRA,0,4,2024
Letras BCRD2,TOTAL_CCI,12.49,4,2024
Letras BCRD2,RESERVAS-R3,0,4,2024
Letras BCRD2,BANCO_CENTRAL-R3,0,4,2024
Letras BCRD2,FONDO_DE_SOLIDARIDAD_SOCIAL,0,4,2024
Letras BCRD2,TOTAL_SISTEMA,12.49,4,2024
Notas BCRD2,ATLÁNTICO,7.04,4,2024
Notas BCRD2,CRECER,8.61,4,2024
Notas BCRD2,JMMB_BDI,10.9,4,2024
Notas BCRD2,POPULAR,10.11,4,2024
Notas BCRD2,RESERVAS,9.229999999999999,4,2024
Notas BCRD2,ROMANA,9.53,4,2024
Notas BCRD2,SIEMBRA,10.52,4,2024
Notas BCRD2,TOTAL_CCI,9.876858279555115,4,2024
Notas BCRD2,RESERVAS-R3,8.25,4,2024
Notas BCRD2,BANCO_CENTRAL-R3,11.709999999999999,4,2024
Notas BCRD2,FONDO_DE_SOLIDARIDAD_SOCIAL,9.569999999999999,4,2024
Notas BCRD2,TOTAL_SISTEMA,9.933319520389073,4,2024
Bonos Ministerio de Hacienda,ATLÁNTICO,5.93,5,2024
Bonos Ministerio de Hacienda,CRECER,7.6499999999999995,5,2024
Bonos Ministerio de Hacienda,JMMB_BDI,7.1,5,2024
Bonos Ministerio de Hacienda,POPULAR,7.449999999999999,5,2024
Bonos Ministerio de Hacienda,RESERVAS,7.32,5,2024
Bonos Ministerio de Hacienda,ROMANA,7.26,5,2024
Bonos Ministerio de Hacienda,SIEMBRA,7.12,5,2024
Bonos Ministerio de Hacienda,TOTAL_CCI,7.37380883998406,5,2024
Bonos Ministerio de Hacienda,RESERVAS-R3,6.81,5,2024
Bonos Ministerio de Hacienda,BANCO_CENTRAL-R3,6.93,5,2024
Bonos Ministerio de Hacienda,FONDO_DE_SOLIDARIDAD_SOCIAL,6.890000000000001,5,2024
Bonos Ministerio de Hacienda,TOTAL_SISTEMA,7.317337071070175,5,2024
Bonos EIF 1,ATLÁNTICO,10.4,5,2024
Bonos EIF 1,CRECER,10.13,5,2024
Bonos EIF 1,JMMB_BDI,9.9,5,2024
Bonos EIF 1,POPULAR,10.31,5,2024
Bonos EIF 1,RESERVAS,10.16,5,2024
Bonos EIF 1,ROMANA,10,5,2024
Bonos EIF 1,SIEMBRA,10.39,5,2024
Bonos EIF 1,TOTAL_CCI,10.277451457434616,5,2024
Bonos EIF 1,RESERVAS-R3,10.8,5,2024
Bonos EIF 1,BANCO_CENTRAL-R3,9.520000000000001,5,2024
Bonos EIF 1,FONDO_DE_SOLIDARIDAD_SOCIAL,10.280000000000001,5,2024
Bonos EIF 1,TOTAL_SISTEMA,10.281305621678785,5,2024
Certificados de Depósito EIF1,ATLÁNTICO,9.26,5,2024
Certificados de Depósito EIF1,CRECER,6.69,5,2024
Certificados de Depósito EIF1,JMMB_BDI,13.420000000000002,5,2024
Certificados de Depósito EIF1,POPULAR,12.35,5,2024
Certificados de Depósito EIF1,RESERVAS,10.299999999999999,5,2024
Certificados de Depósito EIF1,ROMANA,10.96,5,2024
Certificados de Depósito EIF1,SIEMBRA,12.520000000000001,5,2024
Certificados de Depósito EIF1,TOTAL_CCI,12.04108064243616,5,2024
Certificados de Depósito EIF1,RESERVAS-R3,11.98,5,2024
Certificados de Depósito EIF1,BANCO_CENTRAL-R3,12.049999999999999,5,2024
Certificados de Depósito EIF1,FONDO_DE_SOLIDARIDAD_SOCIAL,10.47,5,2024
Certificados de Depósito EIF1,TOTAL_SISTEMA,11.869290516691017,5,2024
Certificados Inversión Especial BCRD2,ATLÁNTICO,7.580000000000001,5,2024
Certificados Inversión Especial BCRD2,CRECER,0,5,2024
Certificados Inversión Especial BCRD2,JMMB_BDI,5.58,5,2024
Certificados Inversión Especial BCRD2,POPULAR,10.5,5,2024
Certificados Inversión Especial BCRD2,RESERVAS,0,5,2024
Certificados Inversión Especial BCRD2,ROMANA,7.5600000000000005,5,2024
Certificados Inversión Especial BCRD2,SIEMBRA,0,5,2024
Certificados Inversión Especial BCRD2,TOTAL_CCI,8.166037491735446,5,2024
Certificados Inversión Especial BCRD2,RESERVAS-R3,0,5,2024
Certificados Inversión Especial BCRD2,BANCO_CENTRAL-R3,13.889999999999999,5,2024
Certificados Inversión Especial BCRD2,FONDO_DE_SOLIDARIDAD_SOCIAL,0,5,2024
Certificados Inversión Especial BCRD2,TOTAL_SISTEMA,12.996674314782286,5,2024
Letras BCRD2,ATLÁNTICO,0,5,2024
Letras BCRD2,CRECER,0,5,2024
Letras BCRD2,JMMB_BDI,0,5,2024
Letras BCRD2,POPULAR,0,5,2024
Letras BCRD2,RESERVAS,0,5,2024
Letras BCRD2,ROMANA,0,5,2024
Letras BCRD2,SIEMBRA,0,5,2024
Letras BCRD2,TOTAL_CCI,0,5,2024
Letras BCRD2,RESERVAS-R3,0,5,2024
Letras BCRD2,BANCO_CENTRAL-R3,0,5,2024
Letras BCRD2,FONDO_DE_SOLIDARIDAD_SOCIAL,0,5,2024
Letras BCRD2,TOTAL_SISTEMA,0,5,2024
Notas BCRD2,ATLÁNTICO,6.1899999999999995,5,2024
Notas BCRD2,CRECER,8.61,5,2024
Notas BCRD2,JMMB_BDI,10.68,5,2024
Notas BCRD2,POPULAR,10.12,5,2024
Notas BCRD2,RESERVAS,9.13,5,2024
Notas BCRD2,ROMANA,9.64,5,2024
Notas BCRD2,SIEMBRA,10.54,5,2024
Notas BCRD2,TOTAL_CCI,9.8601224651195,5,2024
Notas BCRD2,RESERVAS-R3,8.24,5,2024
Notas BCRD2,BANCO_CENTRAL-R3,11.73,5,2024
Notas BCRD2,FONDO_DE_SOLIDARIDAD_SOCIAL,8.97,5,2024
Notas BCRD2,TOTAL_SISTEMA,9.912728496414296,5,2024
Bonos Ministerio de Hacienda,ATLÁNTICO,5.88,6,2024
Bonos Ministerio de Hacienda,CRECER,7.64,6,2024
Bonos Ministerio de Hacienda,JMMB_BDI,6.8500000000000005,6,2024
Bonos Ministerio de Hacienda,POPULAR,7.4399999999999995,6,2024
Bonos Ministerio de Hacienda,RESERVAS,7.340000000000001,6,2024
Bonos Ministerio de Hacienda,ROMANA,7.24,6,2024
Bonos Ministerio de Hacienda,SIEMBRA,6.9,6,2024
Bonos Ministerio de Hacienda,TOTAL_CCI,7.321359050828362,6,2024
Bonos Ministerio de Hacienda,RESERVAS-R3,6.819999999999999,6,2024
Bonos Ministerio de Hacienda,BANCO_CENTRAL-R3,6.92,6,2024
Bonos Ministerio de Hacienda,FONDO_DE_SOLIDARIDAD_SOCIAL,6.890000000000001,6,2024
Bonos Ministerio de Hacienda,TOTAL_SISTEMA,7.270568777818552,6,2024
Bonos EIF 1,ATLÁNTICO,10.41,6,2024
Bonos EIF 1,CRECER,10.13,6,2024
Bonos EIF 1,JMMB_BDI,9.91,6,2024
Bonos EIF 1,POPULAR,10.549999999999999,6,2024
Bonos EIF 1,RESERVAS,10.31,6,2024
Bonos EIF 1,ROMANA,10,6,2024
Bonos EIF 1,SIEMBRA,10.67,6,2024
Bonos EIF 1,TOTAL_CCI,10.470113895175109,6,2024
Bonos EIF 1,RESERVAS-R3,11.29,6,2024
Bonos EIF 1,BANCO_CENTRAL-R3,9.520000000000001,6,2024
Bonos EIF 1,FONDO_DE_SOLIDARIDAD_SOCIAL,10.54,6,2024
Bonos EIF 1,TOTAL_SISTEMA,10.480691727411504,6,2024
Certificados de Depósito EIF1,ATLÁNTICO,8.799999999999999,6,2024
Certificados de Depósito EIF1,CRECER,11.61,6,2024
Certificados de Depósito EIF1,JMMB_BDI,14.62,6,2024
Certificados de Depósito EIF1,POPULAR,14.11,6,2024
Certificados de Depósito EIF1,RESERVAS,10.209999999999999,6,2024
Certificados de Depósito EIF1,ROMANA,11.07,6,2024
Certificados de Depósito EIF1,SIEMBRA,12.379999999999999,6,2024
Certificados de Depósito EIF1,TOTAL_CCI,13.13182332972447,6,2024
Certificados de Depósito EIF1,RESERVAS-R3,12.22,6,2024
Certificados de Depósito EIF1,BANCO_CENTRAL-R3,12.15,6,2024
Certificados de Depósito EIF1,FONDO_DE_SOLIDARIDAD_SOCIAL,10.81,6,2024
Certificados de Depósito EIF1,TOTAL_SISTEMA,12.845631958635531,6,2024
Certificados Inversión Especial BCRD2,ATLÁNTICO,7.580000000000001,6,2024
Certificados Inversión Especial BCRD2,CRECER,0,6,2024
Certificados Inversión Especial BCRD2,JMMB_BDI,5.58,6,2024
Certificados Inversión Especial BCRD2,POPULAR,10.5,6,2024
Certificados Inversión Especial BCRD2,RESERVAS,0,6,2024
Certificados Inversión Especial BCRD2,ROMANA,7.5600000000000005,6,2024
Certificados Inversión Especial BCRD2,SIEMBRA,0,6,2024
Certificados Inversión Especial BCRD2,TOTAL_CCI,8.165359353914788,6,2024
Certificados Inversión Especial BCRD2,RESERVAS-R3,0,6,2024
Certificados Inversión Especial BCRD2,BANCO_CENTRAL-R3,13.900000000000002,6,2024
Certificados Inversión Especial BCRD2,FONDO_DE_SOLIDARIDAD_SOCIAL,0,6,2024
Certificados Inversión Especial BCRD2,TOTAL_SISTEMA,13.00733224449408,6,2024
Letras BCRD2,ATLÁNTICO,0,6,2024
Letras BCRD2,CRECER,0,6,2024
Letras BCRD2,JMMB_BDI,0,6,2024
Letras BCRD2,POPULAR,0,6,2024
Letras BCRD2,RESERVAS,0,6,2024
Letras BCRD2,ROMANA,0,6,2024
Letras BCRD2,SIEMBRA,0,6,2024
Letras BCRD2,TOTAL_CCI,0,6,2024
Letras BCRD2,RESERVAS-R3,0,6,2024
Letras BCRD2,BANCO_CENTRAL-R3,0,6,2024
Letras BCRD2,FONDO_DE_SOLIDARIDAD_SOCIAL,0,6,2024
Letras BCRD2,TOTAL_SISTEMA,0,6,2024
Notas BCRD2,ATLÁNTICO,6.8500000000000005,6,2024
Notas BCRD2,CRECER,8.61,6,2024
Notas BCRD2,JMMB_BDI,10.94,6,2024
Notas BCRD2,POPULAR,10.11,6,2024
Notas BCRD2,RESERVAS,9.139999999999999,6,2024
Notas BCRD2,ROMANA,9.64,6,2024
Notas BCRD2,SIEMBRA,10.58,6,2024
Notas BCRD2,TOTAL_CCI,9.897128331490803,6,2024
Notas BCRD2,RESERVAS-R3,8.219999999999999,6,2024
Notas BCRD2,BANCO_CENTRAL-R3,11.690000000000001,6,2024
Notas BCRD2,FONDO_DE_SOLIDARIDAD_SOCIAL,8.98,6,2024
Notas BCRD2,TOTAL_SISTEMA,9.944077760801964,6,2024
Bonos Ministerio de Hacienda,ATLÁNTICO,6,7,2024
Bonos Ministerio de Hacienda,CRECER,7.71,7,2024
Bonos Ministerio de Hacienda,JMMB_BDI,6.25,7,2024
Bonos Ministerio de Hacienda,POPULAR,7.2700000000000005,7,2024
Bonos Ministerio de Hacienda,RESERVAS,7.359999999999999,7,2024
Bonos Ministerio de Hacienda,ROMANA,7.249999999999999,7,2024
Bonos Ministerio de Hacienda,SIEMBRA,6.92,7,2024
Bonos Ministerio de Hacienda,TOTAL_CCI,7.2897699157823155,7,2024
Bonos Ministerio de Hacienda,RESERVAS-R3,6.9,7,2024
Bonos Ministerio de Hacienda,BANCO_CENTRAL-R3,6.94,7,2024
Bonos Ministerio de Hacienda,FONDO_DE_SOLIDARIDAD_SOCIAL,6.9,7,2024
Bonos Ministerio de Hacienda,TOTAL_SISTEMA,7.246058072842447,7,2024
Bonos EIF 1,ATLÁNTICO,10.41,7,2024
Bonos EIF 1,CRECER,10.13,7,2024
Bonos EIF 1,JMMB_BDI,9.9,7,2024
Bonos EIF 1,POPULAR,10.530000000000001,7,2024
Bonos EIF 1,RESERVAS,10.290000000000001,7,2024
Bonos EIF 1,ROMANA,10,7,2024
Bonos EIF 1,SIEMBRA,10.65,7,2024
Bonos EIF 1,TOTAL_CCI,10.453235063829977,7,2024
Bonos EIF 1,RESERVAS-R3,11.26,7,2024
Bonos EIF 1,BANCO_CENTRAL-R3,9.520000000000001,7,2024
Bonos EIF 1,FONDO_DE_SOLIDARIDAD_SOCIAL,10.52,7,2024
Bonos EIF 1,TOTAL_SISTEMA,10.463453112311477,7,2024
Certificados de Depósito EIF1,ATLÁNTICO,12.93,7,2024
Certificados de Depósito EIF1,CRECER,11.19,7,2024
Certificados de Depósito EIF1,JMMB_BDI,14.87,7,2024
Certificados de Depósito EIF1,POPULAR,13.88,7,2024
Certificados de Depósito EIF1,RESERVAS,11.43,7,2024
Certificados de Depósito EIF1,ROMANA,12.76,7,2024
Certificados de Depósito EIF1,SIEMBRA,12.280000000000001,7,2024
Certificados de Depósito EIF1,TOTAL_CCI,13.06490517428393,7,2024
Certificados de Depósito EIF1,RESERVAS-R3,11.88,7,2024
Certificados de Depósito EIF1,BANCO_CENTRAL-R3,12.25,7,2024
Certificados de Depósito EIF1,FONDO_DE_SOLIDARIDAD_SOCIAL,12.78,7,2024
Certificados de Depósito EIF1,TOTAL_SISTEMA,12.984072635222946,7,2024
Certificados Inversión Especial BCRD2,ATLÁNTICO,7.580000000000001,7,2024
Certificados Inversión Especial BCRD2,CRECER,0,7,2024
Certificados Inversión Especial BCRD2,JMMB_BDI,5.58,7,2024
Certificados Inversión Especial BCRD2,POPULAR,10.5,7,2024
Certificados Inversión Especial BCRD2,RESERVAS,0,7,2024
Certificados Inversión Especial BCRD2,ROMANA,7.5600000000000005,7,2024
Certificados Inversión Especial BCRD2,SIEMBRA,0,7,2024
Certificados Inversión Especial BCRD2,TOTAL_CCI,8.164560832922078,7,2024
Certificados Inversión Especial BCRD2,RESERVAS-R3,0,7,2024
Certificados Inversión Especial BCRD2,BANCO_CENTRAL-R3,14.180000000000001,7,2024
Certificados Inversión Especial BCRD2,FONDO_DE_SOLIDARIDAD_SOCIAL,0,7,2024
Certificados Inversión Especial BCRD2,TOTAL_SISTEMA,13.230717237278533,7,2024
Letras BCRD2,ATLÁNTICO,0,7,2024
Letras BCRD2,CRECER,0,7,2024
Letras BCRD2,JMMB_BDI,0,7,2024
Letras BCRD2,POPULAR,0,7,2024
Letras BCRD2,RESERVAS,0,7,2024
Letras BCRD2,ROMANA,0,7,2024
Letras BCRD2,SIEMBRA,0,7,2024
Letras BCRD2,TOTAL_CCI,0,7,2024
Letras BCRD2,RESERVAS-R3,0,7,2024
Letras BCRD2,BANCO_CENTRAL-R3,0,7,2024
Letras BCRD2,FONDO_DE_SOLIDARIDAD_SOCIAL,0,7,2024
Letras BCRD2,TOTAL_SISTEMA,0,7,2024
Notas BCRD2,ATLÁNTICO,6.859999999999999,7,2024
Notas BCRD2,CRECER,8.61,7,2024
Notas BCRD2,JMMB_BDI,11.07,7,2024
Notas BCRD2,POPULAR,10.12,7,2024
Notas BCRD2,RESERVAS,9.2,7,2024
Notas BCRD2,ROMANA,9.64,7,2024
Notas BCRD2,SIEMBRA,10.58,7,2024
Notas BCRD2,TOTAL_CCI,9.913181862369669,7,2024
Notas BCRD2,RESERVAS-R3,8.24,7,2024
Notas BCRD2,BANCO_CENTRAL-R3,11.690000000000001,7,2024
Notas BCRD2,FONDO_DE_SOLIDARIDAD_SOCIAL,8.959999999999999,7,2024
Notas BCRD2,TOTAL_SISTEMA,9.960331410129035,7,2024
Bonos Ministerio de Hacienda,ATLÁNTICO,5.949999999999999,8,2024
Bonos Ministerio de Hacienda,CRECER,7.6899999999999995,8,2024
Bonos Ministerio de Hacienda,JMMB_BDI,6.83,8,2024
Bonos Ministerio de Hacienda,POPULAR,7.2700000000000005,8,2024
Bonos Ministerio de Hacienda,RESERVAS,7.3999999999999995,8,2024
Bonos Ministerio de Hacienda,ROMANA,7.42,8,2024
Bonos Ministerio de Hacienda,SIEMBRA,6.92,8,2024
Bonos Ministerio de Hacienda,TOTAL_CCI,7.296352951874264,8,2024
Bonos Ministerio de Hacienda,RESERVAS-R3,6.94,8,2024
Bonos Ministerio de Hacienda,BANCO_CENTRAL-R3,6.93,8,2024
Bonos Ministerio de Hacienda,FONDO_DE_SOLIDARIDAD_SOCIAL,6.890000000000001,8,2024
Bonos Ministerio de Hacienda,TOTAL_SISTEMA,7.251806081462242,8,2024
Bonos EIF 1,ATLÁNTICO,10.4,8,2024
Bonos EIF 1,CRECER,10.13,8,2024
Bonos EIF 1,JMMB_BDI,9.9,8,2024
Bonos EIF 1,POPULAR,10.54,8,2024
Bonos EIF 1,RESERVAS,10.299999999999999,8,2024
Bonos EIF 1,ROMANA,10,8,2024
Bonos EIF 1,SIEMBRA,10.66,8,2024
Bonos EIF 1,TOTAL_CCI,10.461777246131533,8,2024
Bonos EIF 1,RESERVAS-R3,11.26,8,2024
Bonos EIF 1,BANCO_CENTRAL-R3,9.53,8,2024
Bonos EIF 1,FONDO_DE_SOLIDARIDAD_SOCIAL,10.52,8,2024
Bonos EIF 1,TOTAL_SISTEMA,10.471544064489603,8,2024
Certificados de Depósito EIF1,ATLÁNTICO,9.180000000000001,8,2024
Certificados de Depósito EIF1,CRECER,12.04,8,2024
Certificados de Depósito EIF1,JMMB_BDI,13.320000000000002,8,2024
Certificados de Depósito EIF1,POPULAR,13.08,8,2024
Certificados de Depósito EIF1,RESERVAS,11.52,8,2024
Certificados de Depósito EIF1,ROMANA,12.770000000000001,8,2024
Certificados de Depósito EIF1,SIEMBRA,12.4,8,2024
Certificados de Depósito EIF1,TOTAL_CCI,12.55298236674071,8,2024
Certificados de Depósito EIF1,RESERVAS-R3,12.4,8,2024
Certificados de Depósito EIF1,BANCO_CENTRAL-R3,12.590000000000002,8,2024
Certificados de Depósito EIF1,FONDO_DE_SOLIDARIDAD_SOCIAL,12.65,8,2024
Certificados de Depósito EIF1,TOTAL_SISTEMA,12.55675388785121,8,2024
Certificados Inversión Especial BCRD2,ATLÁNTICO,7.580000000000001,8,2024
Certificados Inversión Especial BCRD2,CRECER,0,8,2024
Certificados Inversión Especial BCRD2,JMMB_BDI,5.58,8,2024
Certificados Inversión Especial BCRD2,POPULAR,10.5,8,2024
Certificados Inversión Especial BCRD2,RESERVAS,0,8,2024
Certificados Inversión Especial BCRD2,ROMANA,7.580000000000001,8,2024
Certificados Inversión Especial BCRD2,SIEMBRA,0,8,2024
Certificados Inversión Especial BCRD2,TOTAL_CCI,8.338061848077857,8,2024
Certificados Inversión Especial BCRD2,RESERVAS-R3,0,8,2024
Certificados Inversión Especial BCRD2,BANCO_CENTRAL-R3,14.099999999999998,8,2024
Certificados Inversión Especial BCRD2,FONDO_DE_SOLIDARIDAD_SOCIAL,0,8,2024
Certificados Inversión Especial BCRD2,TOTAL_SISTEMA,13.360489716555927,8,2024
Letras BCRD2,ATLÁNTICO,0,8,2024
Letras BCRD2,CRECER,0,8,2024
Letras BCRD2,JMMB_BDI,0,8,2024
Letras BCRD2,POPULAR,0,8,2024
Letras BCRD2,RESERVAS,0,8,2024
Letras BCRD2,ROMANA,0,8,2024
Letras BCRD2,SIEMBRA,0,8,2024
Letras BCRD2,TOTAL_CCI,0,8,2024
Letras BCRD2,RESERVAS-R3,0,8,2024
Letras BCRD2,BANCO_CENTRAL-R3,0,8,2024
Letras BCRD2,FONDO_DE_SOLIDARIDAD_SOCIAL,0,8,2024
Letras BCRD2,TOTAL_SISTEMA,0,8,2024
Notas BCRD2,ATLÁNTICO,6.909999999999999,8,2024
Notas BCRD2,CRECER,8.59,8,2024
Notas BCRD2,JMMB_BDI,11.09,8,2024
Notas BCRD2,POPULAR,10.12,8,2024
Notas BCRD2,RESERVAS,9.21,8,2024
Notas BCRD2,ROMANA,9.48,8,2024
Notas BCRD2,SIEMBRA,10.56,8,2024
Notas BCRD2,TOTAL_CCI,9.908836187350971,8,2024
Notas BCRD2,RESERVAS-R3,8.25,8,2024
Notas BCRD2,BANCO_CENTRAL-R3,11.700000000000001,8,2024
Notas BCRD2,FONDO_DE_SOLIDARIDAD_SOCIAL,8.97,8,2024
Notas BCRD2,TOTAL_SISTEMA,9.957985204805624,8,2024
Bonos Ministerio de Hacienda,ATLÁNTICO,6,9,2024
Bonos Ministerio de Hacienda,CRECER,7.5600000000000005,9,2024
Bonos Ministerio de Hacienda,JMMB_BDI,6.6000000000000005,9,2024
Bonos Ministerio de Hacienda,POPULAR,7.01,9,2024
Bonos Ministerio de Hacienda,RESERVAS,7.380000000000001,9,2024
Bonos Ministerio de Hacienda,ROMANA,7.430000000000001,9,2024
Bonos Ministerio de Hacienda,SIEMBRA,6.1,9,2024
Bonos Ministerio de Hacienda,TOTAL_CCI,7.055742427564657,9,2024
Bonos Ministerio de Hacienda,RESERVAS-R3,6.92,9,2024
Bonos Ministerio de Hacienda,BANCO_CENTRAL-R3,6.94,9,2024
Bonos Ministerio de Hacienda,FONDO_DE_SOLIDARIDAD_SOCIAL,6.8500000000000005,9,2024
Bonos Ministerio de Hacienda,TOTAL_SISTEMA,7.033717510639463,9,2024
Bonos EIF 1,ATLÁNTICO,10.03,9,2024
Bonos EIF 1,CRECER,10.13,9,2024
Bonos EIF 1,JMMB_BDI,9.879999999999999,9,2024
Bonos EIF 1,POPULAR,10.56,9,2024
Bonos EIF 1,RESERVAS,10.280000000000001,9,2024
Bonos EIF 1,ROMANA,10,9,2024
Bonos EIF 1,SIEMBRA,10.69,9,2024
Bonos EIF 1,TOTAL_CCI,10.471444971827282,9,2024
Bonos EIF 1,RESERVAS-R3,11.26,9,2024
Bonos EIF 1,BANCO_CENTRAL-R3,9.53,9,2024
Bonos EIF 1,FONDO_DE_SOLIDARIDAD_SOCIAL,10.530000000000001,9,2024
Bonos EIF 1,TOTAL_SISTEMA,10.481211757528873,9,2024
Certificados de Depósito EIF1,ATLÁNTICO,9.569999999999999,9,2024
Certificados de Depósito EIF1,CRECER,10.47,9,2024
Certificados de Depósito EIF1,JMMB_BDI,11.59,9,2024
Certificados de Depósito EIF1,POPULAR,12.520000000000001,9,2024
Certificados de Depósito EIF1,RESERVAS,11.95,9,2024
Certificados de Depósito EIF1,ROMANA,12.809999999999999,9,2024
Certificados de Depósito EIF1,SIEMBRA,12.479999999999999,9,2024
Certificados de Depósito EIF1,TOTAL_CCI,12.352898328416286,9,2024
Certificados de Depósito EIF1,RESERVAS-R3,12.3,9,2024
Certificados de Depósito EIF1,BANCO_CENTRAL-R3,12.82,9,2024
Certificados de Depósito EIF1,FONDO_DE_SOLIDARIDAD_SOCIAL,12.27,9,2024
Certificados de Depósito EIF1,TOTAL_SISTEMA,12.354718317956317,9,2024
Certificados Inversión Especial BCRD2,ATLÁNTICO,7.580000000000001,9,2024
Certificados Inversión Especial BCRD2,CRECER,0,9,2024
Certificados Inversión Especial BCRD2,JMMB_BDI,5.58,9,2024
Certificados Inversión Especial BCRD2,POPULAR,10.5,9,2024
Certificados Inversión Especial BCRD2,RESERVAS,0,9,2024
Certificados Inversión Especial BCRD2,ROMANA,7.580000000000001,9,2024
Certificados Inversión Especial BCRD2,SIEMBRA,0,9,2024
Certificados Inversión Especial BCRD2,TOTAL_CCI,8.337177587506602,9,2024
Certificados Inversión Especial BCRD2,RESERVAS-R3,0,9,2024
Certificados Inversión Especial BCRD2,BANCO_CENTRAL-R3,14.19,9,2024
Certificados Inversión Especial BCRD2,FONDO_DE_SOLIDARIDAD_SOCIAL,0,9,2024
Certificados Inversión Especial BCRD2,TOTAL_SISTEMA,13.428133301603623,9,2024
Letras BCRD2,ATLÁNTICO,0,9,2024
Letras BCRD2,CRECER,0,9,2024
Letras BCRD2,JMMB_BDI,0,9,2024
Letras BCRD2,POPULAR,0,9,2024
Letras BCRD2,RESERVAS,0,9,2024
Letras BCRD2,ROMANA,0,9,2024
Letras BCRD2,SIEMBRA,0,9,2024
Letras BCRD2,TOTAL_CCI,0,9,2024
Letras BCRD2,RESERVAS-R3,0,9,2024
Letras BCRD2,BANCO_CENTRAL-R3,0,9,2024
Letras BCRD2,FONDO_DE_SOLIDARIDAD_SOCIAL,0,9,2024
Letras BCRD2,TOTAL_SISTEMA,0,9,2024
Notas BCRD2,ATLÁNTICO,7.049999999999999,9,2024
Notas BCRD2,CRECER,8.61,9,2024
Notas BCRD2,JMMB_BDI,10.9,9,2024
Notas BCRD2,POPULAR,9.92,9,2024
Notas BCRD2,RESERVAS,9.28,9,2024
Notas BCRD2,ROMANA,9.43,9,2024
Notas BCRD2,SIEMBRA,9.610000000000001,9,2024
Notas BCRD2,TOTAL_CCI,9.579360408981243,9,2024
Notas BCRD2,RESERVAS-R3,8.260000000000002,9,2024
Notas BCRD2,BANCO_CENTRAL-R3,11.709999999999999,9,2024
Notas BCRD2,FONDO_DE_SOLIDARIDAD_SOCIAL,8.99,9,2024
Notas BCRD2,TOTAL_SISTEMA,9.637548770612852,9,2024
Bonos Ministerio de Hacienda,ATLÁNTICO,6.01,10,2024
Bonos Ministerio de Hacienda,CRECER,7.3999999999999995,10,2024
Bonos Ministerio de Hacienda,JMMB_BDI,5.54,10,2024
Bonos Ministerio de Hacienda,POPULAR,7.01,10,2024
Bonos Ministerio de Hacienda,RESERVAS,7.739999999999999,10,2024
Bonos Ministerio de Hacienda,ROMANA,7.430000000000001,10,2024
Bonos Ministerio de Hacienda,SIEMBRA,6.13,10,2024
Bonos Ministerio de Hacienda,TOTAL_CCI,7.086218376592418,10,2024
Bonos Ministerio de Hacienda,RESERVAS-R3,6.92,10,2024
Bonos Ministerio de Hacienda,BANCO_CENTRAL-R3,6.93,10,2024
Bonos Ministerio de Hacienda,FONDO_DE_SOLIDARIDAD_SOCIAL,7.249999999999999,10,2024
Bonos Ministerio de Hacienda,TOTAL_SISTEMA,7.092761692339885,10,2024
Bonos EIF 1,ATLÁNTICO,10.02,10,2024
Bonos EIF 1,CRECER,10.11,10,2024
Bonos EIF 1,JMMB_BDI,10.16,10,2024
Bonos EIF 1,POPULAR,10.489999999999998,10,2024
Bonos EIF 1,RESERVAS,10.31,10,2024
Bonos EIF 1,ROMANA,10,10,2024
Bonos EIF 1,SIEMBRA,10.620000000000001,10,2024
Bonos EIF 1,TOTAL_CCI,10.424429204417232,10,2024
Bonos EIF 1,RESERVAS-R3,11.28,10,2024
Bonos EIF 1,BANCO_CENTRAL-R3,9.53,10,2024
Bonos EIF 1,FONDO_DE_SOLIDARIDAD_SOCIAL,10.530000000000001,10,2024
Bonos EIF 1,TOTAL_SISTEMA,10.435995811517202,10,2024
Certificados de Depósito EIF1,ATLÁNTICO,10.190000000000001,10,2024
Certificados de Depósito EIF1,CRECER,12.120000000000001,10,2024
Certificados de Depósito EIF1,JMMB_BDI,12.959999999999999,10,2024
Certificados de Depósito EIF1,POPULAR,11.600000000000001,10,2024
Certificados de Depósito EIF1,RESERVAS,10.45,10,2024
Certificados de Depósito EIF1,ROMANA,12.879999999999999,10,2024
Certificados de Depósito EIF1,SIEMBRA,12.120000000000001,10,2024
Certificados de Depósito EIF1,TOTAL_CCI,11.845379722962706,10,2024
Certificados de Depósito EIF1,RESERVAS-R3,12.19,10,2024
Certificados de Depósito EIF1,BANCO_CENTRAL-R3,12.61,10,2024
Certificados de Depósito EIF1,FONDO_DE_SOLIDARIDAD_SOCIAL,12.46,10,2024
Certificados de Depósito EIF1,TOTAL_SISTEMA,11.92746288514164,10,2024
Certificados Inversión Especial BCRD2,ATLÁNTICO,7.580000000000001,10,2024
Certificados Inversión Especial BCRD2,CRECER,0,10,2024
Certificados Inversión Especial BCRD2,JMMB_BDI,5.58,10,2024
Certificados Inversión Especial BCRD2,POPULAR,10.5,10,2024
Certificados Inversión Especial BCRD2,RESERVAS,0,10,2024
Certificados Inversión Especial BCRD2,ROMANA,7.580000000000001,10,2024
Certificados Inversión Especial BCRD2,SIEMBRA,0,10,2024
Certificados Inversión Especial BCRD2,TOTAL_CCI,8.336293974865617,10,2024
Certificados Inversión Especial BCRD2,RESERVAS-R3,0,10,2024
Certificados Inversión Especial BCRD2,BANCO_CENTRAL-R3,14.27,10,2024
Certificados Inversión Especial BCRD2,FONDO_DE_SOLIDARIDAD_SOCIAL,0,10,2024
Certificados Inversión Especial BCRD2,TOTAL_SISTEMA,13.493770940947433,10,2024
Letras BCRD2,ATLÁNTICO,0,10,2024
Letras BCRD2,CRECER,0,10,2024
Letras BCRD2,JMMB_BDI,0,10,2024
Letras BCRD2,POPULAR,0,10,2024
Letras BCRD2,RESERVAS,0,10,2024
Letras BCRD2,ROMANA,0,10,2024
Letras BCRD2,SIEMBRA,0,10,2024
Letras BCRD2,TOTAL_CCI,0,10,2024
Letras BCRD2,RESERVAS-R3,0,10,2024
Letras BCRD2,BANCO_CENTRAL-R3,0,10,2024
Letras BCRD2,FONDO_DE_SOLIDARIDAD_SOCIAL,0,10,2024
Letras BCRD2,TOTAL_SISTEMA,0,10,2024
Notas BCRD2,ATLÁNTICO,7.06,10,2024
Notas BCRD2,CRECER,8.61,10,2024
Notas BCRD2,JMMB_BDI,9.91,10,2024
Notas BCRD2,POPULAR,9.66,10,2024
Notas BCRD2,RESERVAS,9.29,10,2024
Notas BCRD2,ROMANA,9.43,10,2024
Notas BCRD2,SIEMBRA,9.370000000000001,10,2024
Notas BCRD2,TOTAL_CCI,9.373191121022444,10,2024
Notas BCRD2,RESERVAS-R3,7.62,10,2024
Notas BCRD2,BANCO_CENTRAL-R3,11.76,10,2024
Notas BCRD2,FONDO_DE_SOLIDARIDAD_SOCIAL,8.9,10,2024
Notas BCRD2,TOTAL_SISTEMA,9.437138362925799,10,2024
Bonos Ministerio de Hacienda,ATLÁNTICO,5.970000000000001,11,2024
Bonos Ministerio de Hacienda,CRECER,7.720000000000001,11,2024
Bonos Ministerio de Hacienda,JMMB_BDI,5.489999999999999,11,2024
Bonos Ministerio de Hacienda,POPULAR,6.8500000000000005,11,2024
Bonos Ministerio de Hacienda,RESERVAS,8.06,11,2024
Bonos Ministerio de Hacienda,ROMANA,7.430000000000001,11,2024
Bonos Ministerio de Hacienda,SIEMBRA,6.15,11,2024
Bonos Ministerio de Hacienda,TOTAL_CCI,7.195000307086197,11,2024
Bonos Ministerio de Hacienda,RESERVAS-R3,7.109999999999999,11,2024
Bonos Ministerio de Hacienda,BANCO_CENTRAL-R3,7.68,11,2024
Bonos Ministerio de Hacienda,FONDO_DE_SOLIDARIDAD_SOCIAL,7.449999999999999,11,2024
Bonos Ministerio de Hacienda,TOTAL_SISTEMA,7.224161096490192,11,2024
Bonos EIF 1,ATLÁNTICO,10.56,11,2024
Bonos EIF 1,CRECER,10.12,11,2024
Bonos EIF 1,JMMB_BDI,11.23,11,2024
Bonos EIF 1,POPULAR,10.489999999999998,11,2024
Bonos EIF 1,RESERVAS,10.31,11,2024
Bonos EIF 1,ROMANA,10,11,2024
Bonos EIF 1,SIEMBRA,10.63,11,2024
Bonos EIF 1,TOTAL_CCI,10.439250524906667,11,2024
Bonos EIF 1,RESERVAS-R3,11.29,11,2024
Bonos EIF 1,BANCO_CENTRAL-R3,9.520000000000001,11,2024
Bonos EIF 1,FONDO_DE_SOLIDARIDAD_SOCIAL,10.530000000000001,11,2024
Bonos EIF 1,TOTAL_SISTEMA,10.450009747571505,11,2024
Certificados de Depósito EIF1,ATLÁNTICO,10.11,11,2024
Certificados de Depósito EIF1,CRECER,11.44,11,2024
Certificados de Depósito EIF1,JMMB_BDI,13.309999999999999,11,2024
Certificados de Depósito EIF1,POPULAR,12,11,2024
Certificados de Depósito EIF1,RESERVAS,11.91,11,2024
Certificados de Depósito EIF1,ROMANA,12.879999999999999,11,2024
Certificados de Depósito EIF1,SIEMBRA,12.33,11,2024
Certificados de Depósito EIF1,TOTAL_CCI,12.173833116811899,11,2024
Certificados de Depósito EIF1,RESERVAS-R3,12.790000000000001,11,2024
Certificados de Depósito EIF1,BANCO_CENTRAL-R3,13.170000000000002,11,2024
Certificados de Depósito EIF1,FONDO_DE_SOLIDARIDAD_SOCIAL,12.7,11,2024
Certificados de Depósito EIF1,TOTAL_SISTEMA,12.290084058592269,11,2024
Certificados Inversión Especial BCRD2,ATLÁNTICO,7.580000000000001,11,2024
Certificados Inversión Especial BCRD2,CRECER,0,11,2024
Certificados Inversión Especial BCRD2,JMMB_BDI,9.629999999999999,11,2024
Certificados Inversión Especial BCRD2,POPULAR,10.5,11,2024
Certificados Inversión Especial BCRD2,RESERVAS,0,11,2024
Certificados Inversión Especial BCRD2,ROMANA,7.580000000000001,11,2024
Certificados Inversión Especial BCRD2,SIEMBRA,0,11,2024
Certificados Inversión Especial BCRD2,TOTAL_CCI,8.361094632377469,11,2024
Certificados Inversión Especial BCRD2,RESERVAS-R3,0,11,2024
Certificados Inversión Especial BCRD2,BANCO_CENTRAL-R3,14.27,11,2024
Certificados Inversión Especial BCRD2,FONDO_DE_SOLIDARIDAD_SOCIAL,0,11,2024
Certificados Inversión Especial BCRD2,TOTAL_SISTEMA,13.500496465805723,11,2024
Letras BCRD2,ATLÁNTICO,NA,11,2024
Letras BCRD2,CRECER,NA,11,2024
Letras BCRD2,JMMB_BDI,NA,11,2024
Letras BCRD2,POPULAR,NA,11,2024
Letras BCRD2,RESERVAS,NA,11,2024
Letras BCRD2,ROMANA,NA,11,2024
Letras BCRD2,SIEMBRA,NA,11,2024
Letras BCRD2,TOTAL_CCI,0,11,2024
Letras BCRD2,RESERVAS-R3,NA,11,2024
Letras BCRD2,BANCO_CENTRAL-R3,NA,11,2024
Letras BCRD2,FONDO_DE_SOLIDARIDAD_SOCIAL,NA,11,2024
Letras BCRD2,TOTAL_SISTEMA,0,11,2024
Notas BCRD2,ATLÁNTICO,7.049999999999999,11,2024
Notas BCRD2,CRECER,8.61,11,2024
Notas BCRD2,JMMB_BDI,9.790000000000001,11,2024
Notas BCRD2,POPULAR,8.959999999999999,11,2024
Notas BCRD2,RESERVAS,7.22,11,2024
Notas BCRD2,ROMANA,9.44,11,2024
Notas BCRD2,SIEMBRA,8.76,11,2024
Notas BCRD2,TOTAL_CCI,8.736124128957186,11,2024
Notas BCRD2,RESERVAS-R3,7.61,11,2024
Notas BCRD2,BANCO_CENTRAL-R3,12.17,11,2024
Notas BCRD2,FONDO_DE_SOLIDARIDAD_SOCIAL,8.9,11,2024
Notas BCRD2,TOTAL_SISTEMA,8.834741204521597,11,2024
Bonos Ministerio de Hacienda,ATLÁNTICO,5.94,12,2024
Bonos Ministerio de Hacienda,CRECER,7.7,12,2024
Bonos Ministerio de Hacienda,JMMB_BDI,5.46,12,2024
Bonos Ministerio de Hacienda,POPULAR,6.87,12,2024
Bonos Ministerio de Hacienda,RESERVAS,8.81,12,2024
Bonos Ministerio de Hacienda,ROMANA,7.41,12,2024
Bonos Ministerio de Hacienda,SIEMBRA,6.15,12,2024
Bonos Ministerio de Hacienda,TOTAL_CCI,7.357186960158277,12,2024
Bonos Ministerio de Hacienda,RESERVAS-R3,7.109999999999999,12,2024
Bonos Ministerio de Hacienda,BANCO_CENTRAL-R3,6.92,12,2024
Bonos Ministerio de Hacienda,FONDO_DE_SOLIDARIDAD_SOCIAL,7.430000000000001,12,2024
Bonos Ministerio de Hacienda,TOTAL_SISTEMA,7.348608569657385,12,2024
Bonos EIF 1,ATLÁNTICO,10.57,12,2024
Bonos EIF 1,CRECER,10.12,12,2024
Bonos EIF 1,JMMB_BDI,10.14,12,2024
Bonos EIF 1,POPULAR,10.08,12,2024
Bonos EIF 1,RESERVAS,10.01,12,2024
Bonos EIF 1,ROMANA,10,12,2024
Bonos EIF 1,SIEMBRA,10.11,12,2024
Bonos EIF 1,TOTAL_CCI,10.094770978968882,12,2024
Bonos EIF 1,RESERVAS-R3,10.37,12,2024
Bonos EIF 1,BANCO_CENTRAL-R3,9.520000000000001,12,2024
Bonos EIF 1,FONDO_DE_SOLIDARIDAD_SOCIAL,10.01,12,2024
Bonos EIF 1,TOTAL_SISTEMA,10.09097820095465,12,2024
Certificados de Depósito EIF1,ATLÁNTICO,9.370000000000001,12,2024
Certificados de Depósito EIF1,CRECER,9,12,2024
Certificados de Depósito EIF1,JMMB_BDI,13.139999999999999,12,2024
Certificados de Depósito EIF1,POPULAR,11.98,12,2024
Certificados de Depósito EIF1,RESERVAS,10.459999999999999,12,2024
Certificados de Depósito EIF1,ROMANA,12.78,12,2024
Certificados de Depósito EIF1,SIEMBRA,11.89,12,2024
Certificados de Depósito EIF1,TOTAL_CCI,11.532719635015793,12,2024
Certificados de Depósito EIF1,RESERVAS-R3,10.65,12,2024
Certificados de Depósito EIF1,BANCO_CENTRAL-R3,13.52,12,2024
Certificados de Depósito EIF1,FONDO_DE_SOLIDARIDAD_SOCIAL,10.74,12,2024
Certificados de Depósito EIF1,TOTAL_SISTEMA,11.550490495867107,12,2024
Certificados Inversión Especial BCRD2,ATLÁNTICO,7.580000000000001,12,2024
Certificados Inversión Especial BCRD2,CRECER,0,12,2024
Certificados Inversión Especial BCRD2,JMMB_BDI,9.629999999999999,12,2024
Certificados Inversión Especial BCRD2,POPULAR,10.5,12,2024
Certificados Inversión Especial BCRD2,RESERVAS,0,12,2024
Certificados Inversión Especial BCRD2,ROMANA,7.580000000000001,12,2024
Certificados Inversión Especial BCRD2,SIEMBRA,0,12,2024
Certificados Inversión Especial BCRD2,TOTAL_CCI,8.332005132692476,12,2024
Certificados Inversión Especial BCRD2,RESERVAS-R3,0,12,2024
Certificados Inversión Especial BCRD2,BANCO_CENTRAL-R3,14.280000000000001,12,2024
Certificados Inversión Especial BCRD2,FONDO_DE_SOLIDARIDAD_SOCIAL,0,12,2024
Certificados Inversión Especial BCRD2,TOTAL_SISTEMA,13.50133529762629,12,2024
Letras BCRD2,ATLÁNTICO,NA,12,2024
Letras BCRD2,CRECER,NA,12,2024
Letras BCRD2,JMMB_BDI,NA,12,2024
Letras BCRD2,POPULAR,NA,12,2024
Letras BCRD2,RESERVAS,NA,12,2024
Letras BCRD2,ROMANA,NA,12,2024
Letras BCRD2,SIEMBRA,NA,12,2024
Letras BCRD2,TOTAL_CCI,0,12,2024
Letras BCRD2,RESERVAS-R3,NA,12,2024
Letras BCRD2,BANCO_CENTRAL-R3,NA,12,2024
Letras BCRD2,FONDO_DE_SOLIDARIDAD_SOCIAL,NA,12,2024
Letras BCRD2,TOTAL_SISTEMA,0,12,2024
Notas BCRD2,ATLÁNTICO,7.049999999999999,12,2024
Notas BCRD2,CRECER,8.62,12,2024
Notas BCRD2,JMMB_BDI,9.64,12,2024
Notas BCRD2,POPULAR,8.97,12,2024
Notas BCRD2,RESERVAS,8.200000000000001,12,2024
Notas BCRD2,ROMANA,9.44,12,2024
Notas BCRD2,SIEMBRA,8.76,12,2024
Notas BCRD2,TOTAL_CCI,8.799163982425776,12,2024
Notas BCRD2,RESERVAS-R3,7.61,12,2024
Notas BCRD2,BANCO_CENTRAL-R3,12.120000000000001,12,2024
Notas BCRD2,FONDO_DE_SOLIDARIDAD_SOCIAL,8.9,12,2024
Notas BCRD2,TOTAL_SISTEMA,8.892711545646607,12,2024
Bonos Ministerio de Hacienda,ATLÁNTICO,5.91,1,2025
Bonos Ministerio de Hacienda,CRECER,6.569999999999999,1,2025
Bonos Ministerio de Hacienda,JMMB_BDI,5.42,1,2025
Bonos Ministerio de Hacienda,POPULAR,6.38,1,2025
Bonos Ministerio de Hacienda,RESERVAS,6.87,1,2025
Bonos Ministerio de Hacienda,ROMANA,7.42,1,2025
Bonos Ministerio de Hacienda,SIEMBRA,6.23,1,2025
Bonos Ministerio de Hacienda,TOTAL_CCI,6.49936833829641,1,2025
Bonos Ministerio de Hacienda,RESERVAS-R3,6.47,1,2025
Bonos Ministerio de Hacienda,BANCO_CENTRAL-R3,6.94,1,2025
Bonos Ministerio de Hacienda,FONDO_DE_SOLIDARIDAD_SOCIAL,6.2700000000000005,1,2025
Bonos Ministerio de Hacienda,TOTAL_SISTEMA,6.48853868496711,1,2025
Bonos EIF 1,ATLÁNTICO,10.58,1,2025
Bonos EIF 1,CRECER,10.12,1,2025
Bonos EIF 1,JMMB_BDI,10.13,1,2025
Bonos EIF 1,POPULAR,10.08,1,2025
Bonos EIF 1,RESERVAS,10.01,1,2025
Bonos EIF 1,ROMANA,10,1,2025
Bonos EIF 1,SIEMBRA,10.11,1,2025
Bonos EIF 1,TOTAL_CCI,10.09479051368683,1,2025
Bonos EIF 1,RESERVAS-R3,10.37,1,2025
Bonos EIF 1,BANCO_CENTRAL-R3,9.520000000000001,1,2025
Bonos EIF 1,FONDO_DE_SOLIDARIDAD_SOCIAL,10.01,1,2025
Bonos EIF 1,TOTAL_SISTEMA,10.090973732796991,1,2025
Certificados de Depósito EIF1,ATLÁNTICO,13.81,1,2025
Certificados de Depósito EIF1,CRECER,9.85,1,2025
Certificados de Depósito EIF1,JMMB_BDI,12.23,1,2025
Certificados de Depósito EIF1,POPULAR,11.44,1,2025
Certificados de Depósito EIF1,RESERVAS,9.56,1,2025
Certificados de Depósito EIF1,ROMANA,12.690000000000001,1,2025
Certificados de Depósito EIF1,SIEMBRA,10.76,1,2025
Certificados de Depósito EIF1,TOTAL_CCI,10.816039591136564,1,2025
Certificados de Depósito EIF1,RESERVAS-R3,9.58,1,2025
Certificados de Depósito EIF1,BANCO_CENTRAL-R3,12.01,1,2025
Certificados de Depósito EIF1,FONDO_DE_SOLIDARIDAD_SOCIAL,8.97,1,2025
Certificados de Depósito EIF1,TOTAL_SISTEMA,10.758839834016301,1,2025
Certificados Inversión Especial BCRD2,ATLÁNTICO,7.580000000000001,1,2025
Certificados Inversión Especial BCRD2,CRECER,0,1,2025
Certificados Inversión Especial BCRD2,JMMB_BDI,11.72,1,2025
Certificados Inversión Especial BCRD2,POPULAR,10.5,1,2025
Certificados Inversión Especial BCRD2,RESERVAS,0,1,2025
Certificados Inversión Especial BCRD2,ROMANA,0,1,2025
Certificados Inversión Especial BCRD2,SIEMBRA,0,1,2025
Certificados Inversión Especial BCRD2,TOTAL_CCI,10.027933973300545,1,2025
Certificados Inversión Especial BCRD2,RESERVAS-R3,0,1,2025
Certificados Inversión Especial BCRD2,BANCO_CENTRAL-R3,14.610000000000001,1,2025
Certificados Inversión Especial BCRD2,FONDO_DE_SOLIDARIDAD_SOCIAL,0,1,2025
Certificados Inversión Especial BCRD2,TOTAL_SISTEMA,14.403271498198004,1,2025
Letras BCRD2,ATLÁNTICO,0,1,2025
Letras BCRD2,CRECER,0,1,2025
Letras BCRD2,JMMB_BDI,0,1,2025
Letras BCRD2,POPULAR,0,1,2025
Letras BCRD2,RESERVAS,0,1,2025
Letras BCRD2,ROMANA,0,1,2025
Letras BCRD2,SIEMBRA,0,1,2025
Letras BCRD2,TOTAL_CCI,0,1,2025
Letras BCRD2,RESERVAS-R3,0,1,2025
Letras BCRD2,BANCO_CENTRAL-R3,0,1,2025
Letras BCRD2,FONDO_DE_SOLIDARIDAD_SOCIAL,0,1,2025
Letras BCRD2,TOTAL_SISTEMA,0,1,2025
Notas BCRD2,ATLÁNTICO,7.06,1,2025
Notas BCRD2,CRECER,8.62,1,2025
Notas BCRD2,JMMB_BDI,9.25,1,2025
Notas BCRD2,POPULAR,9.02,1,2025
Notas BCRD2,RESERVAS,8.110000000000001,1,2025
Notas BCRD2,ROMANA,9,1,2025
Notas BCRD2,SIEMBRA,9.06,1,2025
Notas BCRD2,TOTAL_CCI,8.926983909497237,1,2025
Notas BCRD2,RESERVAS-R3,7.630000000000001,1,2025
Notas BCRD2,BANCO_CENTRAL-R3,12.33,1,2025
Notas BCRD2,FONDO_DE_SOLIDARIDAD_SOCIAL,8.88,1,2025
Notas BCRD2,TOTAL_SISTEMA,9.010334239987735,1,2025
Bonos Ministerio de Hacienda,ATLÁNTICO,5.8999999999999995,2,2025
Bonos Ministerio de Hacienda,CRECER,6.550000000000001,2,2025
Bonos Ministerio de Hacienda,JMMB_BDI,5.2,2,2025
Bonos Ministerio de Hacienda,POPULAR,6.41,2,2025
Bonos Ministerio de Hacienda,RESERVAS,6.87,2,2025
Bonos Ministerio de Hacienda,ROMANA,7.42,2,2025
Bonos Ministerio de Hacienda,SIEMBRA,6.22,2,2025
Bonos Ministerio de Hacienda,TOTAL_CCI,6.499385610349175,2,2025
Bonos Ministerio de Hacienda,RESERVAS-R3,6.45,2,2025
Bonos Ministerio de Hacienda,BANCO_CENTRAL-R3,6.97,2,2025
Bonos Ministerio de Hacienda,FONDO_DE_SOLIDARIDAD_SOCIAL,6.2700000000000005,2,2025
Bonos Ministerio de Hacienda,TOTAL_SISTEMA,6.488061397778557,2,2025
Bonos EIF 1,ATLÁNTICO,10.58,2,2025
Bonos EIF 1,CRECER,10.12,2,2025
Bonos EIF 1,JMMB_BDI,10.13,2,2025
Bonos EIF 1,POPULAR,10.12,2,2025
Bonos EIF 1,RESERVAS,10.059999999999999,2,2025
Bonos EIF 1,ROMANA,10,2,2025
Bonos EIF 1,SIEMBRA,10.16,2,2025
Bonos EIF 1,TOTAL_CCI,10.128958509418483,2,2025
Bonos EIF 1,RESERVAS-R3,10.37,2,2025
Bonos EIF 1,BANCO_CENTRAL-R3,9.53,2,2025
Bonos EIF 1,FONDO_DE_SOLIDARIDAD_SOCIAL,10.25,2,2025
Bonos EIF 1,TOTAL_SISTEMA,10.134608032706568,2,2025
Certificados de Depósito EIF1,ATLÁNTICO,10.549999999999999,2,2025
Certificados de Depósito EIF1,CRECER,10.05,2,2025
Certificados de Depósito EIF1,JMMB_BDI,11.21,2,2025
Certificados de Depósito EIF1,POPULAR,9.77,2,2025
Certificados de Depósito EIF1,RESERVAS,9.71,2,2025
Certificados de Depósito EIF1,ROMANA,12.64,2,2025
Certificados de Depósito EIF1,SIEMBRA,10.16,2,2025
Certificados de Depósito EIF1,TOTAL_CCI,10.141896480333202,2,2025
Certificados de Depósito EIF1,RESERVAS-R3,9.3,2,2025
Certificados de Depósito EIF1,BANCO_CENTRAL-R3,12.559999999999999,2,2025
Certificados de Depósito EIF1,FONDO_DE_SOLIDARIDAD_SOCIAL,8.59,2,2025
Certificados de Depósito EIF1,TOTAL_SISTEMA,10.15710118507827,2,2025
Certificados Inversión Especial BCRD2,ATLÁNTICO,0,2,2025
Certificados Inversión Especial BCRD2,CRECER,0,2,2025
Certificados Inversión Especial BCRD2,JMMB_BDI,11.72,2,2025
Certificados Inversión Especial BCRD2,POPULAR,10.5,2,2025
Certificados Inversión Especial BCRD2,RESERVAS,0,2,2025
Certificados Inversión Especial BCRD2,ROMANA,0,2,2025
Certificados Inversión Especial BCRD2,SIEMBRA,0,2,2025
Certificados Inversión Especial BCRD2,TOTAL_CCI,10.528416217268614,2,2025
Certificados Inversión Especial BCRD2,RESERVAS-R3,0,2,2025
Certificados Inversión Especial BCRD2,BANCO_CENTRAL-R3,14.610000000000001,2,2025
Certificados Inversión Especial BCRD2,FONDO_DE_SOLIDARIDAD_SOCIAL,0,2,2025
Certificados Inversión Especial BCRD2,TOTAL_SISTEMA,14.455342366938087,2,2025
Letras BCRD2,ATLÁNTICO,0,2,2025
Letras BCRD2,CRECER,0,2,2025
Letras BCRD2,JMMB_BDI,0,2,2025
Letras BCRD2,POPULAR,0,2,2025
Letras BCRD2,RESERVAS,0,2,2025
Letras BCRD2,ROMANA,0,2,2025
Letras BCRD2,SIEMBRA,0,2,2025
Letras BCRD2,TOTAL_CCI,0,2,2025
Letras BCRD2,RESERVAS-R3,0,2,2025
Letras BCRD2,BANCO_CENTRAL-R3,0,2,2025
Letras BCRD2,FONDO_DE_SOLIDARIDAD_SOCIAL,0,2,2025
Letras BCRD2,TOTAL_SISTEMA,0,2,2025
Notas BCRD2,ATLÁNTICO,7.06,2,2025
Notas BCRD2,CRECER,8.59,2,2025
Notas BCRD2,JMMB_BDI,9.46,2,2025
Notas BCRD2,POPULAR,8.92,2,2025
Notas BCRD2,RESERVAS,8.37,2,2025
Notas BCRD2,ROMANA,9.02,2,2025
Notas BCRD2,SIEMBRA,8.780000000000001,2,2025
Notas BCRD2,TOTAL_CCI,8.794871962807228,2,2025
Notas BCRD2,RESERVAS-R3,7.02,2,2025
Notas BCRD2,BANCO_CENTRAL-R3,12.31,2,2025
Notas BCRD2,FONDO_DE_SOLIDARIDAD_SOCIAL,7.380000000000001,2,2025
Notas BCRD2,TOTAL_SISTEMA,8.889231073089974,2,2025
Bonos Ministerio de Hacienda,ATLÁNTICO,5.92,3,2025
Bonos Ministerio de Hacienda,CRECER,6.49,3,2025
Bonos Ministerio de Hacienda,JMMB_BDI,5.56,3,2025
Bonos Ministerio de Hacienda,POPULAR,6.4,3,2025
Bonos Ministerio de Hacienda,RESERVAS,6.76,3,2025
Bonos Ministerio de Hacienda,ROMANA,7.430000000000001,3,2025
Bonos Ministerio de Hacienda,SIEMBRA,6.239999999999999,3,2025
Bonos Ministerio de Hacienda,TOTAL_CCI,6.459357613857299,3,2025
Bonos Ministerio de Hacienda,RESERVAS-R3,6.49,3,2025
Bonos Ministerio de Hacienda,BANCO_CENTRAL-R3,6.97,3,2025
Bonos Ministerio de Hacienda,FONDO_DE_SOLIDARIDAD_SOCIAL,6.29,3,2025
Bonos Ministerio de Hacienda,TOTAL_SISTEMA,6.455899277194803,3,2025
Bonos EIF 1,ATLÁNTICO,10.58,3,2025
Bonos EIF 1,CRECER,10.15,3,2025
Bonos EIF 1,JMMB_BDI,10.15,3,2025
Bonos EIF 1,POPULAR,10.13,3,2025
Bonos EIF 1,RESERVAS,10.059999999999999,3,2025
Bonos EIF 1,ROMANA,10,3,2025
Bonos EIF 1,SIEMBRA,10.17,3,2025
Bonos EIF 1,TOTAL_CCI,10.142022985011293,3,2025
Bonos EIF 1,RESERVAS-R3,10.37,3,2025
Bonos EIF 1,BANCO_CENTRAL-R3,9.53,3,2025
Bonos EIF 1,FONDO_DE_SOLIDARIDAD_SOCIAL,10.25,3,2025
Bonos EIF 1,TOTAL_SISTEMA,10.14675220814184,3,2025
Certificados de Depósito EIF1,ATLÁNTICO,9.049999999999999,3,2025
Certificados de Depósito EIF1,CRECER,9.43,3,2025
Certificados de Depósito EIF1,JMMB_BDI,11.25,3,2025
Certificados de Depósito EIF1,POPULAR,9.01,3,2025
Certificados de Depósito EIF1,RESERVAS,9.98,3,2025
Certificados de Depósito EIF1,ROMANA,12.5,3,2025
Certificados de Depósito EIF1,SIEMBRA,9.44,3,2025
Certificados de Depósito EIF1,TOTAL_CCI,9.730314310166042,3,2025
Certificados de Depósito EIF1,RESERVAS-R3,9.120000000000001,3,2025
Certificados de Depósito EIF1,BANCO_CENTRAL-R3,11.44,3,2025
Certificados de Depósito EIF1,FONDO_DE_SOLIDARIDAD_SOCIAL,8.49,3,2025
Certificados de Depósito EIF1,TOTAL_SISTEMA,9.721099379101217,3,2025
Certificados Inversión Especial BCRD2,ATLÁNTICO,0,3,2025
Certificados Inversión Especial BCRD2,CRECER,0,3,2025
Certificados Inversión Especial BCRD2,JMMB_BDI,11.72,3,2025
Certificados Inversión Especial BCRD2,POPULAR,10.5,3,2025
Certificados Inversión Especial BCRD2,RESERVAS,0,3,2025
Certificados Inversión Especial BCRD2,ROMANA,0,3,2025
Certificados Inversión Especial BCRD2,SIEMBRA,0,3,2025
Certificados Inversión Especial BCRD2,TOTAL_CCI,10.528549862746694,3,2025
Certificados Inversión Especial BCRD2,RESERVAS-R3,0,3,2025
Certificados Inversión Especial BCRD2,BANCO_CENTRAL-R3,14.649999999999999,3,2025
Certificados Inversión Especial BCRD2,FONDO_DE_SOLIDARIDAD_SOCIAL,0,3,2025
Certificados Inversión Especial BCRD2,TOTAL_SISTEMA,14.493181600038515,3,2025
Letras BCRD2,ATLÁNTICO,0,3,2025
Letras BCRD2,CRECER,0,3,2025
Letras BCRD2,JMMB_BDI,0,3,2025
Letras BCRD2,POPULAR,0,3,2025
Letras BCRD2,RESERVAS,0,3,2025
Letras BCRD2,ROMANA,0,3,2025
Letras BCRD2,SIEMBRA,0,3,2025
Letras BCRD2,TOTAL_CCI,0,3,2025
Letras BCRD2,RESERVAS-R3,0,3,2025
Letras BCRD2,BANCO_CENTRAL-R3,0,3,2025
Letras BCRD2,FONDO_DE_SOLIDARIDAD_SOCIAL,0,3,2025
Letras BCRD2,TOTAL_SISTEMA,0,3,2025
Notas BCRD2,ATLÁNTICO,6.7299999999999995,3,2025
Notas BCRD2,CRECER,8.61,3,2025
Notas BCRD2,JMMB_BDI,9.120000000000001,3,2025
Notas BCRD2,POPULAR,9.25,3,2025
Notas BCRD2,RESERVAS,8.690000000000001,3,2025
Notas BCRD2,ROMANA,9.01,3,2025
Notas BCRD2,SIEMBRA,10.24,3,2025
Notas BCRD2,TOTAL_CCI,9.4976336173007,3,2025
Notas BCRD2,RESERVAS-R3,7.01,3,2025
Notas BCRD2,BANCO_CENTRAL-R3,12.46,3,2025
Notas BCRD2,FONDO_DE_SOLIDARIDAD_SOCIAL,7.380000000000001,3,2025
Notas BCRD2,TOTAL_SISTEMA,9.566575317351452,3,2025
Bonos Ministerio de Hacienda,ATLÁNTICO,6,4,2025
Bonos Ministerio de Hacienda,CRECER,6.510000000000001,4,2025
Bonos Ministerio de Hacienda,JMMB_BDI,5.52,4,2025
Bonos Ministerio de Hacienda,POPULAR,6.4,4,2025
Bonos Ministerio de Hacienda,RESERVAS,6.29,4,2025
Bonos Ministerio de Hacienda,ROMANA,7.720000000000001,4,2025
Bonos Ministerio de Hacienda,SIEMBRA,6.239999999999999,4,2025
Bonos Ministerio de Hacienda,TOTAL_CCI,6.36689700252655,4,2025
Bonos Ministerio de Hacienda,RESERVAS-R3,6.49,4,2025
Bonos Ministerio de Hacienda,BANCO_CENTRAL-R3,6.97,4,2025
Bonos Ministerio de Hacienda,FONDO_DE_SOLIDARIDAD_SOCIAL,6.29,4,2025
Bonos Ministerio de Hacienda,TOTAL_SISTEMA,6.375119322093509,4,2025
Bonos EIF 1,ATLÁNTICO,10.56,4,2025
Bonos EIF 1,CRECER,10.15,4,2025
Bonos EIF 1,JMMB_BDI,10.12,4,2025
Bonos EIF 1,POPULAR,10.13,4,2025
Bonos EIF 1,RESERVAS,10.059999999999999,4,2025
Bonos EIF 1,ROMANA,10,4,2025
Bonos EIF 1,SIEMBRA,10.17,4,2025
Bonos EIF 1,TOTAL_CCI,10.14146558470221,4,2025
Bonos EIF 1,RESERVAS-R3,10.36,4,2025
Bonos EIF 1,BANCO_CENTRAL-R3,9.53,4,2025
Bonos EIF 1,FONDO_DE_SOLIDARIDAD_SOCIAL,10.25,4,2025
Bonos EIF 1,TOTAL_SISTEMA,10.146109873453124,4,2025
Certificados de Depósito EIF1,ATLÁNTICO,11.06,4,2025
Certificados de Depósito EIF1,CRECER,10.459999999999999,4,2025
Certificados de Depósito EIF1,JMMB_BDI,11.76,4,2025
Certificados de Depósito EIF1,POPULAR,9.46,4,2025
Certificados de Depósito EIF1,RESERVAS,10.13,4,2025
Certificados de Depósito EIF1,ROMANA,12.43,4,2025
Certificados de Depósito EIF1,SIEMBRA,9.55,4,2025
Certificados de Depósito EIF1,TOTAL_CCI,9.988973577301595,4,2025
Certificados de Depósito EIF1,RESERVAS-R3,8.25,4,2025
Certificados de Depósito EIF1,BANCO_CENTRAL-R3,11.74,4,2025
Certificados de Depósito EIF1,FONDO_DE_SOLIDARIDAD_SOCIAL,8.52,4,2025
Certificados de Depósito EIF1,TOTAL_SISTEMA,9.890338755470498,4,2025
Certificados Inversión Especial BCRD2,ATLÁNTICO,0,4,2025
Certificados Inversión Especial BCRD2,CRECER,0,4,2025
Certificados Inversión Especial BCRD2,JMMB_BDI,11.72,4,2025
Certificados Inversión Especial BCRD2,POPULAR,10.5,4,2025
Certificados Inversión Especial BCRD2,RESERVAS,0,4,2025
Certificados Inversión Especial BCRD2,ROMANA,0,4,2025
Certificados Inversión Especial BCRD2,SIEMBRA,0,4,2025
Certificados Inversión Especial BCRD2,TOTAL_CCI,10.52867978160743,4,2025
Certificados Inversión Especial BCRD2,RESERVAS-R3,0,4,2025
Certificados Inversión Especial BCRD2,BANCO_CENTRAL-R3,14.67,4,2025
Certificados Inversión Especial BCRD2,FONDO_DE_SOLIDARIDAD_SOCIAL,0,4,2025
Certificados Inversión Especial BCRD2,TOTAL_SISTEMA,14.511794004553485,4,2025
Letras BCRD2,ATLÁNTICO,0,4,2025
Letras BCRD2,CRECER,0,4,2025
Letras BCRD2,JMMB_BDI,0,4,2025
Letras BCRD2,POPULAR,0,4,2025
Letras BCRD2,RESERVAS,0,4,2025
Letras BCRD2,ROMANA,0,4,2025
Letras BCRD2,SIEMBRA,0,4,2025
Letras BCRD2,TOTAL_CCI,0,4,2025
Letras BCRD2,RESERVAS-R3,0,4,2025
Letras BCRD2,BANCO_CENTRAL-R3,0,4,2025
Letras BCRD2,FONDO_DE_SOLIDARIDAD_SOCIAL,0,4,2025
Letras BCRD2,TOTAL_SISTEMA,0,4,2025
Notas BCRD2,ATLÁNTICO,6.819999999999999,4,2025
Notas BCRD2,CRECER,8.62,4,2025
Notas BCRD2,JMMB_BDI,10.73,4,2025
Notas BCRD2,POPULAR,9.3,4,2025
Notas BCRD2,RESERVAS,8.94,4,2025
Notas BCRD2,ROMANA,7.91,4,2025
Notas BCRD2,SIEMBRA,10.290000000000001,4,2025
Notas BCRD2,TOTAL_CCI,9.555996358677215,4,2025
Notas BCRD2,RESERVAS-R3,7.02,4,2025
Notas BCRD2,BANCO_CENTRAL-R3,12.45,4,2025
Notas BCRD2,FONDO_DE_SOLIDARIDAD_SOCIAL,7.380000000000001,4,2025
Notas BCRD2,TOTAL_SISTEMA,9.635285614943449,4,2025
Bonos Ministerio de Hacienda,ATLÁNTICO,6.02,5,2025
Bonos Ministerio de Hacienda,CRECER,6.510000000000001,5,2025
Bonos Ministerio de Hacienda,JMMB_BDI,5.489999999999999,5,2025
Bonos Ministerio de Hacienda,POPULAR,6.41,5,2025
Bonos Ministerio de Hacienda,RESERVAS,6.77,5,2025
Bonos Ministerio de Hacienda,ROMANA,7.7299999999999995,5,2025
Bonos Ministerio de Hacienda,SIEMBRA,6.22,5,2025
Bonos Ministerio de Hacienda,TOTAL_CCI,6.466587801627828,5,2025
Bonos Ministerio de Hacienda,RESERVAS-R3,6.5,5,2025
Bonos Ministerio de Hacienda,BANCO_CENTRAL-R3,6.98,5,2025
Bonos Ministerio de Hacienda,FONDO_DE_SOLIDARIDAD_SOCIAL,6.3,5,2025
Bonos Ministerio de Hacienda,TOTAL_SISTEMA,6.463668090393051,5,2025
Bonos EIF 1,ATLÁNTICO,11.129999999999999,5,2025
Bonos EIF 1,CRECER,10.15,5,2025
Bonos EIF 1,JMMB_BDI,10.12,5,2025
Bonos EIF 1,POPULAR,10.17,5,2025
Bonos EIF 1,RESERVAS,10.14,5,2025
Bonos EIF 1,ROMANA,10,5,2025
Bonos EIF 1,SIEMBRA,10.17,5,2025
Bonos EIF 1,TOTAL_CCI,10.175617970403989,5,2025
Bonos EIF 1,RESERVAS-R3,10.37,5,2025
Bonos EIF 1,BANCO_CENTRAL-R3,9.520000000000001,5,2025
Bonos EIF 1,FONDO_DE_SOLIDARIDAD_SOCIAL,10.26,5,2025
Bonos EIF 1,TOTAL_SISTEMA,10.178597480238253,5,2025
Certificados de Depósito EIF1,ATLÁNTICO,11.77,5,2025
Certificados de Depósito EIF1,CRECER,10.58,5,2025
Certificados de Depósito EIF1,JMMB_BDI,13.83,5,2025
Certificados de Depósito EIF1,POPULAR,10.61,5,2025
Certificados de Depósito EIF1,RESERVAS,10.15,5,2025
Certificados de Depósito EIF1,ROMANA,12.540000000000001,5,2025
Certificados de Depósito EIF1,SIEMBRA,9.700000000000001,5,2025
Certificados de Depósito EIF1,TOTAL_CCI,10.436488717616237,5,2025
Certificados de Depósito EIF1,RESERVAS-R3,8.260000000000002,5,2025
Certificados de Depósito EIF1,BANCO_CENTRAL-R3,12.72,5,2025
Certificados de Depósito EIF1,FONDO_DE_SOLIDARIDAD_SOCIAL,10.73,5,2025
Certificados de Depósito EIF1,TOTAL_SISTEMA,10.471311246668682,5,2025
Certificados Inversión Especial BCRD2,ATLÁNTICO,0,5,2025
Certificados Inversión Especial BCRD2,CRECER,0,5,2025
Certificados Inversión Especial BCRD2,JMMB_BDI,0,5,2025
Certificados Inversión Especial BCRD2,POPULAR,0,5,2025
Certificados Inversión Especial BCRD2,RESERVAS,0,5,2025
Certificados Inversión Especial BCRD2,ROMANA,0,5,2025
Certificados Inversión Especial BCRD2,SIEMBRA,0,5,2025
Certificados Inversión Especial BCRD2,TOTAL_CCI,0,5,2025
Certificados Inversión Especial BCRD2,RESERVAS-R3,0,5,2025
Certificados Inversión Especial BCRD2,BANCO_CENTRAL-R3,14.66,5,2025
Certificados Inversión Especial BCRD2,FONDO_DE_SOLIDARIDAD_SOCIAL,0,5,2025
Certificados Inversión Especial BCRD2,TOTAL_SISTEMA,14.66,5,2025
Letras BCRD2,ATLÁNTICO,0,5,2025
Letras BCRD2,CRECER,0,5,2025
Letras BCRD2,JMMB_BDI,0,5,2025
Letras BCRD2,POPULAR,0,5,2025
Letras BCRD2,RESERVAS,0,5,2025
Letras BCRD2,ROMANA,0,5,2025
Letras BCRD2,SIEMBRA,0,5,2025
Letras BCRD2,TOTAL_CCI,0,5,2025
Letras BCRD2,RESERVAS-R3,0,5,2025
Letras BCRD2,BANCO_CENTRAL-R3,0,5,2025
Letras BCRD2,FONDO_DE_SOLIDARIDAD_SOCIAL,0,5,2025
Letras BCRD2,TOTAL_SISTEMA,0,5,2025
Notas BCRD2,ATLÁNTICO,6.800000000000001,5,2025
Notas BCRD2,CRECER,8.62,5,2025
Notas BCRD2,JMMB_BDI,10.89,5,2025
Notas BCRD2,POPULAR,9.520000000000001,5,2025
Notas BCRD2,RESERVAS,8.94,5,2025
Notas BCRD2,ROMANA,7.9,5,2025
Notas BCRD2,SIEMBRA,10.290000000000001,5,2025
Notas BCRD2,TOTAL_CCI,9.650609709990222,5,2025
Notas BCRD2,RESERVAS-R3,7.02,5,2025
Notas BCRD2,BANCO_CENTRAL-R3,12.45,5,2025
Notas BCRD2,FONDO_DE_SOLIDARIDAD_SOCIAL,7.380000000000001,5,2025
Notas BCRD2,TOTAL_SISTEMA,9.72606325492533,5,2025
Bonos Ministerio de Hacienda,ATLÁNTICO,6.01,6,2025
Bonos Ministerio de Hacienda,CRECER,6.529999999999999,6,2025
Bonos Ministerio de Hacienda,JMMB_BDI,5.4399999999999995,6,2025
Bonos Ministerio de Hacienda,POPULAR,6.6000000000000005,6,2025
Bonos Ministerio de Hacienda,RESERVAS,6.81,6,2025
Bonos Ministerio de Hacienda,ROMANA,7.720000000000001,6,2025
Bonos Ministerio de Hacienda,SIEMBRA,6.47,6,2025
Bonos Ministerio de Hacienda,TOTAL_CCI,6.579288626581589,6,2025
Bonos Ministerio de Hacienda,RESERVAS-R3,6.5,6,2025
Bonos Ministerio de Hacienda,BANCO_CENTRAL-R3,6.97,6,2025
Bonos Ministerio de Hacienda,FONDO_DE_SOLIDARIDAD_SOCIAL,6.45,6,2025
Bonos Ministerio de Hacienda,TOTAL_SISTEMA,6.5742069620501455,6,2025
Bonos EIF 1,ATLÁNTICO,11.15,6,2025
Bonos EIF 1,CRECER,10.15,6,2025
Bonos EIF 1,JMMB_BDI,10.14,6,2025
Bonos EIF 1,POPULAR,10.17,6,2025
Bonos EIF 1,RESERVAS,10.14,6,2025
Bonos EIF 1,ROMANA,10,6,2025
Bonos EIF 1,SIEMBRA,10.18,6,2025
Bonos EIF 1,TOTAL_CCI,10.178674622891485,6,2025
Bonos EIF 1,RESERVAS-R3,10.37,6,2025
Bonos EIF 1,BANCO_CENTRAL-R3,9.520000000000001,6,2025
Bonos EIF 1,FONDO_DE_SOLIDARIDAD_SOCIAL,10.26,6,2025
Bonos EIF 1,TOTAL_SISTEMA,10.181462143883865,6,2025
Certificados de Depósito EIF1,ATLÁNTICO,10.290000000000001,6,2025
Certificados de Depósito EIF1,CRECER,10.58,6,2025
Certificados de Depósito EIF1,JMMB_BDI,13.930000000000001,6,2025
Certificados de Depósito EIF1,POPULAR,11.95,6,2025
Certificados de Depósito EIF1,RESERVAS,11.66,6,2025
Certificados de Depósito EIF1,ROMANA,12.559999999999999,6,2025
Certificados de Depósito EIF1,SIEMBRA,11.51,6,2025
Certificados de Depósito EIF1,TOTAL_CCI,11.78297870279443,6,2025
Certificados de Depósito EIF1,RESERVAS-R3,10.780000000000001,6,2025
Certificados de Depósito EIF1,BANCO_CENTRAL-R3,12.75,6,2025
Certificados de Depósito EIF1,FONDO_DE_SOLIDARIDAD_SOCIAL,6.859999999999999,6,2025
Certificados de Depósito EIF1,TOTAL_SISTEMA,11.689085233144755,6,2025
Certificados Inversión Especial BCRD2,ATLÁNTICO,0,6,2025
Certificados Inversión Especial BCRD2,CRECER,0,6,2025
Certificados Inversión Especial BCRD2,JMMB_BDI,0,6,2025
Certificados Inversión Especial BCRD2,POPULAR,0,6,2025
Certificados Inversión Especial BCRD2,RESERVAS,0,6,2025
Certificados Inversión Especial BCRD2,ROMANA,0,6,2025
Certificados Inversión Especial BCRD2,SIEMBRA,0,6,2025
Certificados Inversión Especial BCRD2,TOTAL_CCI,0,6,2025
Certificados Inversión Especial BCRD2,RESERVAS-R3,0,6,2025
Certificados Inversión Especial BCRD2,BANCO_CENTRAL-R3,14.81,6,2025
Certificados Inversión Especial BCRD2,FONDO_DE_SOLIDARIDAD_SOCIAL,0,6,2025
Certificados Inversión Especial BCRD2,TOTAL_SISTEMA,14.81,6,2025
Letras BCRD2,ATLÁNTICO,0,6,2025
Letras BCRD2,CRECER,0,6,2025
Letras BCRD2,JMMB_BDI,0,6,2025
Letras BCRD2,POPULAR,0,6,2025
Letras BCRD2,RESERVAS,0,6,2025
Letras BCRD2,ROMANA,0,6,2025
Letras BCRD2,SIEMBRA,0,6,2025
Letras BCRD2,TOTAL_CCI,0,6,2025
Letras BCRD2,RESERVAS-R3,0,6,2025
Letras BCRD2,BANCO_CENTRAL-R3,0,6,2025
Letras BCRD2,FONDO_DE_SOLIDARIDAD_SOCIAL,0,6,2025
Letras BCRD2,TOTAL_SISTEMA,0,6,2025
Notas BCRD2,ATLÁNTICO,6.800000000000001,6,2025
Notas BCRD2,CRECER,8.62,6,2025
Notas BCRD2,JMMB_BDI,10.23,6,2025
Notas BCRD2,POPULAR,9.99,6,2025
Notas BCRD2,RESERVAS,8.94,6,2025
Notas BCRD2,ROMANA,7.91,6,2025
Notas BCRD2,SIEMBRA,10.33,6,2025
Notas BCRD2,TOTAL_CCI,9.815365759770133,6,2025
Notas BCRD2,RESERVAS-R3,7.01,6,2025
Notas BCRD2,BANCO_CENTRAL-R3,12.370000000000001,6,2025
Notas BCRD2,FONDO_DE_SOLIDARIDAD_SOCIAL,7.380000000000001,6,2025
Notas BCRD2,TOTAL_SISTEMA,9.887764367907256,6,2025
Bonos Ministerio de Hacienda,ATLÁNTICO,6.02,7,2025
Bonos Ministerio de Hacienda,CRECER,6.710000000000001,7,2025
Bonos Ministerio de Hacienda,JMMB_BDI,5.52,7,2025
Bonos Ministerio de Hacienda,POPULAR,6.61,7,2025
Bonos Ministerio de Hacienda,RESERVAS,6.97,7,2025
Bonos Ministerio de Hacienda,ROMANA,7.7299999999999995,7,2025
Bonos Ministerio de Hacienda,SIEMBRA,6.710000000000001,7,2025
Bonos Ministerio de Hacienda,TOTAL_CCI,6.711798506419764,7,2025
Bonos Ministerio de Hacienda,RESERVAS-R3,6.5,7,2025
Bonos Ministerio de Hacienda,BANCO_CENTRAL-R3,6.99,7,2025
Bonos Ministerio de Hacienda,FONDO_DE_SOLIDARIDAD_SOCIAL,6.47,7,2025
Bonos Ministerio de Hacienda,TOTAL_SISTEMA,6.693373389990727,7,2025
Bonos EIF 1,ATLÁNTICO,11.16,7,2025
Bonos EIF 1,CRECER,10.15,7,2025
Bonos EIF 1,JMMB_BDI,10.08,7,2025
Bonos EIF 1,POPULAR,10.18,7,2025
Bonos EIF 1,RESERVAS,10.15,7,2025
Bonos EIF 1,ROMANA,10,7,2025
Bonos EIF 1,SIEMBRA,10.18,7,2025
Bonos EIF 1,TOTAL_CCI,10.183390658718448,7,2025
Bonos EIF 1,RESERVAS-R3,10.37,7,2025
Bonos EIF 1,BANCO_CENTRAL-R3,9.520000000000001,7,2025
Bonos EIF 1,FONDO_DE_SOLIDARIDAD_SOCIAL,10.26,7,2025
Bonos EIF 1,TOTAL_SISTEMA,10.185884151484188,7,2025
Certificados de Depósito EIF1,ATLÁNTICO,11.55,7,2025
Certificados de Depósito EIF1,CRECER,9.91,7,2025
Certificados de Depósito EIF1,JMMB_BDI,12.75,7,2025
Certificados de Depósito EIF1,POPULAR,11.93,7,2025
Certificados de Depósito EIF1,RESERVAS,11.34,7,2025
Certificados de Depósito EIF1,ROMANA,11.61,7,2025
Certificados de Depósito EIF1,SIEMBRA,11.379999999999999,7,2025
Certificados de Depósito EIF1,TOTAL_CCI,11.561416249520176,7,2025
Certificados de Depósito EIF1,RESERVAS-R3,10.85,7,2025
Certificados de Depósito EIF1,BANCO_CENTRAL-R3,12.690000000000001,7,2025
Certificados de Depósito EIF1,FONDO_DE_SOLIDARIDAD_SOCIAL,7.82,7,2025
Certificados de Depósito EIF1,TOTAL_SISTEMA,11.397359049399707,7,2025
Certificados Inversión Especial BCRD2,ATLÁNTICO,0,7,2025
Certificados Inversión Especial BCRD2,CRECER,0,7,2025
Certificados Inversión Especial BCRD2,JMMB_BDI,0,7,2025
Certificados Inversión Especial BCRD2,POPULAR,0,7,2025
Certificados Inversión Especial BCRD2,RESERVAS,0,7,2025
Certificados Inversión Especial BCRD2,ROMANA,0,7,2025
Certificados Inversión Especial BCRD2,SIEMBRA,0,7,2025
Certificados Inversión Especial BCRD2,TOTAL_CCI,0,7,2025
Certificados Inversión Especial BCRD2,RESERVAS-R3,0,7,2025
Certificados Inversión Especial BCRD2,BANCO_CENTRAL-R3,14.81,7,2025
Certificados Inversión Especial BCRD2,FONDO_DE_SOLIDARIDAD_SOCIAL,0,7,2025
Certificados Inversión Especial BCRD2,TOTAL_SISTEMA,14.81,7,2025
Letras BCRD2,ATLÁNTICO,0,7,2025
Letras BCRD2,CRECER,0,7,2025
Letras BCRD2,JMMB_BDI,0,7,2025
Letras BCRD2,POPULAR,0,7,2025
Letras BCRD2,RESERVAS,0,7,2025
Letras BCRD2,ROMANA,0,7,2025
Letras BCRD2,SIEMBRA,0,7,2025
Letras BCRD2,TOTAL_CCI,0,7,2025
Letras BCRD2,RESERVAS-R3,0,7,2025
Letras BCRD2,BANCO_CENTRAL-R3,0,7,2025
Letras BCRD2,FONDO_DE_SOLIDARIDAD_SOCIAL,0,7,2025
Letras BCRD2,TOTAL_SISTEMA,0,7,2025
Notas BCRD2,ATLÁNTICO,7.5200000000000005,7,2025
Notas BCRD2,CRECER,12.91,7,2025
Notas BCRD2,JMMB_BDI,9.51,7,2025
Notas BCRD2,POPULAR,10.89,7,2025
Notas BCRD2,RESERVAS,7.3999999999999995,7,2025
Notas BCRD2,ROMANA,8.17,7,2025
Notas BCRD2,SIEMBRA,11.12,7,2025
Notas BCRD2,TOTAL_CCI,10.91146672440612,7,2025
Notas BCRD2,RESERVAS-R3,11.12,7,2025
Notas BCRD2,BANCO_CENTRAL-R3,12.370000000000001,7,2025
Notas BCRD2,FONDO_DE_SOLIDARIDAD_SOCIAL,7.380000000000001,7,2025
Notas BCRD2,TOTAL_SISTEMA,10.972942965369132,7,2025
Bonos Ministerio de Hacienda,ATLÁNTICO,6.05,8,2025
Bonos Ministerio de Hacienda,CRECER,6.68,8,2025
Bonos Ministerio de Hacienda,JMMB_BDI,5.5,8,2025
Bonos Ministerio de Hacienda,POPULAR,6.72,8,2025
Bonos Ministerio de Hacienda,RESERVAS,6.99,8,2025
Bonos Ministerio de Hacienda,ROMANA,7.720000000000001,8,2025
Bonos Ministerio de Hacienda,SIEMBRA,7.049999999999999,8,2025
Bonos Ministerio de Hacienda,TOTAL_CCI,6.816601139987408,8,2025
Bonos Ministerio de Hacienda,RESERVAS-R3,6.4799999999999995,8,2025
Bonos Ministerio de Hacienda,BANCO_CENTRAL-R3,6.98,8,2025
Bonos Ministerio de Hacienda,FONDO_DE_SOLIDARIDAD_SOCIAL,6.45,8,2025
Bonos Ministerio de Hacienda,TOTAL_SISTEMA,6.787122887224256,8,2025
Bonos EIF 1,ATLÁNTICO,11.16,8,2025
Bonos EIF 1,CRECER,10.15,8,2025
Bonos EIF 1,JMMB_BDI,9.950000000000001,8,2025
Bonos EIF 1,POPULAR,10.18,8,2025
Bonos EIF 1,RESERVAS,10.15,8,2025
Bonos EIF 1,ROMANA,10,8,2025
Bonos EIF 1,SIEMBRA,10.17,8,2025
Bonos EIF 1,TOTAL_CCI,10.179448264271619,8,2025
Bonos EIF 1,RESERVAS-R3,10.37,8,2025
Bonos EIF 1,BANCO_CENTRAL-R3,9.53,8,2025
Bonos EIF 1,FONDO_DE_SOLIDARIDAD_SOCIAL,10.25,8,2025
Bonos EIF 1,TOTAL_SISTEMA,10.181678072866026,8,2025
Certificados de Depósito EIF1,ATLÁNTICO,10.68,8,2025
Certificados de Depósito EIF1,CRECER,8.89,8,2025
Certificados de Depósito EIF1,JMMB_BDI,9.610000000000001,8,2025
Certificados de Depósito EIF1,POPULAR,10.059999999999999,8,2025
Certificados de Depósito EIF1,RESERVAS,7.39,8,2025
Certificados de Depósito EIF1,ROMANA,11.43,8,2025
Certificados de Depósito EIF1,SIEMBRA,9.969999999999999,8,2025
Certificados de Depósito EIF1,TOTAL_CCI,9.870376641243872,8,2025
Certificados de Depósito EIF1,RESERVAS-R3,9.15,8,2025
Certificados de Depósito EIF1,BANCO_CENTRAL-R3,12.620000000000001,8,2025
Certificados de Depósito EIF1,FONDO_DE_SOLIDARIDAD_SOCIAL,9.9,8,2025
Certificados de Depósito EIF1,TOTAL_SISTEMA,9.924608656460622,8,2025
Certificados Inversión Especial BCRD2,ATLÁNTICO,0,8,2025
Certificados Inversión Especial BCRD2,CRECER,0,8,2025
Certificados Inversión Especial BCRD2,JMMB_BDI,0,8,2025
Certificados Inversión Especial BCRD2,POPULAR,0,8,2025
Certificados Inversión Especial BCRD2,RESERVAS,0,8,2025
Certificados Inversión Especial BCRD2,ROMANA,0,8,2025
Certificados Inversión Especial BCRD2,SIEMBRA,0,8,2025
Certificados Inversión Especial BCRD2,TOTAL_CCI,0,8,2025
Certificados Inversión Especial BCRD2,RESERVAS-R3,0,8,2025
Certificados Inversión Especial BCRD2,BANCO_CENTRAL-R3,14.729999999999999,8,2025
Certificados Inversión Especial BCRD2,FONDO_DE_SOLIDARIDAD_SOCIAL,0,8,2025
Certificados Inversión Especial BCRD2,TOTAL_SISTEMA,14.729999999999999,8,2025
Letras BCRD2,ATLÁNTICO,0,8,2025
Letras BCRD2,CRECER,0,8,2025
Letras BCRD2,JMMB_BDI,0,8,2025
Letras BCRD2,POPULAR,0,8,2025
Letras BCRD2,RESERVAS,0,8,2025
Letras BCRD2,ROMANA,0,8,2025
Letras BCRD2,SIEMBRA,0,8,2025
Letras BCRD2,TOTAL_CCI,0,8,2025
Letras BCRD2,RESERVAS-R3,0,8,2025
Letras BCRD2,BANCO_CENTRAL-R3,0,8,2025
Letras BCRD2,FONDO_DE_SOLIDARIDAD_SOCIAL,0,8,2025
Letras BCRD2,TOTAL_SISTEMA,0,8,2025
Notas BCRD2,ATLÁNTICO,7.46,8,2025
Notas BCRD2,CRECER,12.809999999999999,8,2025
Notas BCRD2,JMMB_BDI,9.47,8,2025
Notas BCRD2,POPULAR,11.379999999999999,8,2025
Notas BCRD2,RESERVAS,7.3999999999999995,8,2025
Notas BCRD2,ROMANA,8.200000000000001,8,2025
Notas BCRD2,SIEMBRA,11.65,8,2025
Notas BCRD2,TOTAL_CCI,11.210972904506354,8,2025
Notas BCRD2,RESERVAS-R3,11,8,2025
Notas BCRD2,BANCO_CENTRAL-R3,12.370000000000001,8,2025
Notas BCRD2,FONDO_DE_SOLIDARIDAD_SOCIAL,7.380000000000001,8,2025
Notas BCRD2,TOTAL_SISTEMA,11.28460728983136,8,2025
Bonos Ministerio de Hacienda,ATLÁNTICO,5.970000000000001,9,2025
Bonos Ministerio de Hacienda,CRECER,6.76,9,2025
Bonos Ministerio de Hacienda,JMMB_BDI,5.65,9,2025
Bonos Ministerio de Hacienda,POPULAR,6.74,9,2025
Bonos Ministerio de Hacienda,RESERVAS,6.859999999999999,9,2025
Bonos Ministerio de Hacienda,ROMANA,8.17,9,2025
Bonos Ministerio de Hacienda,SIEMBRA,7.109999999999999,9,2025
Bonos Ministerio de Hacienda,TOTAL_CCI,6.832160969329576,9,2025
Bonos Ministerio de Hacienda,RESERVAS-R3,6.5,9,2025
Bonos Ministerio de Hacienda,BANCO_CENTRAL-R3,6.950000000000001,9,2025
Bonos Ministerio de Hacienda,FONDO_DE_SOLIDARIDAD_SOCIAL,6.45,9,2025
Bonos Ministerio de Hacienda,TOTAL_SISTEMA,6.801631575360298,9,2025
Bonos EIF 1,ATLÁNTICO,11.15,9,2025
Bonos EIF 1,CRECER,10.16,9,2025
Bonos EIF 1,JMMB_BDI,9.98,9,2025
Bonos EIF 1,POPULAR,10.16,9,2025
Bonos EIF 1,RESERVAS,10.13,9,2025
Bonos EIF 1,ROMANA,10,9,2025
Bonos EIF 1,SIEMBRA,10.13,9,2025
Bonos EIF 1,TOTAL_CCI,10.160991173358196,9,2025
Bonos EIF 1,RESERVAS-R3,10.459999999999999,9,2025
Bonos EIF 1,BANCO_CENTRAL-R3,9.53,9,2025
Bonos EIF 1,FONDO_DE_SOLIDARIDAD_SOCIAL,10.26,9,2025
Bonos EIF 1,TOTAL_SISTEMA,10.165726197462776,9,2025
Certificados de Depósito EIF1,ATLÁNTICO,9.92,9,2025
Certificados de Depósito EIF1,CRECER,5.96,9,2025
Certificados de Depósito EIF1,JMMB_BDI,9.25,9,2025
Certificados de Depósito EIF1,POPULAR,8.75,9,2025
Certificados de Depósito EIF1,RESERVAS,6.72,9,2025
Certificados de Depósito EIF1,ROMANA,11.08,9,2025
Certificados de Depósito EIF1,SIEMBRA,8.38,9,2025
Certificados de Depósito EIF1,TOTAL_CCI,8.303265230252165,9,2025
Certificados de Depósito EIF1,RESERVAS-R3,8.7,9,2025
Certificados de Depósito EIF1,BANCO_CENTRAL-R3,12.45,9,2025
Certificados de Depósito EIF1,FONDO_DE_SOLIDARIDAD_SOCIAL,7.37,9,2025
Certificados de Depósito EIF1,TOTAL_SISTEMA,8.386656353367716,9,2025
Certificados Inversión Especial BCRD2,ATLÁNTICO,0,9,2025
Certificados Inversión Especial BCRD2,CRECER,0,9,2025
Certificados Inversión Especial BCRD2,JMMB_BDI,0,9,2025
Certificados Inversión Especial BCRD2,POPULAR,0,9,2025
Certificados Inversión Especial BCRD2,RESERVAS,0,9,2025
Certificados Inversión Especial BCRD2,ROMANA,0,9,2025
Certificados Inversión Especial BCRD2,SIEMBRA,0,9,2025
Certificados Inversión Especial BCRD2,TOTAL_CCI,0,9,2025
Certificados Inversión Especial BCRD2,RESERVAS-R3,0,9,2025
Certificados Inversión Especial BCRD2,BANCO_CENTRAL-R3,14.940000000000001,9,2025
Certificados Inversión Especial BCRD2,FONDO_DE_SOLIDARIDAD_SOCIAL,0,9,2025
Certificados Inversión Especial BCRD2,TOTAL_SISTEMA,14.940000000000001,9,2025
Letras BCRD2,ATLÁNTICO,0,9,2025
Letras BCRD2,CRECER,0,9,2025
Letras BCRD2,JMMB_BDI,0,9,2025
Letras BCRD2,POPULAR,0,9,2025
Letras BCRD2,RESERVAS,0,9,2025
Letras BCRD2,ROMANA,0,9,2025
Letras BCRD2,SIEMBRA,0,9,2025
Letras BCRD2,TOTAL_CCI,0,9,2025
Letras BCRD2,RESERVAS-R3,0,9,2025
Letras BCRD2,BANCO_CENTRAL-R3,0,9,2025
Letras BCRD2,FONDO_DE_SOLIDARIDAD_SOCIAL,0,9,2025
Letras BCRD2,TOTAL_SISTEMA,0,9,2025
Notas BCRD2,ATLÁNTICO,8.52,9,2025
Notas BCRD2,CRECER,0,9,2025
Notas BCRD2,JMMB_BDI,8.290000000000001,9,2025
Notas BCRD2,POPULAR,11.709999999999999,9,2025
Notas BCRD2,RESERVAS,7.359999999999999,9,2025
Notas BCRD2,ROMANA,7.03,9,2025
Notas BCRD2,SIEMBRA,10.83,9,2025
Notas BCRD2,TOTAL_CCI,10.77602610516187,9,2025
Notas BCRD2,RESERVAS-R3,11.469999999999999,9,2025
Notas BCRD2,BANCO_CENTRAL-R3,10.61,9,2025
Notas BCRD2,FONDO_DE_SOLIDARIDAD_SOCIAL,8.15,9,2025
Notas BCRD2,TOTAL_SISTEMA,10.759822216662274,9,2025
Bonos Ministerio de Hacienda,ATLÁNTICO,5.9799999999999995,10,2025
Bonos Ministerio de Hacienda,CRECER,6.74,10,2025
Bonos Ministerio de Hacienda,JMMB_BDI,5.66,10,2025
Bonos Ministerio de Hacienda,POPULAR,6.710000000000001,10,2025
Bonos Ministerio de Hacienda,RESERVAS,6.81,10,2025
Bonos Ministerio de Hacienda,ROMANA,8.37,10,2025
Bonos Ministerio de Hacienda,SIEMBRA,7.13,10,2025
Bonos Ministerio de Hacienda,TOTAL_CCI,6.815967602799257,10,2025
Bonos Ministerio de Hacienda,RESERVAS-R3,6.5600000000000005,10,2025
Bonos Ministerio de Hacienda,BANCO_CENTRAL-R3,6.94,10,2025
Bonos Ministerio de Hacienda,FONDO_DE_SOLIDARIDAD_SOCIAL,6.47,10,2025
Bonos Ministerio de Hacienda,TOTAL_SISTEMA,6.789404830396199,10,2025
Bonos EIF 1,ATLÁNTICO,11.129999999999999,10,2025
Bonos EIF 1,CRECER,10.16,10,2025
Bonos EIF 1,JMMB_BDI,9.969999999999999,10,2025
Bonos EIF 1,POPULAR,10.16,10,2025
Bonos EIF 1,RESERVAS,10.13,10,2025
Bonos EIF 1,ROMANA,10,10,2025
Bonos EIF 1,SIEMBRA,10.13,10,2025
Bonos EIF 1,TOTAL_CCI,10.160541049352746,10,2025
Bonos EIF 1,RESERVAS-R3,10.45,10,2025
Bonos EIF 1,BANCO_CENTRAL-R3,9.54,10,2025
Bonos EIF 1,FONDO_DE_SOLIDARIDAD_SOCIAL,10.26,10,2025
Bonos EIF 1,TOTAL_SISTEMA,10.165207774975672,10,2025
Certificados de Depósito EIF1,ATLÁNTICO,11.790000000000001,10,2025
Certificados de Depósito EIF1,CRECER,4.7,10,2025
Certificados de Depósito EIF1,JMMB_BDI,8.98,10,2025
Certificados de Depósito EIF1,POPULAR,6.419999999999999,10,2025
Certificados de Depósito EIF1,RESERVAS,4.83,10,2025
Certificados de Depósito EIF1,ROMANA,10.95,10,2025
Certificados de Depósito EIF1,SIEMBRA,6.800000000000001,10,2025
Certificados de Depósito EIF1,TOTAL_CCI,6.417339445900281,10,2025
Certificados de Depósito EIF1,RESERVAS-R3,7.6499999999999995,10,2025
Certificados de Depósito EIF1,BANCO_CENTRAL-R3,11.459999999999999,10,2025
Certificados de Depósito EIF1,FONDO_DE_SOLIDARIDAD_SOCIAL,6.2700000000000005,10,2025
Certificados de Depósito EIF1,TOTAL_SISTEMA,6.587921210282989,10,2025
Certificados Inversión Especial BCRD2,ATLÁNTICO,0,10,2025
Certificados Inversión Especial BCRD2,CRECER,0,10,2025
Certificados Inversión Especial BCRD2,JMMB_BDI,0,10,2025
Certificados Inversión Especial BCRD2,POPULAR,0,10,2025
Certificados Inversión Especial BCRD2,RESERVAS,0,10,2025
Certificados Inversión Especial BCRD2,ROMANA,0,10,2025
Certificados Inversión Especial BCRD2,SIEMBRA,0,10,2025
Certificados Inversión Especial BCRD2,TOTAL_CCI,0,10,2025
Certificados Inversión Especial BCRD2,RESERVAS-R3,0,10,2025
Certificados Inversión Especial BCRD2,BANCO_CENTRAL-R3,14.940000000000001,10,2025
Certificados Inversión Especial BCRD2,FONDO_DE_SOLIDARIDAD_SOCIAL,0,10,2025
Certificados Inversión Especial BCRD2,TOTAL_SISTEMA,14.940000000000001,10,2025
Letras BCRD2,ATLÁNTICO,0,10,2025
Letras BCRD2,CRECER,0,10,2025
Letras BCRD2,JMMB_BDI,0,10,2025
Letras BCRD2,POPULAR,0,10,2025
Letras BCRD2,RESERVAS,0,10,2025
Letras BCRD2,ROMANA,0,10,2025
Letras BCRD2,SIEMBRA,0,10,2025
Letras BCRD2,TOTAL_CCI,0,10,2025
Letras BCRD2,RESERVAS-R3,0,10,2025
Letras BCRD2,BANCO_CENTRAL-R3,0,10,2025
Letras BCRD2,FONDO_DE_SOLIDARIDAD_SOCIAL,0,10,2025
Letras BCRD2,TOTAL_SISTEMA,0,10,2025
Notas BCRD2,ATLÁNTICO,8.95,10,2025
Notas BCRD2,CRECER,0,10,2025
Notas BCRD2,JMMB_BDI,8.06,10,2025
Notas BCRD2,POPULAR,11.39,10,2025
Notas BCRD2,RESERVAS,7.86,10,2025
Notas BCRD2,ROMANA,6.859999999999999,10,2025
Notas BCRD2,SIEMBRA,10.35,10,2025
Notas BCRD2,TOTAL_CCI,10.457609578075896,10,2025
Notas BCRD2,RESERVAS-R3,12.09,10,2025
Notas BCRD2,BANCO_CENTRAL-R3,9.5,10,2025
Notas BCRD2,FONDO_DE_SOLIDARIDAD_SOCIAL,9.5,10,2025
Notas BCRD2,TOTAL_SISTEMA,10.388869897217978,10,2025
Bonos Ministerio de Hacienda,ATLÁNTICO,5.93,11,2025
Bonos Ministerio de Hacienda,CRECER,6.72,11,2025
Bonos Ministerio de Hacienda,JMMB_BDI,5.57,11,2025
Bonos Ministerio de Hacienda,POPULAR,6.69,11,2025
Bonos Ministerio de Hacienda,RESERVAS,6.77,11,2025
Bonos Ministerio de Hacienda,ROMANA,8.3,11,2025
Bonos Ministerio de Hacienda,SIEMBRA,7.140000000000001,11,2025
Bonos Ministerio de Hacienda,TOTAL_CCI,6.798625348996268,11,2025
Bonos Ministerio de Hacienda,RESERVAS-R3,6.58,11,2025
Bonos Ministerio de Hacienda,BANCO_CENTRAL-R3,6.64,11,2025
Bonos Ministerio de Hacienda,FONDO_DE_SOLIDARIDAD_SOCIAL,6.4799999999999995,11,2025
Bonos Ministerio de Hacienda,TOTAL_SISTEMA,6.770072406180307,11,2025
Bonos EIF 1,ATLÁNTICO,11.129999999999999,11,2025
Bonos EIF 1,CRECER,10.16,11,2025
Bonos EIF 1,JMMB_BDI,9.969999999999999,11,2025
Bonos EIF 1,POPULAR,10.16,11,2025
Bonos EIF 1,RESERVAS,10.13,11,2025
Bonos EIF 1,ROMANA,10,11,2025
Bonos EIF 1,SIEMBRA,10.13,11,2025
Bonos EIF 1,TOTAL_CCI,10.160568949137854,11,2025
Bonos EIF 1,RESERVAS-R3,10.459999999999999,11,2025
Bonos EIF 1,BANCO_CENTRAL-R3,9.520000000000001,11,2025
Bonos EIF 1,FONDO_DE_SOLIDARIDAD_SOCIAL,10.26,11,2025
Bonos EIF 1,TOTAL_SISTEMA,10.165262276799286,11,2025
Certificados de Depósito EIF1,ATLÁNTICO,8.57,11,2025
Certificados de Depósito EIF1,CRECER,3.7800000000000002,11,2025
Certificados de Depósito EIF1,JMMB_BDI,8.48,11,2025
Certificados de Depósito EIF1,POPULAR,6.81,11,2025
Certificados de Depósito EIF1,RESERVAS,3.95,11,2025
Certificados de Depósito EIF1,ROMANA,10.79,11,2025
Certificados de Depósito EIF1,SIEMBRA,6.79,11,2025
Certificados de Depósito EIF1,TOTAL_CCI,6.478043832201845,11,2025
Certificados de Depósito EIF1,RESERVAS-R3,3.8899999999999997,11,2025
Certificados de Depósito EIF1,BANCO_CENTRAL-R3,10.620000000000001,11,2025
Certificados de Depósito EIF1,FONDO_DE_SOLIDARIDAD_SOCIAL,5.489999999999999,11,2025
Certificados de Depósito EIF1,TOTAL_SISTEMA,6.559100662085809,11,2025
Certificados Inversión Especial BCRD2,ATLÁNTICO,0,11,2025
Certificados Inversión Especial BCRD2,CRECER,0,11,2025
Certificados Inversión Especial BCRD2,JMMB_BDI,0,11,2025
Certificados Inversión Especial BCRD2,POPULAR,0,11,2025
Certificados Inversión Especial BCRD2,RESERVAS,0,11,2025
Certificados Inversión Especial BCRD2,ROMANA,0,11,2025
Certificados Inversión Especial BCRD2,SIEMBRA,0,11,2025
Certificados Inversión Especial BCRD2,TOTAL_CCI,0,11,2025
Certificados Inversión Especial BCRD2,RESERVAS-R3,0,11,2025
Certificados Inversión Especial BCRD2,BANCO_CENTRAL-R3,14.940000000000001,11,2025
Certificados Inversión Especial BCRD2,FONDO_DE_SOLIDARIDAD_SOCIAL,0,11,2025
Certificados Inversión Especial BCRD2,TOTAL_SISTEMA,14.940000000000001,11,2025
Letras BCRD2,ATLÁNTICO,0,11,2025
Letras BCRD2,CRECER,0,11,2025
Letras BCRD2,JMMB_BDI,0,11,2025
Letras BCRD2,POPULAR,0,11,2025
Letras BCRD2,RESERVAS,0,11,2025
Letras BCRD2,ROMANA,0,11,2025
Letras BCRD2,SIEMBRA,0,11,2025
Letras BCRD2,TOTAL_CCI,0,11,2025
Letras BCRD2,RESERVAS-R3,0,11,2025
Letras BCRD2,BANCO_CENTRAL-R3,0,11,2025
Letras BCRD2,FONDO_DE_SOLIDARIDAD_SOCIAL,0,11,2025
Letras BCRD2,TOTAL_SISTEMA,0,11,2025
Notas BCRD2,ATLÁNTICO,9.04,11,2025
Notas BCRD2,CRECER,9.5,11,2025
Notas BCRD2,JMMB_BDI,8.4,11,2025
Notas BCRD2,POPULAR,11.49,11,2025
Notas BCRD2,RESERVAS,7.86,11,2025
Notas BCRD2,ROMANA,7.01,11,2025
Notas BCRD2,SIEMBRA,10.530000000000001,11,2025
Notas BCRD2,TOTAL_CCI,10.578721370795675,11,2025
Notas BCRD2,RESERVAS-R3,12.139999999999999,11,2025
Notas BCRD2,BANCO_CENTRAL-R3,9.5,11,2025
Notas BCRD2,FONDO_DE_SOLIDARIDAD_SOCIAL,9.5,11,2025
Notas BCRD2,TOTAL_SISTEMA,10.501231462649068,11,2025
Bonos Ministerio de Hacienda,ATLÁNTICO,5.8999999999999995,12,2025
Bonos Ministerio de Hacienda,CRECER,6.75,12,2025
Bonos Ministerio de Hacienda,JMMB_BDI,5.54,12,2025
Bonos Ministerio de Hacienda,POPULAR,6.69,12,2025
Bonos Ministerio de Hacienda,RESERVAS,6.59,12,2025
Bonos Ministerio de Hacienda,ROMANA,8.219999999999999,12,2025
Bonos Ministerio de Hacienda,SIEMBRA,7.140000000000001,12,2025
Bonos Ministerio de Hacienda,TOTAL_CCI,6.772683572678968,12,2025
Bonos Ministerio de Hacienda,RESERVAS-R3,6.5600000000000005,12,2025
Bonos Ministerio de Hacienda,BANCO_CENTRAL-R3,6.909999999999999,12,2025
Bonos Ministerio de Hacienda,FONDO_DE_SOLIDARIDAD_SOCIAL,6.460000000000001,12,2025
Bonos Ministerio de Hacienda,TOTAL_SISTEMA,6.74934188751436,12,2025
Bonos EIF 1,ATLÁNTICO,11.15,12,2025
Bonos EIF 1,CRECER,10.16,12,2025
Bonos EIF 1,JMMB_BDI,9.98,12,2025
Bonos EIF 1,POPULAR,10.16,12,2025
Bonos EIF 1,RESERVAS,10.13,12,2025
Bonos EIF 1,ROMANA,10,12,2025
Bonos EIF 1,SIEMBRA,10.13,12,2025
Bonos EIF 1,TOTAL_CCI,10.160801484119965,12,2025
Bonos EIF 1,RESERVAS-R3,10.459999999999999,12,2025
Bonos EIF 1,BANCO_CENTRAL-R3,9.53,12,2025
Bonos EIF 1,FONDO_DE_SOLIDARIDAD_SOCIAL,10.27,12,2025
Bonos EIF 1,TOTAL_SISTEMA,10.166042369227045,12,2025
Certificados de Depósito EIF1,ATLÁNTICO,9.43,12,2025
Certificados de Depósito EIF1,CRECER,4.55,12,2025
Certificados de Depósito EIF1,JMMB_BDI,9.66,12,2025
Certificados de Depósito EIF1,POPULAR,5.029999999999999,12,2025
Certificados de Depósito EIF1,RESERVAS,3.92,12,2025
Certificados de Depósito EIF1,ROMANA,10.23,12,2025
Certificados de Depósito EIF1,SIEMBRA,6.9,12,2025
Certificados de Depósito EIF1,TOTAL_CCI,6.039718152160574,12,2025
Certificados de Depósito EIF1,RESERVAS-R3,3.55,12,2025
Certificados de Depósito EIF1,BANCO_CENTRAL-R3,9.17,12,2025
Certificados de Depósito EIF1,FONDO_DE_SOLIDARIDAD_SOCIAL,4.22,12,2025
Certificados de Depósito EIF1,TOTAL_SISTEMA,6.090139956464845,12,2025
Certificados Inversión Especial BCRD2,ATLÁNTICO,0,12,2025
Certificados Inversión Especial BCRD2,CRECER,0,12,2025
Certificados Inversión Especial BCRD2,JMMB_BDI,0,12,2025
Certificados Inversión Especial BCRD2,POPULAR,0,12,2025
Certificados Inversión Especial BCRD2,RESERVAS,0,12,2025
Certificados Inversión Especial BCRD2,ROMANA,0,12,2025
Certificados Inversión Especial BCRD2,SIEMBRA,0,12,2025
Certificados Inversión Especial BCRD2,TOTAL_CCI,0,12,2025
Certificados Inversión Especial BCRD2,RESERVAS-R3,0,12,2025
Certificados Inversión Especial BCRD2,BANCO_CENTRAL-R3,14.940000000000001,12,2025
Certificados Inversión Especial BCRD2,FONDO_DE_SOLIDARIDAD_SOCIAL,0,12,2025
Certificados Inversión Especial BCRD2,TOTAL_SISTEMA,14.940000000000001,12,2025
Letras BCRD2,ATLÁNTICO,0,12,2025
Letras BCRD2,CRECER,0,12,2025
Letras BCRD2,JMMB_BDI,0,12,2025
Letras BCRD2,POPULAR,0,12,2025
Letras BCRD2,RESERVAS,0,12,2025
Letras BCRD2,ROMANA,0,12,2025
Letras BCRD2,SIEMBRA,0,12,2025
Letras BCRD2,TOTAL_CCI,0,12,2025
Letras BCRD2,RESERVAS-R3,0,12,2025
Letras BCRD2,BANCO_CENTRAL-R3,0,12,2025
Letras BCRD2,FONDO_DE_SOLIDARIDAD_SOCIAL,0,12,2025
Letras BCRD2,TOTAL_SISTEMA,0,12,2025
Notas BCRD2,ATLÁNTICO,9.15,12,2025
Notas BCRD2,CRECER,9.5,12,2025
Notas BCRD2,JMMB_BDI,8.86,12,2025
Notas BCRD2,POPULAR,11.18,12,2025
Notas BCRD2,RESERVAS,7.920000000000001,12,2025
Notas BCRD2,ROMANA,6.950000000000001,12,2025
Notas BCRD2,SIEMBRA,10.07,12,2025
Notas BCRD2,TOTAL_CCI,10.351316626361209,12,2025
Notas BCRD2,RESERVAS-R3,13.41,12,2025
Notas BCRD2,BANCO_CENTRAL-R3,9.78,12,2025
Notas BCRD2,FONDO_DE_SOLIDARIDAD_SOCIAL,0,12,2025
Notas BCRD2,TOTAL_SISTEMA,10.32706526277626,12,2025
