"","instrumento","fund","rate","year","month","file"
"1","Acciones de oferta pública 7","ATLÁNTICO",0.000901,2024,"Enero","tasas_2024_66.xlsx"
"2","Acciones de oferta pública 7","CRECER",0.00088,2024,"Enero","tasas_2024_66.xlsx"
"3","Acciones de oferta pública 7","JMMB_BDI",0.000901,2024,"Enero","tasas_2024_66.xlsx"
"4","Acciones de oferta pública 7","POPULAR",0,2024,"Enero","tasas_2024_66.xlsx"
"5","Acciones de oferta pública 7","RESERVAS",0.000901,2024,"Enero","tasas_2024_66.xlsx"
"6","Acciones de oferta pública 7","ROMANA",0,2024,"Enero","tasas_2024_66.xlsx"
"7","Acciones de oferta pública 7","SIEMBRA",0.000901,2024,"Enero","tasas_2024_66.xlsx"
"8","Acciones de oferta pública 7","TOTAL_CCI",0.000893915372717198,2024,"Enero","tasas_2024_66.xlsx"
"9","Acciones de oferta pública 7","RESERVAS-R3",0,2024,"Enero","tasas_2024_66.xlsx"
"10","Acciones de oferta pública 7","BANCO_CENTRAL-R3",0.000901,2024,"Enero","tasas_2024_66.xlsx"
"11","Acciones de oferta pública 7","FONDO_DE_SOLIDARIDAD_SOCIAL",0,2024,"Enero","tasas_2024_66.xlsx"
"12","Acciones de oferta pública 7","TOTAL_SISTEMA",0.000893915424138798,2024,"Enero","tasas_2024_66.xlsx"
"13","Bonos Ministerio de Hacienda","ATLÁNTICO",0.000549,2024,"Enero","tasas_2024_66.xlsx"
"14","Bonos Ministerio de Hacienda","CRECER",0.000769,2024,"Enero","tasas_2024_66.xlsx"
"15","Bonos Ministerio de Hacienda","JMMB_BDI",0.000722,2024,"Enero","tasas_2024_66.xlsx"
"16","Bonos Ministerio de Hacienda","POPULAR",0.000745,2024,"Enero","tasas_2024_66.xlsx"
"17","Bonos Ministerio de Hacienda","RESERVAS",0.000755,2024,"Enero","tasas_2024_66.xlsx"
"18","Bonos Ministerio de Hacienda","ROMANA",0.000707,2024,"Enero","tasas_2024_66.xlsx"
"19","Bonos Ministerio de Hacienda","SIEMBRA",0.000698,2024,"Enero","tasas_2024_66.xlsx"
"20","Bonos Ministerio de Hacienda","TOTAL_CCI",0.000738857860687772,2024,"Enero","tasas_2024_66.xlsx"
"21","Bonos Ministerio de Hacienda","RESERVAS-R3",0.000698,2024,"Enero","tasas_2024_66.xlsx"
"22","Bonos Ministerio de Hacienda","BANCO_CENTRAL-R3",0.000689,2024,"Enero","tasas_2024_66.xlsx"
"23","Bonos Ministerio de Hacienda","FONDO_DE_SOLIDARIDAD_SOCIAL",0.000763,2024,"Enero","tasas_2024_66.xlsx"
"24","Bonos Ministerio de Hacienda","TOTAL_SISTEMA",0.000738690058953448,2024,"Enero","tasas_2024_66.xlsx"
"25","Bonos EIF 1","ATLÁNTICO",0.001041,2024,"Enero","tasas_2024_66.xlsx"
"26","Bonos EIF 1","CRECER",0.001013,2024,"Enero","tasas_2024_66.xlsx"
"27","Bonos EIF 1","JMMB_BDI",0.00099,2024,"Enero","tasas_2024_66.xlsx"
"28","Bonos EIF 1","POPULAR",0.001034,2024,"Enero","tasas_2024_66.xlsx"
"29","Bonos EIF 1","RESERVAS",0.001016,2024,"Enero","tasas_2024_66.xlsx"
"30","Bonos EIF 1","ROMANA",0.001,2024,"Enero","tasas_2024_66.xlsx"
"31","Bonos EIF 1","SIEMBRA",0.001041,2024,"Enero","tasas_2024_66.xlsx"
"32","Bonos EIF 1","TOTAL_CCI",0.00102938471635039,2024,"Enero","tasas_2024_66.xlsx"
"33","Bonos EIF 1","RESERVAS-R3",0.001078,2024,"Enero","tasas_2024_66.xlsx"
"34","Bonos EIF 1","BANCO_CENTRAL-R3",0.000952,2024,"Enero","tasas_2024_66.xlsx"
"35","Bonos EIF 1","FONDO_DE_SOLIDARIDAD_SOCIAL",0.001028,2024,"Enero","tasas_2024_66.xlsx"
"36","Bonos EIF 1","TOTAL_SISTEMA",0.00102962503658392,2024,"Enero","tasas_2024_66.xlsx"
"37","Bonos Empresas","ATLÁNTICO",0.001007,2024,"Enero","tasas_2024_66.xlsx"
"38","Bonos Empresas","CRECER",0.000954,2024,"Enero","tasas_2024_66.xlsx"
"39","Bonos Empresas","JMMB_BDI",0.001072,2024,"Enero","tasas_2024_66.xlsx"
"40","Bonos Empresas","POPULAR",0.000887,2024,"Enero","tasas_2024_66.xlsx"
"41","Bonos Empresas","RESERVAS",0.000827,2024,"Enero","tasas_2024_66.xlsx"
"42","Bonos Empresas","ROMANA",0,2024,"Enero","tasas_2024_66.xlsx"
"43","Bonos Empresas","SIEMBRA",0.000587,2024,"Enero","tasas_2024_66.xlsx"
"44","Bonos Empresas","TOTAL_CCI",0.000858406247741847,2024,"Enero","tasas_2024_66.xlsx"
"45","Bonos Empresas","RESERVAS-R3",0.000745,2024,"Enero","tasas_2024_66.xlsx"
"46","Bonos Empresas","BANCO_CENTRAL-R3",0.000898,2024,"Enero","tasas_2024_66.xlsx"
"47","Bonos Empresas","FONDO_DE_SOLIDARIDAD_SOCIAL",0.000667,2024,"Enero","tasas_2024_66.xlsx"
"48","Bonos Empresas","TOTAL_SISTEMA",0.00084990048500416,2024,"Enero","tasas_2024_66.xlsx"
"49","Bonos de Hacienda para financiar desarrollo de  proyectos de infraestructura","ATLÁNTICO",0,2024,"Enero","tasas_2024_66.xlsx"
"50","Bonos de Hacienda para financiar desarrollo de  proyectos de infraestructura","CRECER",0.000857,2024,"Enero","tasas_2024_66.xlsx"
"51","Bonos de Hacienda para financiar desarrollo de  proyectos de infraestructura","JMMB_BDI",0,2024,"Enero","tasas_2024_66.xlsx"
"52","Bonos de Hacienda para financiar desarrollo de  proyectos de infraestructura","POPULAR",0.000873,2024,"Enero","tasas_2024_66.xlsx"
"53","Bonos de Hacienda para financiar desarrollo de  proyectos de infraestructura","RESERVAS",0.001029,2024,"Enero","tasas_2024_66.xlsx"
"54","Bonos de Hacienda para financiar desarrollo de  proyectos de infraestructura","ROMANA",0,2024,"Enero","tasas_2024_66.xlsx"
"55","Bonos de Hacienda para financiar desarrollo de  proyectos de infraestructura","SIEMBRA",0,2024,"Enero","tasas_2024_66.xlsx"
"56","Bonos de Hacienda para financiar desarrollo de  proyectos de infraestructura","TOTAL_CCI",0.000891235625981703,2024,"Enero","tasas_2024_66.xlsx"
"57","Bonos de Hacienda para financiar desarrollo de  proyectos de infraestructura","RESERVAS-R3",0,2024,"Enero","tasas_2024_66.xlsx"
"58","Bonos de Hacienda para financiar desarrollo de  proyectos de infraestructura","BANCO_CENTRAL-R3",0,2024,"Enero","tasas_2024_66.xlsx"
"59","Bonos de Hacienda para financiar desarrollo de  proyectos de infraestructura","FONDO_DE_SOLIDARIDAD_SOCIAL",0,2024,"Enero","tasas_2024_66.xlsx"
"60","Bonos de Hacienda para financiar desarrollo de  proyectos de infraestructura","TOTAL_SISTEMA",0.000891235625981703,2024,"Enero","tasas_2024_66.xlsx"
"61","Certificados de Depósito EIF1","ATLÁNTICO",0.001258,2024,"Enero","tasas_2024_66.xlsx"
"62","Certificados de Depósito EIF1","CRECER",0.00097,2024,"Enero","tasas_2024_66.xlsx"
"63","Certificados de Depósito EIF1","JMMB_BDI",0.001108,2024,"Enero","tasas_2024_66.xlsx"
"64","Certificados de Depósito EIF1","POPULAR",0.000987,2024,"Enero","tasas_2024_66.xlsx"
"65","Certificados de Depósito EIF1","RESERVAS",0.000628,2024,"Enero","tasas_2024_66.xlsx"
"66","Certificados de Depósito EIF1","ROMANA",0.00112,2024,"Enero","tasas_2024_66.xlsx"
"67","Certificados de Depósito EIF1","SIEMBRA",0.000796,2024,"Enero","tasas_2024_66.xlsx"
"68","Certificados de Depósito EIF1","TOTAL_CCI",0.000916344169317662,2024,"Enero","tasas_2024_66.xlsx"
"69","Certificados de Depósito EIF1","RESERVAS-R3",0.000864,2024,"Enero","tasas_2024_66.xlsx"
"70","Certificados de Depósito EIF1","BANCO_CENTRAL-R3",0.000934,2024,"Enero","tasas_2024_66.xlsx"
"71","Certificados de Depósito EIF1","FONDO_DE_SOLIDARIDAD_SOCIAL",0.000699,2024,"Enero","tasas_2024_66.xlsx"
"72","Certificados de Depósito EIF1","TOTAL_SISTEMA",0.000895523380433405,2024,"Enero","tasas_2024_66.xlsx"
"73","Certificados Inversión Especial BCRD2","ATLÁNTICO",0.000758,2024,"Enero","tasas_2024_66.xlsx"
"74","Certificados Inversión Especial BCRD2","CRECER",0,2024,"Enero","tasas_2024_66.xlsx"
"75","Certificados Inversión Especial BCRD2","JMMB_BDI",0.000595,2024,"Enero","tasas_2024_66.xlsx"
"76","Certificados Inversión Especial BCRD2","POPULAR",0.00105,2024,"Enero","tasas_2024_66.xlsx"
"77","Certificados Inversión Especial BCRD2","RESERVAS",0,2024,"Enero","tasas_2024_66.xlsx"
"78","Certificados Inversión Especial BCRD2","ROMANA",0.000756,2024,"Enero","tasas_2024_66.xlsx"
"79","Certificados Inversión Especial BCRD2","SIEMBRA",0,2024,"Enero","tasas_2024_66.xlsx"
"80","Certificados Inversión Especial BCRD2","TOTAL_CCI",0.000814858395204596,2024,"Enero","tasas_2024_66.xlsx"
"81","Certificados Inversión Especial BCRD2","RESERVAS-R3",0,2024,"Enero","tasas_2024_66.xlsx"
"82","Certificados Inversión Especial BCRD2","BANCO_CENTRAL-R3",0.001349,2024,"Enero","tasas_2024_66.xlsx"
"83","Certificados Inversión Especial BCRD2","FONDO_DE_SOLIDARIDAD_SOCIAL",0.000758,2024,"Enero","tasas_2024_66.xlsx"
"84","Certificados Inversión Especial BCRD2","TOTAL_SISTEMA",0.00123245483941983,2024,"Enero","tasas_2024_66.xlsx"
"85","Cuotas de Participación de Fondos de Inversión4","ATLÁNTICO",0.001581,2024,"Enero","tasas_2024_66.xlsx"
"86","Cuotas de Participación de Fondos de Inversión4","CRECER",0.000715,2024,"Enero","tasas_2024_66.xlsx"
"87","Cuotas de Participación de Fondos de Inversión4","JMMB_BDI",0.000768,2024,"Enero","tasas_2024_66.xlsx"
"88","Cuotas de Participación de Fondos de Inversión4","POPULAR",0.001642,2024,"Enero","tasas_2024_66.xlsx"
"89","Cuotas de Participación de Fondos de Inversión4","RESERVAS",0.000955,2024,"Enero","tasas_2024_66.xlsx"
"90","Cuotas de Participación de Fondos de Inversión4","ROMANA",0,2024,"Enero","tasas_2024_66.xlsx"
"91","Cuotas de Participación de Fondos de Inversión4","SIEMBRA",0.000944,2024,"Enero","tasas_2024_66.xlsx"
"92","Cuotas de Participación de Fondos de Inversión4","TOTAL_CCI",0.00125495542833208,2024,"Enero","tasas_2024_66.xlsx"
"93","Cuotas de Participación de Fondos de Inversión4","RESERVAS-R3",0.000829,2024,"Enero","tasas_2024_66.xlsx"
"94","Cuotas de Participación de Fondos de Inversión4","BANCO_CENTRAL-R3",0,2024,"Enero","tasas_2024_66.xlsx"
"95","Cuotas de Participación de Fondos de Inversión4","FONDO_DE_SOLIDARIDAD_SOCIAL",0.000826,2024,"Enero","tasas_2024_66.xlsx"
"96","Cuotas de Participación de Fondos de Inversión4","TOTAL_SISTEMA",0.00119139977513079,2024,"Enero","tasas_2024_66.xlsx"
"97","Cuotas de Participación de Fondos de Mutuos 6","ATLÁNTICO",0,2024,"Enero","tasas_2024_66.xlsx"
"98","Cuotas de Participación de Fondos de Mutuos 6","CRECER",0,2024,"Enero","tasas_2024_66.xlsx"
"99","Cuotas de Participación de Fondos de Mutuos 6","JMMB_BDI",-0.000209,2024,"Enero","tasas_2024_66.xlsx"
"100","Cuotas de Participación de Fondos de Mutuos 6","POPULAR",0,2024,"Enero","tasas_2024_66.xlsx"
"101","Cuotas de Participación de Fondos de Mutuos 6","RESERVAS",0,2024,"Enero","tasas_2024_66.xlsx"
"102","Cuotas de Participación de Fondos de Mutuos 6","ROMANA",0,2024,"Enero","tasas_2024_66.xlsx"
"103","Cuotas de Participación de Fondos de Mutuos 6","SIEMBRA",0,2024,"Enero","tasas_2024_66.xlsx"
"104","Cuotas de Participación de Fondos de Mutuos 6","TOTAL_CCI",-0.000209,2024,"Enero","tasas_2024_66.xlsx"
"105","Cuotas de Participación de Fondos de Mutuos 6","RESERVAS-R3",0,2024,"Enero","tasas_2024_66.xlsx"
"106","Cuotas de Participación de Fondos de Mutuos 6","BANCO_CENTRAL-R3",0,2024,"Enero","tasas_2024_66.xlsx"
"107","Cuotas de Participación de Fondos de Mutuos 6","FONDO_DE_SOLIDARIDAD_SOCIAL",0,2024,"Enero","tasas_2024_66.xlsx"
"108","Cuotas de Participación de Fondos de Mutuos 6","TOTAL_SISTEMA",-0.000209,2024,"Enero","tasas_2024_66.xlsx"
"109","Letras BCRD2","ATLÁNTICO",0,2024,"Enero","tasas_2024_66.xlsx"
"110","Letras BCRD2","CRECER",0,2024,"Enero","tasas_2024_66.xlsx"
"111","Letras BCRD2","JMMB_BDI",0,2024,"Enero","tasas_2024_66.xlsx"
"112","Letras BCRD2","POPULAR",0.001261,2024,"Enero","tasas_2024_66.xlsx"
"113","Letras BCRD2","RESERVAS",0,2024,"Enero","tasas_2024_66.xlsx"
"114","Letras BCRD2","ROMANA",0,2024,"Enero","tasas_2024_66.xlsx"
"115","Letras BCRD2","SIEMBRA",0,2024,"Enero","tasas_2024_66.xlsx"
"116","Letras BCRD2","TOTAL_CCI",0.001261,2024,"Enero","tasas_2024_66.xlsx"
"117","Letras BCRD2","RESERVAS-R3",0,2024,"Enero","tasas_2024_66.xlsx"
"118","Letras BCRD2","BANCO_CENTRAL-R3",0,2024,"Enero","tasas_2024_66.xlsx"
"119","Letras BCRD2","FONDO_DE_SOLIDARIDAD_SOCIAL",0,2024,"Enero","tasas_2024_66.xlsx"
"120","Letras BCRD2","TOTAL_SISTEMA",0.001261,2024,"Enero","tasas_2024_66.xlsx"
"121","Notas BCRD2","ATLÁNTICO",0.000706,2024,"Enero","tasas_2024_66.xlsx"
"122","Notas BCRD2","CRECER",0.000885,2024,"Enero","tasas_2024_66.xlsx"
"123","Notas BCRD2","JMMB_BDI",0.001097,2024,"Enero","tasas_2024_66.xlsx"
"124","Notas BCRD2","POPULAR",0.00101,2024,"Enero","tasas_2024_66.xlsx"
"125","Notas BCRD2","RESERVAS",0.000955,2024,"Enero","tasas_2024_66.xlsx"
"126","Notas BCRD2","ROMANA",0.000954,2024,"Enero","tasas_2024_66.xlsx"
"127","Notas BCRD2","SIEMBRA",0.001056,2024,"Enero","tasas_2024_66.xlsx"
"128","Notas BCRD2","TOTAL_CCI",0.000990809452612963,2024,"Enero","tasas_2024_66.xlsx"
"129","Notas BCRD2","RESERVAS-R3",0.001032,2024,"Enero","tasas_2024_66.xlsx"
"130","Notas BCRD2","BANCO_CENTRAL-R3",0.001177,2024,"Enero","tasas_2024_66.xlsx"
"131","Notas BCRD2","FONDO_DE_SOLIDARIDAD_SOCIAL",0.000943,2024,"Enero","tasas_2024_66.xlsx"
"132","Notas BCRD2","TOTAL_SISTEMA",0.000996699418509804,2024,"Enero","tasas_2024_66.xlsx"
"133","Valores representativos de capital emitidos por Fideicomisos de oferta pública5","ATLÁNTICO",0.001409,2024,"Enero","tasas_2024_66.xlsx"
"134","Valores representativos de capital emitidos por Fideicomisos de oferta pública5","CRECER",0.001409,2024,"Enero","tasas_2024_66.xlsx"
"135","Valores representativos de capital emitidos por Fideicomisos de oferta pública5","JMMB_BDI",0.001409,2024,"Enero","tasas_2024_66.xlsx"
"136","Valores representativos de capital emitidos por Fideicomisos de oferta pública5","POPULAR",0.001409,2024,"Enero","tasas_2024_66.xlsx"
"137","Valores representativos de capital emitidos por Fideicomisos de oferta pública5","RESERVAS",0.001409,2024,"Enero","tasas_2024_66.xlsx"
"138","Valores representativos de capital emitidos por Fideicomisos de oferta pública5","ROMANA",0,2024,"Enero","tasas_2024_66.xlsx"
"139","Valores representativos de capital emitidos por Fideicomisos de oferta pública5","SIEMBRA",0.001409,2024,"Enero","tasas_2024_66.xlsx"
"140","Valores representativos de capital emitidos por Fideicomisos de oferta pública5","TOTAL_CCI",0.001409,2024,"Enero","tasas_2024_66.xlsx"
"141","Valores representativos de capital emitidos por Fideicomisos de oferta pública5","RESERVAS-R3",0,2024,"Enero","tasas_2024_66.xlsx"
"142","Valores representativos de capital emitidos por Fideicomisos de oferta pública5","BANCO_CENTRAL-R3",0,2024,"Enero","tasas_2024_66.xlsx"
"143","Valores representativos de capital emitidos por Fideicomisos de oferta pública5","FONDO_DE_SOLIDARIDAD_SOCIAL",0,2024,"Enero","tasas_2024_66.xlsx"
"144","Valores representativos de capital emitidos por Fideicomisos de oferta pública5","TOTAL_SISTEMA",0.001409,2024,"Enero","tasas_2024_66.xlsx"
"145","Valores representativos de deuda emitidos por Fideicomisos de oferta pública","ATLÁNTICO",0.0012,2024,"Enero","tasas_2024_66.xlsx"
"146","Valores representativos de deuda emitidos por Fideicomisos de oferta pública","CRECER",0.000957,2024,"Enero","tasas_2024_66.xlsx"
"147","Valores representativos de deuda emitidos por Fideicomisos de oferta pública","JMMB_BDI",0.000925,2024,"Enero","tasas_2024_66.xlsx"
"148","Valores representativos de deuda emitidos por Fideicomisos de oferta pública","POPULAR",0.00083,2024,"Enero","tasas_2024_66.xlsx"
"149","Valores representativos de deuda emitidos por Fideicomisos de oferta pública","RESERVAS",0.001118,2024,"Enero","tasas_2024_66.xlsx"
"150","Valores representativos de deuda emitidos por Fideicomisos de oferta pública","ROMANA",0,2024,"Enero","tasas_2024_66.xlsx"
"151","Valores representativos de deuda emitidos por Fideicomisos de oferta pública","SIEMBRA",0.00114,2024,"Enero","tasas_2024_66.xlsx"
"152","Valores representativos de deuda emitidos por Fideicomisos de oferta pública","TOTAL_CCI",0.000983192564668495,2024,"Enero","tasas_2024_66.xlsx"
"153","Valores representativos de deuda emitidos por Fideicomisos de oferta pública","RESERVAS-R3",0.000505,2024,"Enero","tasas_2024_66.xlsx"
"154","Valores representativos de deuda emitidos por Fideicomisos de oferta pública","BANCO_CENTRAL-R3",0,2024,"Enero","tasas_2024_66.xlsx"
"155","Valores representativos de deuda emitidos por Fideicomisos de oferta pública","FONDO_DE_SOLIDARIDAD_SOCIAL",0.000505,2024,"Enero","tasas_2024_66.xlsx"
"156","Valores representativos de deuda emitidos por Fideicomisos de oferta pública","TOTAL_SISTEMA",0.000979862978496784,2024,"Enero","tasas_2024_66.xlsx"
"157","Acciones de oferta pública 7","ATLÁNTICO",0.000444,2024,"Febrero","tasas_2024_66.xlsx"
"158","Acciones de oferta pública 7","CRECER",0.000424,2024,"Febrero","tasas_2024_66.xlsx"
"159","Acciones de oferta pública 7","JMMB_BDI",0.000444,2024,"Febrero","tasas_2024_66.xlsx"
"160","Acciones de oferta pública 7","POPULAR",0,2024,"Febrero","tasas_2024_66.xlsx"
"161","Acciones de oferta pública 7","RESERVAS",0.000444,2024,"Febrero","tasas_2024_66.xlsx"
"162","Acciones de oferta pública 7","ROMANA",0,2024,"Febrero","tasas_2024_66.xlsx"
"163","Acciones de oferta pública 7","SIEMBRA",0.000444,2024,"Febrero","tasas_2024_66.xlsx"
"164","Acciones de oferta pública 7","TOTAL_CCI",0.000437252735921063,2024,"Febrero","tasas_2024_66.xlsx"
"165","Acciones de oferta pública 7","RESERVAS-R3",0,2024,"Febrero","tasas_2024_66.xlsx"
"166","Acciones de oferta pública 7","BANCO_CENTRAL-R3",0.000444,2024,"Febrero","tasas_2024_66.xlsx"
"167","Acciones de oferta pública 7","FONDO_DE_SOLIDARIDAD_SOCIAL",0,2024,"Febrero","tasas_2024_66.xlsx"
"168","Acciones de oferta pública 7","TOTAL_SISTEMA",0.000437252784894005,2024,"Febrero","tasas_2024_66.xlsx"
"169","Bonos Ministerio de Hacienda","ATLÁNTICO",0.00054,2024,"Febrero","tasas_2024_66.xlsx"
"170","Bonos Ministerio de Hacienda","CRECER",0.000766,2024,"Febrero","tasas_2024_66.xlsx"
"171","Bonos Ministerio de Hacienda","JMMB_BDI",0.000679,2024,"Febrero","tasas_2024_66.xlsx"
"172","Bonos Ministerio de Hacienda","POPULAR",0.000744,2024,"Febrero","tasas_2024_66.xlsx"
"173","Bonos Ministerio de Hacienda","RESERVAS",0.000753,2024,"Febrero","tasas_2024_66.xlsx"
"174","Bonos Ministerio de Hacienda","ROMANA",0.000707,2024,"Febrero","tasas_2024_66.xlsx"
"175","Bonos Ministerio de Hacienda","SIEMBRA",0.000711,2024,"Febrero","tasas_2024_66.xlsx"
"176","Bonos Ministerio de Hacienda","TOTAL_CCI",0.000739725432763249,2024,"Febrero","tasas_2024_66.xlsx"
"177","Bonos Ministerio de Hacienda","RESERVAS-R3",0.000697,2024,"Febrero","tasas_2024_66.xlsx"
"178","Bonos Ministerio de Hacienda","BANCO_CENTRAL-R3",0.00069,2024,"Febrero","tasas_2024_66.xlsx"
"179","Bonos Ministerio de Hacienda","FONDO_DE_SOLIDARIDAD_SOCIAL",0.000762,2024,"Febrero","tasas_2024_66.xlsx"
"180","Bonos Ministerio de Hacienda","TOTAL_SISTEMA",0.000739384070512398,2024,"Febrero","tasas_2024_66.xlsx"
"181","Bonos EIF 1","ATLÁNTICO",0.001041,2024,"Febrero","tasas_2024_66.xlsx"
"182","Bonos EIF 1","CRECER",0.001013,2024,"Febrero","tasas_2024_66.xlsx"
"183","Bonos EIF 1","JMMB_BDI",0.000991,2024,"Febrero","tasas_2024_66.xlsx"
"184","Bonos EIF 1","POPULAR",0.001034,2024,"Febrero","tasas_2024_66.xlsx"
"185","Bonos EIF 1","RESERVAS",0.001016,2024,"Febrero","tasas_2024_66.xlsx"
"186","Bonos EIF 1","ROMANA",0.001,2024,"Febrero","tasas_2024_66.xlsx"
"187","Bonos EIF 1","SIEMBRA",0.001041,2024,"Febrero","tasas_2024_66.xlsx"
"188","Bonos EIF 1","TOTAL_CCI",0.00102942568466458,2024,"Febrero","tasas_2024_66.xlsx"
"189","Bonos EIF 1","RESERVAS-R3",0.001078,2024,"Febrero","tasas_2024_66.xlsx"
"190","Bonos EIF 1","BANCO_CENTRAL-R3",0.000953,2024,"Febrero","tasas_2024_66.xlsx"
"191","Bonos EIF 1","FONDO_DE_SOLIDARIDAD_SOCIAL",0.001028,2024,"Febrero","tasas_2024_66.xlsx"
"192","Bonos EIF 1","TOTAL_SISTEMA",0.00102967195393345,2024,"Febrero","tasas_2024_66.xlsx"
"193","Bonos Empresas","ATLÁNTICO",0.001005,2024,"Febrero","tasas_2024_66.xlsx"
"194","Bonos Empresas","CRECER",0.000954,2024,"Febrero","tasas_2024_66.xlsx"
"195","Bonos Empresas","JMMB_BDI",0.001071,2024,"Febrero","tasas_2024_66.xlsx"
"196","Bonos Empresas","POPULAR",0.000885,2024,"Febrero","tasas_2024_66.xlsx"
"197","Bonos Empresas","RESERVAS",0.000826,2024,"Febrero","tasas_2024_66.xlsx"
"198","Bonos Empresas","ROMANA",0,2024,"Febrero","tasas_2024_66.xlsx"
"199","Bonos Empresas","SIEMBRA",0.000587,2024,"Febrero","tasas_2024_66.xlsx"
"200","Bonos Empresas","TOTAL_CCI",0.000856963032730745,2024,"Febrero","tasas_2024_66.xlsx"
"201","Bonos Empresas","RESERVAS-R3",0.000746,2024,"Febrero","tasas_2024_66.xlsx"
"202","Bonos Empresas","BANCO_CENTRAL-R3",0.000894,2024,"Febrero","tasas_2024_66.xlsx"
"203","Bonos Empresas","FONDO_DE_SOLIDARIDAD_SOCIAL",0.000667,2024,"Febrero","tasas_2024_66.xlsx"
"204","Bonos Empresas","TOTAL_SISTEMA",0.000848467245145366,2024,"Febrero","tasas_2024_66.xlsx"
"205","Bonos de Hacienda para financiar desarrollo de  proyectos de infraestructura","ATLÁNTICO",0,2024,"Febrero","tasas_2024_66.xlsx"
"206","Bonos de Hacienda para financiar desarrollo de  proyectos de infraestructura","CRECER",0.000857,2024,"Febrero","tasas_2024_66.xlsx"
"207","Bonos de Hacienda para financiar desarrollo de  proyectos de infraestructura","JMMB_BDI",0,2024,"Febrero","tasas_2024_66.xlsx"
"208","Bonos de Hacienda para financiar desarrollo de  proyectos de infraestructura","POPULAR",0.000873,2024,"Febrero","tasas_2024_66.xlsx"
"209","Bonos de Hacienda para financiar desarrollo de  proyectos de infraestructura","RESERVAS",0.001028,2024,"Febrero","tasas_2024_66.xlsx"
"210","Bonos de Hacienda para financiar desarrollo de  proyectos de infraestructura","ROMANA",0,2024,"Febrero","tasas_2024_66.xlsx"
"211","Bonos de Hacienda para financiar desarrollo de  proyectos de infraestructura","SIEMBRA",0,2024,"Febrero","tasas_2024_66.xlsx"
"212","Bonos de Hacienda para financiar desarrollo de  proyectos de infraestructura","TOTAL_CCI",0.000890898407274645,2024,"Febrero","tasas_2024_66.xlsx"
"213","Bonos de Hacienda para financiar desarrollo de  proyectos de infraestructura","RESERVAS-R3",0,2024,"Febrero","tasas_2024_66.xlsx"
"214","Bonos de Hacienda para financiar desarrollo de  proyectos de infraestructura","BANCO_CENTRAL-R3",0,2024,"Febrero","tasas_2024_66.xlsx"
"215","Bonos de Hacienda para financiar desarrollo de  proyectos de infraestructura","FONDO_DE_SOLIDARIDAD_SOCIAL",0,2024,"Febrero","tasas_2024_66.xlsx"
"216","Bonos de Hacienda para financiar desarrollo de  proyectos de infraestructura","TOTAL_SISTEMA",0.000890898407274645,2024,"Febrero","tasas_2024_66.xlsx"
"217","Certificados de Depósito EIF1","ATLÁNTICO",0.000923,2024,"Febrero","tasas_2024_66.xlsx"
"218","Certificados de Depósito EIF1","CRECER",0.000829,2024,"Febrero","tasas_2024_66.xlsx"
"219","Certificados de Depósito EIF1","JMMB_BDI",0.001137,2024,"Febrero","tasas_2024_66.xlsx"
"220","Certificados de Depósito EIF1","POPULAR",0.001001,2024,"Febrero","tasas_2024_66.xlsx"
"221","Certificados de Depósito EIF1","RESERVAS",0.000647,2024,"Febrero","tasas_2024_66.xlsx"
"222","Certificados de Depósito EIF1","ROMANA",0.001118,2024,"Febrero","tasas_2024_66.xlsx"
"223","Certificados de Depósito EIF1","SIEMBRA",0.000844,2024,"Febrero","tasas_2024_66.xlsx"
"224","Certificados de Depósito EIF1","TOTAL_CCI",0.000917137497586869,2024,"Febrero","tasas_2024_66.xlsx"
"225","Certificados de Depósito EIF1","RESERVAS-R3",0.000836,2024,"Febrero","tasas_2024_66.xlsx"
"226","Certificados de Depósito EIF1","BANCO_CENTRAL-R3",0.000992,2024,"Febrero","tasas_2024_66.xlsx"
"227","Certificados de Depósito EIF1","FONDO_DE_SOLIDARIDAD_SOCIAL",0.000725,2024,"Febrero","tasas_2024_66.xlsx"
"228","Certificados de Depósito EIF1","TOTAL_SISTEMA",0.000896264754500496,2024,"Febrero","tasas_2024_66.xlsx"
"229","Certificados Inversión Especial BCRD2","ATLÁNTICO",0.000758,2024,"Febrero","tasas_2024_66.xlsx"
"230","Certificados Inversión Especial BCRD2","CRECER",0,2024,"Febrero","tasas_2024_66.xlsx"
"231","Certificados Inversión Especial BCRD2","JMMB_BDI",0.000558,2024,"Febrero","tasas_2024_66.xlsx"
"232","Certificados Inversión Especial BCRD2","POPULAR",0.00105,2024,"Febrero","tasas_2024_66.xlsx"
"233","Certificados Inversión Especial BCRD2","RESERVAS",0,2024,"Febrero","tasas_2024_66.xlsx"
"234","Certificados Inversión Especial BCRD2","ROMANA",0.000756,2024,"Febrero","tasas_2024_66.xlsx"
"235","Certificados Inversión Especial BCRD2","SIEMBRA",0,2024,"Febrero","tasas_2024_66.xlsx"
"236","Certificados Inversión Especial BCRD2","TOTAL_CCI",0.000818611901462787,2024,"Febrero","tasas_2024_66.xlsx"
"237","Certificados Inversión Especial BCRD2","RESERVAS-R3",0,2024,"Febrero","tasas_2024_66.xlsx"
"238","Certificados Inversión Especial BCRD2","BANCO_CENTRAL-R3",0.001387,2024,"Febrero","tasas_2024_66.xlsx"
"239","Certificados Inversión Especial BCRD2","FONDO_DE_SOLIDARIDAD_SOCIAL",0.000758,2024,"Febrero","tasas_2024_66.xlsx"
"240","Certificados Inversión Especial BCRD2","TOTAL_SISTEMA",0.00125221201642838,2024,"Febrero","tasas_2024_66.xlsx"
"241","Cuotas de Participación de Fondos de Inversión4","ATLÁNTICO",0.001312,2024,"Febrero","tasas_2024_66.xlsx"
"242","Cuotas de Participación de Fondos de Inversión4","CRECER",0.000786,2024,"Febrero","tasas_2024_66.xlsx"
"243","Cuotas de Participación de Fondos de Inversión4","JMMB_BDI",0.000698,2024,"Febrero","tasas_2024_66.xlsx"
"244","Cuotas de Participación de Fondos de Inversión4","POPULAR",0.00174,2024,"Febrero","tasas_2024_66.xlsx"
"245","Cuotas de Participación de Fondos de Inversión4","RESERVAS",0.000984,2024,"Febrero","tasas_2024_66.xlsx"
"246","Cuotas de Participación de Fondos de Inversión4","ROMANA",0,2024,"Febrero","tasas_2024_66.xlsx"
"247","Cuotas de Participación de Fondos de Inversión4","SIEMBRA",0.000873,2024,"Febrero","tasas_2024_66.xlsx"
"248","Cuotas de Participación de Fondos de Inversión4","TOTAL_CCI",0.00129270224036744,2024,"Febrero","tasas_2024_66.xlsx"
"249","Cuotas de Participación de Fondos de Inversión4","RESERVAS-R3",0.000831,2024,"Febrero","tasas_2024_66.xlsx"
"250","Cuotas de Participación de Fondos de Inversión4","BANCO_CENTRAL-R3",0,2024,"Febrero","tasas_2024_66.xlsx"
"251","Cuotas de Participación de Fondos de Inversión4","FONDO_DE_SOLIDARIDAD_SOCIAL",0.000848,2024,"Febrero","tasas_2024_66.xlsx"
"252","Cuotas de Participación de Fondos de Inversión4","TOTAL_SISTEMA",0.00122816429354894,2024,"Febrero","tasas_2024_66.xlsx"
"253","Cuotas de Participación de Fondos de Mutuos 6","ATLÁNTICO",0,2024,"Febrero","tasas_2024_66.xlsx"
"254","Cuotas de Participación de Fondos de Mutuos 6","CRECER",0,2024,"Febrero","tasas_2024_66.xlsx"
"255","Cuotas de Participación de Fondos de Mutuos 6","JMMB_BDI",-0.000249,2024,"Febrero","tasas_2024_66.xlsx"
"256","Cuotas de Participación de Fondos de Mutuos 6","POPULAR",0,2024,"Febrero","tasas_2024_66.xlsx"
"257","Cuotas de Participación de Fondos de Mutuos 6","RESERVAS",0,2024,"Febrero","tasas_2024_66.xlsx"
"258","Cuotas de Participación de Fondos de Mutuos 6","ROMANA",0,2024,"Febrero","tasas_2024_66.xlsx"
"259","Cuotas de Participación de Fondos de Mutuos 6","SIEMBRA",0,2024,"Febrero","tasas_2024_66.xlsx"
"260","Cuotas de Participación de Fondos de Mutuos 6","TOTAL_CCI",-0.000249,2024,"Febrero","tasas_2024_66.xlsx"
"261","Cuotas de Participación de Fondos de Mutuos 6","RESERVAS-R3",0,2024,"Febrero","tasas_2024_66.xlsx"
"262","Cuotas de Participación de Fondos de Mutuos 6","BANCO_CENTRAL-R3",0,2024,"Febrero","tasas_2024_66.xlsx"
"263","Cuotas de Participación de Fondos de Mutuos 6","FONDO_DE_SOLIDARIDAD_SOCIAL",0,2024,"Febrero","tasas_2024_66.xlsx"
"264","Cuotas de Participación de Fondos de Mutuos 6","TOTAL_SISTEMA",-0.000249,2024,"Febrero","tasas_2024_66.xlsx"
"265","Letras BCRD2","ATLÁNTICO",0,2024,"Febrero","tasas_2024_66.xlsx"
"266","Letras BCRD2","CRECER",0,2024,"Febrero","tasas_2024_66.xlsx"
"267","Letras BCRD2","JMMB_BDI",0,2024,"Febrero","tasas_2024_66.xlsx"
"268","Letras BCRD2","POPULAR",0.001261,2024,"Febrero","tasas_2024_66.xlsx"
"269","Letras BCRD2","RESERVAS",0,2024,"Febrero","tasas_2024_66.xlsx"
"270","Letras BCRD2","ROMANA",0,2024,"Febrero","tasas_2024_66.xlsx"
"271","Letras BCRD2","SIEMBRA",0,2024,"Febrero","tasas_2024_66.xlsx"
"272","Letras BCRD2","TOTAL_CCI",0.001261,2024,"Febrero","tasas_2024_66.xlsx"
"273","Letras BCRD2","RESERVAS-R3",0,2024,"Febrero","tasas_2024_66.xlsx"
"274","Letras BCRD2","BANCO_CENTRAL-R3",0,2024,"Febrero","tasas_2024_66.xlsx"
"275","Letras BCRD2","FONDO_DE_SOLIDARIDAD_SOCIAL",0,2024,"Febrero","tasas_2024_66.xlsx"
"276","Letras BCRD2","TOTAL_SISTEMA",0.001261,2024,"Febrero","tasas_2024_66.xlsx"
"277","Notas BCRD2","ATLÁNTICO",0.000716,2024,"Febrero","tasas_2024_66.xlsx"
"278","Notas BCRD2","CRECER",0.000868,2024,"Febrero","tasas_2024_66.xlsx"
"279","Notas BCRD2","JMMB_BDI",0.00107,2024,"Febrero","tasas_2024_66.xlsx"
"280","Notas BCRD2","POPULAR",0.00101,2024,"Febrero","tasas_2024_66.xlsx"
"281","Notas BCRD2","RESERVAS",0.000962,2024,"Febrero","tasas_2024_66.xlsx"
"282","Notas BCRD2","ROMANA",0.000954,2024,"Febrero","tasas_2024_66.xlsx"
"283","Notas BCRD2","SIEMBRA",0.001055,2024,"Febrero","tasas_2024_66.xlsx"
"284","Notas BCRD2","TOTAL_CCI",0.000990627251649071,2024,"Febrero","tasas_2024_66.xlsx"
"285","Notas BCRD2","RESERVAS-R3",0.001033,2024,"Febrero","tasas_2024_66.xlsx"
"286","Notas BCRD2","BANCO_CENTRAL-R3",0.001169,2024,"Febrero","tasas_2024_66.xlsx"
"287","Notas BCRD2","FONDO_DE_SOLIDARIDAD_SOCIAL",0.000942,2024,"Febrero","tasas_2024_66.xlsx"
"288","Notas BCRD2","TOTAL_SISTEMA",0.000997226150986249,2024,"Febrero","tasas_2024_66.xlsx"
"289","Valores representativos de capital emitidos por Fideicomisos de oferta pública5","ATLÁNTICO",0.002019,2024,"Febrero","tasas_2024_66.xlsx"
"290","Valores representativos de capital emitidos por Fideicomisos de oferta pública5","CRECER",0.002019,2024,"Febrero","tasas_2024_66.xlsx"
"291","Valores representativos de capital emitidos por Fideicomisos de oferta pública5","JMMB_BDI",0.002019,2024,"Febrero","tasas_2024_66.xlsx"
"292","Valores representativos de capital emitidos por Fideicomisos de oferta pública5","POPULAR",0.002019,2024,"Febrero","tasas_2024_66.xlsx"
"293","Valores representativos de capital emitidos por Fideicomisos de oferta pública5","RESERVAS",0.002019,2024,"Febrero","tasas_2024_66.xlsx"
"294","Valores representativos de capital emitidos por Fideicomisos de oferta pública5","ROMANA",0,2024,"Febrero","tasas_2024_66.xlsx"
"295","Valores representativos de capital emitidos por Fideicomisos de oferta pública5","SIEMBRA",0.002019,2024,"Febrero","tasas_2024_66.xlsx"
"296","Valores representativos de capital emitidos por Fideicomisos de oferta pública5","TOTAL_CCI",0.002019,2024,"Febrero","tasas_2024_66.xlsx"
"297","Valores representativos de capital emitidos por Fideicomisos de oferta pública5","RESERVAS-R3",0,2024,"Febrero","tasas_2024_66.xlsx"
"298","Valores representativos de capital emitidos por Fideicomisos de oferta pública5","BANCO_CENTRAL-R3",0,2024,"Febrero","tasas_2024_66.xlsx"
"299","Valores representativos de capital emitidos por Fideicomisos de oferta pública5","FONDO_DE_SOLIDARIDAD_SOCIAL",0,2024,"Febrero","tasas_2024_66.xlsx"
"300","Valores representativos de capital emitidos por Fideicomisos de oferta pública5","TOTAL_SISTEMA",0.002019,2024,"Febrero","tasas_2024_66.xlsx"
"301","Valores representativos de deuda emitidos por Fideicomisos de oferta pública","ATLÁNTICO",0.0012,2024,"Febrero","tasas_2024_66.xlsx"
"302","Valores representativos de deuda emitidos por Fideicomisos de oferta pública","CRECER",0.000957,2024,"Febrero","tasas_2024_66.xlsx"
"303","Valores representativos de deuda emitidos por Fideicomisos de oferta pública","JMMB_BDI",0.000925,2024,"Febrero","tasas_2024_66.xlsx"
"304","Valores representativos de deuda emitidos por Fideicomisos de oferta pública","POPULAR",0.00083,2024,"Febrero","tasas_2024_66.xlsx"
"305","Valores representativos de deuda emitidos por Fideicomisos de oferta pública","RESERVAS",0.00112,2024,"Febrero","tasas_2024_66.xlsx"
"306","Valores representativos de deuda emitidos por Fideicomisos de oferta pública","ROMANA",0,2024,"Febrero","tasas_2024_66.xlsx"
"307","Valores representativos de deuda emitidos por Fideicomisos de oferta pública","SIEMBRA",0.00114,2024,"Febrero","tasas_2024_66.xlsx"
"308","Valores representativos de deuda emitidos por Fideicomisos de oferta pública","TOTAL_CCI",0.000983503763007589,2024,"Febrero","tasas_2024_66.xlsx"
"309","Valores representativos de deuda emitidos por Fideicomisos de oferta pública","RESERVAS-R3",0.000505,2024,"Febrero","tasas_2024_66.xlsx"
"310","Valores representativos de deuda emitidos por Fideicomisos de oferta pública","BANCO_CENTRAL-R3",0,2024,"Febrero","tasas_2024_66.xlsx"
"311","Valores representativos de deuda emitidos por Fideicomisos de oferta pública","FONDO_DE_SOLIDARIDAD_SOCIAL",0.000505,2024,"Febrero","tasas_2024_66.xlsx"
"312","Valores representativos de deuda emitidos por Fideicomisos de oferta pública","TOTAL_SISTEMA",0.000980208979251044,2024,"Febrero","tasas_2024_66.xlsx"
"313","Acciones de oferta pública 7","ATLÁNTICO",0.000818,2024,"Marzo","tasas_2024_66.xlsx"
"314","Acciones de oferta pública 7","CRECER",0.000797,2024,"Marzo","tasas_2024_66.xlsx"
"315","Acciones de oferta pública 7","JMMB_BDI",0.000818,2024,"Marzo","tasas_2024_66.xlsx"
"316","Acciones de oferta pública 7","POPULAR",0,2024,"Marzo","tasas_2024_66.xlsx"
"317","Acciones de oferta pública 7","RESERVAS",0.000818,2024,"Marzo","tasas_2024_66.xlsx"
"318","Acciones de oferta pública 7","ROMANA",0,2024,"Marzo","tasas_2024_66.xlsx"
"319","Acciones de oferta pública 7","SIEMBRA",0.000818,2024,"Marzo","tasas_2024_66.xlsx"
"320","Acciones de oferta pública 7","TOTAL_CCI",0.000810915372717152,2024,"Marzo","tasas_2024_66.xlsx"
"321","Acciones de oferta pública 7","RESERVAS-R3",0,2024,"Marzo","tasas_2024_66.xlsx"
"322","Acciones de oferta pública 7","BANCO_CENTRAL-R3",0.000818,2024,"Marzo","tasas_2024_66.xlsx"
"323","Acciones de oferta pública 7","FONDO_DE_SOLIDARIDAD_SOCIAL",0,2024,"Marzo","tasas_2024_66.xlsx"
"324","Acciones de oferta pública 7","TOTAL_SISTEMA",0.000810915424138751,2024,"Marzo","tasas_2024_66.xlsx"
"325","Bonos Ministerio de Hacienda","ATLÁNTICO",0.000582,2024,"Marzo","tasas_2024_66.xlsx"
"326","Bonos Ministerio de Hacienda","CRECER",0.000766,2024,"Marzo","tasas_2024_66.xlsx"
"327","Bonos Ministerio de Hacienda","JMMB_BDI",0.00072,2024,"Marzo","tasas_2024_66.xlsx"
"328","Bonos Ministerio de Hacienda","POPULAR",0.000743,2024,"Marzo","tasas_2024_66.xlsx"
"329","Bonos Ministerio de Hacienda","RESERVAS",0.000743,2024,"Marzo","tasas_2024_66.xlsx"
"330","Bonos Ministerio de Hacienda","ROMANA",0.000708,2024,"Marzo","tasas_2024_66.xlsx"
"331","Bonos Ministerio de Hacienda","SIEMBRA",0.00071,2024,"Marzo","tasas_2024_66.xlsx"
"332","Bonos Ministerio de Hacienda","TOTAL_CCI",0.000738385727942612,2024,"Marzo","tasas_2024_66.xlsx"
"333","Bonos Ministerio de Hacienda","RESERVAS-R3",0.000668,2024,"Marzo","tasas_2024_66.xlsx"
"334","Bonos Ministerio de Hacienda","BANCO_CENTRAL-R3",0.00069,2024,"Marzo","tasas_2024_66.xlsx"
"335","Bonos Ministerio de Hacienda","FONDO_DE_SOLIDARIDAD_SOCIAL",0.000711,2024,"Marzo","tasas_2024_66.xlsx"
"336","Bonos Ministerio de Hacienda","TOTAL_SISTEMA",0.000733951154210724,2024,"Marzo","tasas_2024_66.xlsx"
"337","Bonos EIF 1","ATLÁNTICO",0.001041,2024,"Marzo","tasas_2024_66.xlsx"
"338","Bonos EIF 1","CRECER",0.001013,2024,"Marzo","tasas_2024_66.xlsx"
"339","Bonos EIF 1","JMMB_BDI",0.000992,2024,"Marzo","tasas_2024_66.xlsx"
"340","Bonos EIF 1","POPULAR",0.001032,2024,"Marzo","tasas_2024_66.xlsx"
"341","Bonos EIF 1","RESERVAS",0.001016,2024,"Marzo","tasas_2024_66.xlsx"
"342","Bonos EIF 1","ROMANA",0.001,2024,"Marzo","tasas_2024_66.xlsx"
"343","Bonos EIF 1","SIEMBRA",0.001038,2024,"Marzo","tasas_2024_66.xlsx"
"344","Bonos EIF 1","TOTAL_CCI",0.00102780550964739,2024,"Marzo","tasas_2024_66.xlsx"
"345","Bonos EIF 1","RESERVAS-R3",0.001078,2024,"Marzo","tasas_2024_66.xlsx"
"346","Bonos EIF 1","BANCO_CENTRAL-R3",0.000953,2024,"Marzo","tasas_2024_66.xlsx"
"347","Bonos EIF 1","FONDO_DE_SOLIDARIDAD_SOCIAL",0.001028,2024,"Marzo","tasas_2024_66.xlsx"
"348","Bonos EIF 1","TOTAL_SISTEMA",0.00102817058431904,2024,"Marzo","tasas_2024_66.xlsx"
"349","Bonos Empresas","ATLÁNTICO",0.001005,2024,"Marzo","tasas_2024_66.xlsx"
"350","Bonos Empresas","CRECER",0.000953,2024,"Marzo","tasas_2024_66.xlsx"
"351","Bonos Empresas","JMMB_BDI",0.001073,2024,"Marzo","tasas_2024_66.xlsx"
"352","Bonos Empresas","POPULAR",0.000883,2024,"Marzo","tasas_2024_66.xlsx"
"353","Bonos Empresas","RESERVAS",0.000825,2024,"Marzo","tasas_2024_66.xlsx"
"354","Bonos Empresas","ROMANA",0,2024,"Marzo","tasas_2024_66.xlsx"
"355","Bonos Empresas","SIEMBRA",0.000587,2024,"Marzo","tasas_2024_66.xlsx"
"356","Bonos Empresas","TOTAL_CCI",0.000855740799187327,2024,"Marzo","tasas_2024_66.xlsx"
"357","Bonos Empresas","RESERVAS-R3",0.000745,2024,"Marzo","tasas_2024_66.xlsx"
"358","Bonos Empresas","BANCO_CENTRAL-R3",0.000892,2024,"Marzo","tasas_2024_66.xlsx"
"359","Bonos Empresas","FONDO_DE_SOLIDARIDAD_SOCIAL",0.000667,2024,"Marzo","tasas_2024_66.xlsx"
"360","Bonos Empresas","TOTAL_SISTEMA",0.000847272335658535,2024,"Marzo","tasas_2024_66.xlsx"
"361","Bonos de Hacienda para financiar desarrollo de  proyectos de infraestructura","ATLÁNTICO",0,2024,"Marzo","tasas_2024_66.xlsx"
"362","Bonos de Hacienda para financiar desarrollo de  proyectos de infraestructura","CRECER",0.000857,2024,"Marzo","tasas_2024_66.xlsx"
"363","Bonos de Hacienda para financiar desarrollo de  proyectos de infraestructura","JMMB_BDI",0,2024,"Marzo","tasas_2024_66.xlsx"
"364","Bonos de Hacienda para financiar desarrollo de  proyectos de infraestructura","POPULAR",0.000873,2024,"Marzo","tasas_2024_66.xlsx"
"365","Bonos de Hacienda para financiar desarrollo de  proyectos de infraestructura","RESERVAS",0.001028,2024,"Marzo","tasas_2024_66.xlsx"
"366","Bonos de Hacienda para financiar desarrollo de  proyectos de infraestructura","ROMANA",0,2024,"Marzo","tasas_2024_66.xlsx"
"367","Bonos de Hacienda para financiar desarrollo de  proyectos de infraestructura","SIEMBRA",0,2024,"Marzo","tasas_2024_66.xlsx"
"368","Bonos de Hacienda para financiar desarrollo de  proyectos de infraestructura","TOTAL_CCI",0.000890933681609477,2024,"Marzo","tasas_2024_66.xlsx"
"369","Bonos de Hacienda para financiar desarrollo de  proyectos de infraestructura","RESERVAS-R3",0,2024,"Marzo","tasas_2024_66.xlsx"
"370","Bonos de Hacienda para financiar desarrollo de  proyectos de infraestructura","BANCO_CENTRAL-R3",0,2024,"Marzo","tasas_2024_66.xlsx"
"371","Bonos de Hacienda para financiar desarrollo de  proyectos de infraestructura","FONDO_DE_SOLIDARIDAD_SOCIAL",0,2024,"Marzo","tasas_2024_66.xlsx"
"372","Bonos de Hacienda para financiar desarrollo de  proyectos de infraestructura","TOTAL_SISTEMA",0.000890933681609477,2024,"Marzo","tasas_2024_66.xlsx"
"373","Certificados de Depósito EIF1","ATLÁNTICO",0.000892,2024,"Marzo","tasas_2024_66.xlsx"
"374","Certificados de Depósito EIF1","CRECER",0.000473,2024,"Marzo","tasas_2024_66.xlsx"
"375","Certificados de Depósito EIF1","JMMB_BDI",0.001164,2024,"Marzo","tasas_2024_66.xlsx"
"376","Certificados de Depósito EIF1","POPULAR",0.001057,2024,"Marzo","tasas_2024_66.xlsx"
"377","Certificados de Depósito EIF1","RESERVAS",0.000662,2024,"Marzo","tasas_2024_66.xlsx"
"378","Certificados de Depósito EIF1","ROMANA",0.001119,2024,"Marzo","tasas_2024_66.xlsx"
"379","Certificados de Depósito EIF1","SIEMBRA",0.000926,2024,"Marzo","tasas_2024_66.xlsx"
"380","Certificados de Depósito EIF1","TOTAL_CCI",0.000948896647122459,2024,"Marzo","tasas_2024_66.xlsx"
"381","Certificados de Depósito EIF1","RESERVAS-R3",0.000901,2024,"Marzo","tasas_2024_66.xlsx"
"382","Certificados de Depósito EIF1","BANCO_CENTRAL-R3",0.001195,2024,"Marzo","tasas_2024_66.xlsx"
"383","Certificados de Depósito EIF1","FONDO_DE_SOLIDARIDAD_SOCIAL",0.000773,2024,"Marzo","tasas_2024_66.xlsx"
"384","Certificados de Depósito EIF1","TOTAL_SISTEMA",0.000934178338688839,2024,"Marzo","tasas_2024_66.xlsx"
"385","Certificados Inversión Especial BCRD2","ATLÁNTICO",0.000758,2024,"Marzo","tasas_2024_66.xlsx"
"386","Certificados Inversión Especial BCRD2","CRECER",0,2024,"Marzo","tasas_2024_66.xlsx"
"387","Certificados Inversión Especial BCRD2","JMMB_BDI",0.000558,2024,"Marzo","tasas_2024_66.xlsx"
"388","Certificados Inversión Especial BCRD2","POPULAR",0.00105,2024,"Marzo","tasas_2024_66.xlsx"
"389","Certificados Inversión Especial BCRD2","RESERVAS",0,2024,"Marzo","tasas_2024_66.xlsx"
"390","Certificados Inversión Especial BCRD2","ROMANA",0.000756,2024,"Marzo","tasas_2024_66.xlsx"
"391","Certificados Inversión Especial BCRD2","SIEMBRA",0,2024,"Marzo","tasas_2024_66.xlsx"
"392","Certificados Inversión Especial BCRD2","TOTAL_CCI",0.000818542501813441,2024,"Marzo","tasas_2024_66.xlsx"
"393","Certificados Inversión Especial BCRD2","RESERVAS-R3",0,2024,"Marzo","tasas_2024_66.xlsx"
"394","Certificados Inversión Especial BCRD2","BANCO_CENTRAL-R3",0.001388,2024,"Marzo","tasas_2024_66.xlsx"
"395","Certificados Inversión Especial BCRD2","FONDO_DE_SOLIDARIDAD_SOCIAL",0,2024,"Marzo","tasas_2024_66.xlsx"
"396","Certificados Inversión Especial BCRD2","TOTAL_SISTEMA",0.00129692363255702,2024,"Marzo","tasas_2024_66.xlsx"
"397","Cuotas de Participación de Fondos de Inversión4","ATLÁNTICO",0.000972,2024,"Marzo","tasas_2024_66.xlsx"
"398","Cuotas de Participación de Fondos de Inversión4","CRECER",0.000705,2024,"Marzo","tasas_2024_66.xlsx"
"399","Cuotas de Participación de Fondos de Inversión4","JMMB_BDI",0.000749,2024,"Marzo","tasas_2024_66.xlsx"
"400","Cuotas de Participación de Fondos de Inversión4","POPULAR",0.001735,2024,"Marzo","tasas_2024_66.xlsx"
"401","Cuotas de Participación de Fondos de Inversión4","RESERVAS",0.001021,2024,"Marzo","tasas_2024_66.xlsx"
"402","Cuotas de Participación de Fondos de Inversión4","ROMANA",0,2024,"Marzo","tasas_2024_66.xlsx"
"403","Cuotas de Participación de Fondos de Inversión4","SIEMBRA",0.000822,2024,"Marzo","tasas_2024_66.xlsx"
"404","Cuotas de Participación de Fondos de Inversión4","TOTAL_CCI",0.00127007789084853,2024,"Marzo","tasas_2024_66.xlsx"
"405","Cuotas de Participación de Fondos de Inversión4","RESERVAS-R3",0.000819,2024,"Marzo","tasas_2024_66.xlsx"
"406","Cuotas de Participación de Fondos de Inversión4","BANCO_CENTRAL-R3",0,2024,"Marzo","tasas_2024_66.xlsx"
"407","Cuotas de Participación de Fondos de Inversión4","FONDO_DE_SOLIDARIDAD_SOCIAL",0.000824,2024,"Marzo","tasas_2024_66.xlsx"
"408","Cuotas de Participación de Fondos de Inversión4","TOTAL_SISTEMA",0.00120593481095164,2024,"Marzo","tasas_2024_66.xlsx"
"409","Cuotas de Participación de Fondos de Mutuos 6","ATLÁNTICO",0,2024,"Marzo","tasas_2024_66.xlsx"
"410","Cuotas de Participación de Fondos de Mutuos 6","CRECER",0,2024,"Marzo","tasas_2024_66.xlsx"
"411","Cuotas de Participación de Fondos de Mutuos 6","JMMB_BDI",-7.5e-05,2024,"Marzo","tasas_2024_66.xlsx"
"412","Cuotas de Participación de Fondos de Mutuos 6","POPULAR",0,2024,"Marzo","tasas_2024_66.xlsx"
"413","Cuotas de Participación de Fondos de Mutuos 6","RESERVAS",0,2024,"Marzo","tasas_2024_66.xlsx"
"414","Cuotas de Participación de Fondos de Mutuos 6","ROMANA",0,2024,"Marzo","tasas_2024_66.xlsx"
"415","Cuotas de Participación de Fondos de Mutuos 6","SIEMBRA",0,2024,"Marzo","tasas_2024_66.xlsx"
"416","Cuotas de Participación de Fondos de Mutuos 6","TOTAL_CCI",-7.5e-05,2024,"Marzo","tasas_2024_66.xlsx"
"417","Cuotas de Participación de Fondos de Mutuos 6","RESERVAS-R3",0,2024,"Marzo","tasas_2024_66.xlsx"
"418","Cuotas de Participación de Fondos de Mutuos 6","BANCO_CENTRAL-R3",0,2024,"Marzo","tasas_2024_66.xlsx"
"419","Cuotas de Participación de Fondos de Mutuos 6","FONDO_DE_SOLIDARIDAD_SOCIAL",0,2024,"Marzo","tasas_2024_66.xlsx"
"420","Cuotas de Participación de Fondos de Mutuos 6","TOTAL_SISTEMA",-7.5e-05,2024,"Marzo","tasas_2024_66.xlsx"
"421","Letras BCRD2","ATLÁNTICO",0,2024,"Marzo","tasas_2024_66.xlsx"
"422","Letras BCRD2","CRECER",0,2024,"Marzo","tasas_2024_66.xlsx"
"423","Letras BCRD2","JMMB_BDI",0,2024,"Marzo","tasas_2024_66.xlsx"
"424","Letras BCRD2","POPULAR",0.001249,2024,"Marzo","tasas_2024_66.xlsx"
"425","Letras BCRD2","RESERVAS",0,2024,"Marzo","tasas_2024_66.xlsx"
"426","Letras BCRD2","ROMANA",0,2024,"Marzo","tasas_2024_66.xlsx"
"427","Letras BCRD2","SIEMBRA",0,2024,"Marzo","tasas_2024_66.xlsx"
"428","Letras BCRD2","TOTAL_CCI",0.001249,2024,"Marzo","tasas_2024_66.xlsx"
"429","Letras BCRD2","RESERVAS-R3",0,2024,"Marzo","tasas_2024_66.xlsx"
"430","Letras BCRD2","BANCO_CENTRAL-R3",0,2024,"Marzo","tasas_2024_66.xlsx"
"431","Letras BCRD2","FONDO_DE_SOLIDARIDAD_SOCIAL",0,2024,"Marzo","tasas_2024_66.xlsx"
"432","Letras BCRD2","TOTAL_SISTEMA",0.001249,2024,"Marzo","tasas_2024_66.xlsx"
"433","Notas BCRD2","ATLÁNTICO",0.000712,2024,"Marzo","tasas_2024_66.xlsx"
"434","Notas BCRD2","CRECER",0.000857,2024,"Marzo","tasas_2024_66.xlsx"
"435","Notas BCRD2","JMMB_BDI",0.001092,2024,"Marzo","tasas_2024_66.xlsx"
"436","Notas BCRD2","POPULAR",0.00101,2024,"Marzo","tasas_2024_66.xlsx"
"437","Notas BCRD2","RESERVAS",0.000939,2024,"Marzo","tasas_2024_66.xlsx"
"438","Notas BCRD2","ROMANA",0.000953,2024,"Marzo","tasas_2024_66.xlsx"
"439","Notas BCRD2","SIEMBRA",0.001051,2024,"Marzo","tasas_2024_66.xlsx"
"440","Notas BCRD2","TOTAL_CCI",0.00098776086742383,2024,"Marzo","tasas_2024_66.xlsx"
"441","Notas BCRD2","RESERVAS-R3",0.000824,2024,"Marzo","tasas_2024_66.xlsx"
"442","Notas BCRD2","BANCO_CENTRAL-R3",0.00117,2024,"Marzo","tasas_2024_66.xlsx"
"443","Notas BCRD2","FONDO_DE_SOLIDARIDAD_SOCIAL",9e-04,2024,"Marzo","tasas_2024_66.xlsx"
"444","Notas BCRD2","TOTAL_SISTEMA",0.0009928880890828,2024,"Marzo","tasas_2024_66.xlsx"
"445","Valores representativos de capital emitidos por Fideicomisos de oferta pública5","ATLÁNTICO",0.001842,2024,"Marzo","tasas_2024_66.xlsx"
"446","Valores representativos de capital emitidos por Fideicomisos de oferta pública5","CRECER",0.001842,2024,"Marzo","tasas_2024_66.xlsx"
"447","Valores representativos de capital emitidos por Fideicomisos de oferta pública5","JMMB_BDI",0.001842,2024,"Marzo","tasas_2024_66.xlsx"
"448","Valores representativos de capital emitidos por Fideicomisos de oferta pública5","POPULAR",0.001842,2024,"Marzo","tasas_2024_66.xlsx"
"449","Valores representativos de capital emitidos por Fideicomisos de oferta pública5","RESERVAS",0.001842,2024,"Marzo","tasas_2024_66.xlsx"
"450","Valores representativos de capital emitidos por Fideicomisos de oferta pública5","ROMANA",0,2024,"Marzo","tasas_2024_66.xlsx"
"451","Valores representativos de capital emitidos por Fideicomisos de oferta pública5","SIEMBRA",0.001842,2024,"Marzo","tasas_2024_66.xlsx"
"452","Valores representativos de capital emitidos por Fideicomisos de oferta pública5","TOTAL_CCI",0.001842,2024,"Marzo","tasas_2024_66.xlsx"
"453","Valores representativos de capital emitidos por Fideicomisos de oferta pública5","RESERVAS-R3",0,2024,"Marzo","tasas_2024_66.xlsx"
"454","Valores representativos de capital emitidos por Fideicomisos de oferta pública5","BANCO_CENTRAL-R3",0,2024,"Marzo","tasas_2024_66.xlsx"
"455","Valores representativos de capital emitidos por Fideicomisos de oferta pública5","FONDO_DE_SOLIDARIDAD_SOCIAL",0,2024,"Marzo","tasas_2024_66.xlsx"
"456","Valores representativos de capital emitidos por Fideicomisos de oferta pública5","TOTAL_SISTEMA",0.001842,2024,"Marzo","tasas_2024_66.xlsx"
"457","Valores representativos de deuda emitidos por Fideicomisos de oferta pública","ATLÁNTICO",0.0012,2024,"Marzo","tasas_2024_66.xlsx"
"458","Valores representativos de deuda emitidos por Fideicomisos de oferta pública","CRECER",0.000957,2024,"Marzo","tasas_2024_66.xlsx"
"459","Valores representativos de deuda emitidos por Fideicomisos de oferta pública","JMMB_BDI",0.000925,2024,"Marzo","tasas_2024_66.xlsx"
"460","Valores representativos de deuda emitidos por Fideicomisos de oferta pública","POPULAR",0.00083,2024,"Marzo","tasas_2024_66.xlsx"
"461","Valores representativos de deuda emitidos por Fideicomisos de oferta pública","RESERVAS",0.001119,2024,"Marzo","tasas_2024_66.xlsx"
"462","Valores representativos de deuda emitidos por Fideicomisos de oferta pública","ROMANA",0,2024,"Marzo","tasas_2024_66.xlsx"
"463","Valores representativos de deuda emitidos por Fideicomisos de oferta pública","SIEMBRA",0.00114,2024,"Marzo","tasas_2024_66.xlsx"
"464","Valores representativos de deuda emitidos por Fideicomisos de oferta pública","TOTAL_CCI",0.000983475628100545,2024,"Marzo","tasas_2024_66.xlsx"
"465","Valores representativos de deuda emitidos por Fideicomisos de oferta pública","RESERVAS-R3",0.000505,2024,"Marzo","tasas_2024_66.xlsx"
"466","Valores representativos de deuda emitidos por Fideicomisos de oferta pública","BANCO_CENTRAL-R3",0,2024,"Marzo","tasas_2024_66.xlsx"
"467","Valores representativos de deuda emitidos por Fideicomisos de oferta pública","FONDO_DE_SOLIDARIDAD_SOCIAL",0.000505,2024,"Marzo","tasas_2024_66.xlsx"
"468","Valores representativos de deuda emitidos por Fideicomisos de oferta pública","TOTAL_SISTEMA",0.000980160071918339,2024,"Marzo","tasas_2024_66.xlsx"
"469","Acciones de oferta pública 6","ATLÁNTICO",0.000818,2024,"Abril","tasas_2024_66.xlsx"
"470","Acciones de oferta pública 6","CRECER",0.000797,2024,"Abril","tasas_2024_66.xlsx"
"471","Acciones de oferta pública 6","JMMB_BDI",0.000818,2024,"Abril","tasas_2024_66.xlsx"
"472","Acciones de oferta pública 6","POPULAR",0,2024,"Abril","tasas_2024_66.xlsx"
"473","Acciones de oferta pública 6","RESERVAS",0.000818,2024,"Abril","tasas_2024_66.xlsx"
"474","Acciones de oferta pública 6","ROMANA",0,2024,"Abril","tasas_2024_66.xlsx"
"475","Acciones de oferta pública 6","SIEMBRA",0.000818,2024,"Abril","tasas_2024_66.xlsx"
"476","Acciones de oferta pública 6","TOTAL_CCI",0.000810915372717152,2024,"Abril","tasas_2024_66.xlsx"
"477","Acciones de oferta pública 6","RESERVAS-R3",0,2024,"Abril","tasas_2024_66.xlsx"
"478","Acciones de oferta pública 6","BANCO_CENTRAL-R3",0.000818,2024,"Abril","tasas_2024_66.xlsx"
"479","Acciones de oferta pública 6","FONDO_DE_SOLIDARIDAD_SOCIAL",0,2024,"Abril","tasas_2024_66.xlsx"
"480","Acciones de oferta pública 6","TOTAL_SISTEMA",0.000810915424138751,2024,"Abril","tasas_2024_66.xlsx"
"481","Bonos Ministerio de Hacienda","ATLÁNTICO",0.000556,2024,"Abril","tasas_2024_66.xlsx"
"482","Bonos Ministerio de Hacienda","CRECER",0.000766,2024,"Abril","tasas_2024_66.xlsx"
"483","Bonos Ministerio de Hacienda","JMMB_BDI",0.000704,2024,"Abril","tasas_2024_66.xlsx"
"484","Bonos Ministerio de Hacienda","POPULAR",0.000744,2024,"Abril","tasas_2024_66.xlsx"
"485","Bonos Ministerio de Hacienda","RESERVAS",0.000745,2024,"Abril","tasas_2024_66.xlsx"
"486","Bonos Ministerio de Hacienda","ROMANA",0.000708,2024,"Abril","tasas_2024_66.xlsx"
"487","Bonos Ministerio de Hacienda","SIEMBRA",0.000711,2024,"Abril","tasas_2024_66.xlsx"
"488","Bonos Ministerio de Hacienda","TOTAL_CCI",0.000738681440876798,2024,"Abril","tasas_2024_66.xlsx"
"489","Bonos Ministerio de Hacienda","RESERVAS-R3",0.00069,2024,"Abril","tasas_2024_66.xlsx"
"490","Bonos Ministerio de Hacienda","BANCO_CENTRAL-R3",0.000691,2024,"Abril","tasas_2024_66.xlsx"
"491","Bonos Ministerio de Hacienda","FONDO_DE_SOLIDARIDAD_SOCIAL",0.000717,2024,"Abril","tasas_2024_66.xlsx"
"492","Bonos Ministerio de Hacienda","TOTAL_SISTEMA",0.000735164788035651,2024,"Abril","tasas_2024_66.xlsx"
"493","Bonos EIF 1","ATLÁNTICO",0.00104,2024,"Abril","tasas_2024_66.xlsx"
"494","Bonos EIF 1","CRECER",0.001013,2024,"Abril","tasas_2024_66.xlsx"
"495","Bonos EIF 1","JMMB_BDI",0.00099,2024,"Abril","tasas_2024_66.xlsx"
"496","Bonos EIF 1","POPULAR",0.001032,2024,"Abril","tasas_2024_66.xlsx"
"497","Bonos EIF 1","RESERVAS",0.001016,2024,"Abril","tasas_2024_66.xlsx"
"498","Bonos EIF 1","ROMANA",0.001,2024,"Abril","tasas_2024_66.xlsx"
"499","Bonos EIF 1","SIEMBRA",0.001039,2024,"Abril","tasas_2024_66.xlsx"
"500","Bonos EIF 1","TOTAL_CCI",0.00102809801687024,2024,"Abril","tasas_2024_66.xlsx"
"501","Bonos EIF 1","RESERVAS-R3",0.001079,2024,"Abril","tasas_2024_66.xlsx"
"502","Bonos EIF 1","BANCO_CENTRAL-R3",0.000953,2024,"Abril","tasas_2024_66.xlsx"
"503","Bonos EIF 1","FONDO_DE_SOLIDARIDAD_SOCIAL",0.001028,2024,"Abril","tasas_2024_66.xlsx"
"504","Bonos EIF 1","TOTAL_SISTEMA",0.00102844449849449,2024,"Abril","tasas_2024_66.xlsx"
"505","Bonos Empresas","ATLÁNTICO",0.001009,2024,"Abril","tasas_2024_66.xlsx"
"506","Bonos Empresas","CRECER",0.00096,2024,"Abril","tasas_2024_66.xlsx"
"507","Bonos Empresas","JMMB_BDI",0.001082,2024,"Abril","tasas_2024_66.xlsx"
"508","Bonos Empresas","POPULAR",0.000884,2024,"Abril","tasas_2024_66.xlsx"
"509","Bonos Empresas","RESERVAS",0.000821,2024,"Abril","tasas_2024_66.xlsx"
"510","Bonos Empresas","ROMANA",0,2024,"Abril","tasas_2024_66.xlsx"
"511","Bonos Empresas","SIEMBRA",0.000587,2024,"Abril","tasas_2024_66.xlsx"
"512","Bonos Empresas","TOTAL_CCI",0.000855109778338645,2024,"Abril","tasas_2024_66.xlsx"
"513","Bonos Empresas","RESERVAS-R3",0.000746,2024,"Abril","tasas_2024_66.xlsx"
"514","Bonos Empresas","BANCO_CENTRAL-R3",0.000892,2024,"Abril","tasas_2024_66.xlsx"
"515","Bonos Empresas","FONDO_DE_SOLIDARIDAD_SOCIAL",0.000667,2024,"Abril","tasas_2024_66.xlsx"
"516","Bonos Empresas","TOTAL_SISTEMA",0.000846407751043894,2024,"Abril","tasas_2024_66.xlsx"
"517","Bonos de Hacienda para financiar desarrollo de  proyectos de infraestructura","ATLÁNTICO",0,2024,"Abril","tasas_2024_66.xlsx"
"518","Bonos de Hacienda para financiar desarrollo de  proyectos de infraestructura","CRECER",0.000857,2024,"Abril","tasas_2024_66.xlsx"
"519","Bonos de Hacienda para financiar desarrollo de  proyectos de infraestructura","JMMB_BDI",0,2024,"Abril","tasas_2024_66.xlsx"
"520","Bonos de Hacienda para financiar desarrollo de  proyectos de infraestructura","POPULAR",0.000873,2024,"Abril","tasas_2024_66.xlsx"
"521","Bonos de Hacienda para financiar desarrollo de  proyectos de infraestructura","RESERVAS",0.001028,2024,"Abril","tasas_2024_66.xlsx"
"522","Bonos de Hacienda para financiar desarrollo de  proyectos de infraestructura","ROMANA",0,2024,"Abril","tasas_2024_66.xlsx"
"523","Bonos de Hacienda para financiar desarrollo de  proyectos de infraestructura","SIEMBRA",0,2024,"Abril","tasas_2024_66.xlsx"
"524","Bonos de Hacienda para financiar desarrollo de  proyectos de infraestructura","TOTAL_CCI",0.000890975310688993,2024,"Abril","tasas_2024_66.xlsx"
"525","Bonos de Hacienda para financiar desarrollo de  proyectos de infraestructura","RESERVAS-R3",0,2024,"Abril","tasas_2024_66.xlsx"
"526","Bonos de Hacienda para financiar desarrollo de  proyectos de infraestructura","BANCO_CENTRAL-R3",0,2024,"Abril","tasas_2024_66.xlsx"
"527","Bonos de Hacienda para financiar desarrollo de  proyectos de infraestructura","FONDO_DE_SOLIDARIDAD_SOCIAL",0,2024,"Abril","tasas_2024_66.xlsx"
"528","Bonos de Hacienda para financiar desarrollo de  proyectos de infraestructura","TOTAL_SISTEMA",0.000890975310688993,2024,"Abril","tasas_2024_66.xlsx"
"529","Certificados de Depósito EIF1","ATLÁNTICO",0.000945,2024,"Abril","tasas_2024_66.xlsx"
"530","Certificados de Depósito EIF1","CRECER",0.000688,2024,"Abril","tasas_2024_66.xlsx"
"531","Certificados de Depósito EIF1","JMMB_BDI",0.001221,2024,"Abril","tasas_2024_66.xlsx"
"532","Certificados de Depósito EIF1","POPULAR",0.00113,2024,"Abril","tasas_2024_66.xlsx"
"533","Certificados de Depósito EIF1","RESERVAS",0.000641,2024,"Abril","tasas_2024_66.xlsx"
"534","Certificados de Depósito EIF1","ROMANA",0.001117,2024,"Abril","tasas_2024_66.xlsx"
"535","Certificados de Depósito EIF1","SIEMBRA",0.001055,2024,"Abril","tasas_2024_66.xlsx"
"536","Certificados de Depósito EIF1","TOTAL_CCI",0.00104804121371884,2024,"Abril","tasas_2024_66.xlsx"
"537","Certificados de Depósito EIF1","RESERVAS-R3",0.000953,2024,"Abril","tasas_2024_66.xlsx"
"538","Certificados de Depósito EIF1","BANCO_CENTRAL-R3",0.001185,2024,"Abril","tasas_2024_66.xlsx"
"539","Certificados de Depósito EIF1","FONDO_DE_SOLIDARIDAD_SOCIAL",0.000774,2024,"Abril","tasas_2024_66.xlsx"
"540","Certificados de Depósito EIF1","TOTAL_SISTEMA",0.00101874640500154,2024,"Abril","tasas_2024_66.xlsx"
"541","Certificados Inversión Especial BCRD2","ATLÁNTICO",0.000758,2024,"Abril","tasas_2024_66.xlsx"
"542","Certificados Inversión Especial BCRD2","CRECER",0,2024,"Abril","tasas_2024_66.xlsx"
"543","Certificados Inversión Especial BCRD2","JMMB_BDI",0.000558,2024,"Abril","tasas_2024_66.xlsx"
"544","Certificados Inversión Especial BCRD2","POPULAR",0.00105,2024,"Abril","tasas_2024_66.xlsx"
"545","Certificados Inversión Especial BCRD2","RESERVAS",0,2024,"Abril","tasas_2024_66.xlsx"
"546","Certificados Inversión Especial BCRD2","ROMANA",0.000756,2024,"Abril","tasas_2024_66.xlsx"
"547","Certificados Inversión Especial BCRD2","SIEMBRA",0,2024,"Abril","tasas_2024_66.xlsx"
"548","Certificados Inversión Especial BCRD2","TOTAL_CCI",0.000819036719754866,2024,"Abril","tasas_2024_66.xlsx"
"549","Certificados Inversión Especial BCRD2","RESERVAS-R3",0,2024,"Abril","tasas_2024_66.xlsx"
"550","Certificados Inversión Especial BCRD2","BANCO_CENTRAL-R3",0.001382,2024,"Abril","tasas_2024_66.xlsx"
"551","Certificados Inversión Especial BCRD2","FONDO_DE_SOLIDARIDAD_SOCIAL",0,2024,"Abril","tasas_2024_66.xlsx"
"552","Certificados Inversión Especial BCRD2","TOTAL_SISTEMA",0.00129390283256149,2024,"Abril","tasas_2024_66.xlsx"
"553","Cuotas de Participación de Fondos de Inversión4","ATLÁNTICO",0.001476,2024,"Abril","tasas_2024_66.xlsx"
"554","Cuotas de Participación de Fondos de Inversión4","CRECER",0.000716,2024,"Abril","tasas_2024_66.xlsx"
"555","Cuotas de Participación de Fondos de Inversión4","JMMB_BDI",0.000476,2024,"Abril","tasas_2024_66.xlsx"
"556","Cuotas de Participación de Fondos de Inversión4","POPULAR",0.001747,2024,"Abril","tasas_2024_66.xlsx"
"557","Cuotas de Participación de Fondos de Inversión4","RESERVAS",0.00099,2024,"Abril","tasas_2024_66.xlsx"
"558","Cuotas de Participación de Fondos de Inversión4","ROMANA",0,2024,"Abril","tasas_2024_66.xlsx"
"559","Cuotas de Participación de Fondos de Inversión4","SIEMBRA",0.000818,2024,"Abril","tasas_2024_66.xlsx"
"560","Cuotas de Participación de Fondos de Inversión4","TOTAL_CCI",0.00126041887971036,2024,"Abril","tasas_2024_66.xlsx"
"561","Cuotas de Participación de Fondos de Inversión4","RESERVAS-R3",0.000816,2024,"Abril","tasas_2024_66.xlsx"
"562","Cuotas de Participación de Fondos de Inversión4","BANCO_CENTRAL-R3",0,2024,"Abril","tasas_2024_66.xlsx"
"563","Cuotas de Participación de Fondos de Inversión4","FONDO_DE_SOLIDARIDAD_SOCIAL",0.000834,2024,"Abril","tasas_2024_66.xlsx"
"564","Cuotas de Participación de Fondos de Inversión4","TOTAL_SISTEMA",0.00119999215079491,2024,"Abril","tasas_2024_66.xlsx"
"565","Cuotas de Participación de Fondos de Mutuos","ATLÁNTICO",0,2024,"Abril","tasas_2024_66.xlsx"
"566","Cuotas de Participación de Fondos de Mutuos","CRECER",0,2024,"Abril","tasas_2024_66.xlsx"
"567","Cuotas de Participación de Fondos de Mutuos","JMMB_BDI",0,2024,"Abril","tasas_2024_66.xlsx"
"568","Cuotas de Participación de Fondos de Mutuos","POPULAR",0,2024,"Abril","tasas_2024_66.xlsx"
"569","Cuotas de Participación de Fondos de Mutuos","RESERVAS",0,2024,"Abril","tasas_2024_66.xlsx"
"570","Cuotas de Participación de Fondos de Mutuos","ROMANA",0,2024,"Abril","tasas_2024_66.xlsx"
"571","Cuotas de Participación de Fondos de Mutuos","SIEMBRA",0,2024,"Abril","tasas_2024_66.xlsx"
"572","Cuotas de Participación de Fondos de Mutuos","TOTAL_CCI",0,2024,"Abril","tasas_2024_66.xlsx"
"573","Cuotas de Participación de Fondos de Mutuos","RESERVAS-R3",0,2024,"Abril","tasas_2024_66.xlsx"
"574","Cuotas de Participación de Fondos de Mutuos","BANCO_CENTRAL-R3",0,2024,"Abril","tasas_2024_66.xlsx"
"575","Cuotas de Participación de Fondos de Mutuos","FONDO_DE_SOLIDARIDAD_SOCIAL",0,2024,"Abril","tasas_2024_66.xlsx"
"576","Cuotas de Participación de Fondos de Mutuos","TOTAL_SISTEMA",0,2024,"Abril","tasas_2024_66.xlsx"
"577","Letras BCRD2","ATLÁNTICO",0,2024,"Abril","tasas_2024_66.xlsx"
"578","Letras BCRD2","CRECER",0,2024,"Abril","tasas_2024_66.xlsx"
"579","Letras BCRD2","JMMB_BDI",0,2024,"Abril","tasas_2024_66.xlsx"
"580","Letras BCRD2","POPULAR",0.001249,2024,"Abril","tasas_2024_66.xlsx"
"581","Letras BCRD2","RESERVAS",0,2024,"Abril","tasas_2024_66.xlsx"
"582","Letras BCRD2","ROMANA",0,2024,"Abril","tasas_2024_66.xlsx"
"583","Letras BCRD2","SIEMBRA",0,2024,"Abril","tasas_2024_66.xlsx"
"584","Letras BCRD2","TOTAL_CCI",0.001249,2024,"Abril","tasas_2024_66.xlsx"
"585","Letras BCRD2","RESERVAS-R3",0,2024,"Abril","tasas_2024_66.xlsx"
"586","Letras BCRD2","BANCO_CENTRAL-R3",0,2024,"Abril","tasas_2024_66.xlsx"
"587","Letras BCRD2","FONDO_DE_SOLIDARIDAD_SOCIAL",0,2024,"Abril","tasas_2024_66.xlsx"
"588","Letras BCRD2","TOTAL_SISTEMA",0.001249,2024,"Abril","tasas_2024_66.xlsx"
"589","Notas BCRD2","ATLÁNTICO",0.000704,2024,"Abril","tasas_2024_66.xlsx"
"590","Notas BCRD2","CRECER",0.000861,2024,"Abril","tasas_2024_66.xlsx"
"591","Notas BCRD2","JMMB_BDI",0.00109,2024,"Abril","tasas_2024_66.xlsx"
"592","Notas BCRD2","POPULAR",0.001011,2024,"Abril","tasas_2024_66.xlsx"
"593","Notas BCRD2","RESERVAS",0.000923,2024,"Abril","tasas_2024_66.xlsx"
"594","Notas BCRD2","ROMANA",0.000953,2024,"Abril","tasas_2024_66.xlsx"
"595","Notas BCRD2","SIEMBRA",0.001052,2024,"Abril","tasas_2024_66.xlsx"
"596","Notas BCRD2","TOTAL_CCI",0.000987685827955512,2024,"Abril","tasas_2024_66.xlsx"
"597","Notas BCRD2","RESERVAS-R3",0.000825,2024,"Abril","tasas_2024_66.xlsx"
"598","Notas BCRD2","BANCO_CENTRAL-R3",0.001171,2024,"Abril","tasas_2024_66.xlsx"
"599","Notas BCRD2","FONDO_DE_SOLIDARIDAD_SOCIAL",0.000957,2024,"Abril","tasas_2024_66.xlsx"
"600","Notas BCRD2","TOTAL_SISTEMA",0.000993331952038907,2024,"Abril","tasas_2024_66.xlsx"
"601","Valores representativos de capital emitidos por Fideicomisos de oferta pública5","ATLÁNTICO",0.002339,2024,"Abril","tasas_2024_66.xlsx"
"602","Valores representativos de capital emitidos por Fideicomisos de oferta pública5","CRECER",0.002339,2024,"Abril","tasas_2024_66.xlsx"
"603","Valores representativos de capital emitidos por Fideicomisos de oferta pública5","JMMB_BDI",0.002339,2024,"Abril","tasas_2024_66.xlsx"
"604","Valores representativos de capital emitidos por Fideicomisos de oferta pública5","POPULAR",0.002339,2024,"Abril","tasas_2024_66.xlsx"
"605","Valores representativos de capital emitidos por Fideicomisos de oferta pública5","RESERVAS",0.002339,2024,"Abril","tasas_2024_66.xlsx"
"606","Valores representativos de capital emitidos por Fideicomisos de oferta pública5","ROMANA",0,2024,"Abril","tasas_2024_66.xlsx"
"607","Valores representativos de capital emitidos por Fideicomisos de oferta pública5","SIEMBRA",0.002339,2024,"Abril","tasas_2024_66.xlsx"
"608","Valores representativos de capital emitidos por Fideicomisos de oferta pública5","TOTAL_CCI",0.002339,2024,"Abril","tasas_2024_66.xlsx"
"609","Valores representativos de capital emitidos por Fideicomisos de oferta pública5","RESERVAS-R3",0,2024,"Abril","tasas_2024_66.xlsx"
"610","Valores representativos de capital emitidos por Fideicomisos de oferta pública5","BANCO_CENTRAL-R3",0,2024,"Abril","tasas_2024_66.xlsx"
"611","Valores representativos de capital emitidos por Fideicomisos de oferta pública5","FONDO_DE_SOLIDARIDAD_SOCIAL",0,2024,"Abril","tasas_2024_66.xlsx"
"612","Valores representativos de capital emitidos por Fideicomisos de oferta pública5","TOTAL_SISTEMA",0.002339,2024,"Abril","tasas_2024_66.xlsx"
"613","Valores representativos de deuda emitidos por Fideicomisos de oferta pública","ATLÁNTICO",0.0012,2024,"Abril","tasas_2024_66.xlsx"
"614","Valores representativos de deuda emitidos por Fideicomisos de oferta pública","CRECER",0.000957,2024,"Abril","tasas_2024_66.xlsx"
"615","Valores representativos de deuda emitidos por Fideicomisos de oferta pública","JMMB_BDI",0.000925,2024,"Abril","tasas_2024_66.xlsx"
"616","Valores representativos de deuda emitidos por Fideicomisos de oferta pública","POPULAR",0.00083,2024,"Abril","tasas_2024_66.xlsx"
"617","Valores representativos de deuda emitidos por Fideicomisos de oferta pública","RESERVAS",0.00112,2024,"Abril","tasas_2024_66.xlsx"
"618","Valores representativos de deuda emitidos por Fideicomisos de oferta pública","ROMANA",0,2024,"Abril","tasas_2024_66.xlsx"
"619","Valores representativos de deuda emitidos por Fideicomisos de oferta pública","SIEMBRA",0.00114,2024,"Abril","tasas_2024_66.xlsx"
"620","Valores representativos de deuda emitidos por Fideicomisos de oferta pública","TOTAL_CCI",0.000983594571908341,2024,"Abril","tasas_2024_66.xlsx"
"621","Valores representativos de deuda emitidos por Fideicomisos de oferta pública","RESERVAS-R3",0.000505,2024,"Abril","tasas_2024_66.xlsx"
"622","Valores representativos de deuda emitidos por Fideicomisos de oferta pública","BANCO_CENTRAL-R3",0,2024,"Abril","tasas_2024_66.xlsx"
"623","Valores representativos de deuda emitidos por Fideicomisos de oferta pública","FONDO_DE_SOLIDARIDAD_SOCIAL",0.000505,2024,"Abril","tasas_2024_66.xlsx"
"624","Valores representativos de deuda emitidos por Fideicomisos de oferta pública","TOTAL_SISTEMA",0.000980283282960792,2024,"Abril","tasas_2024_66.xlsx"
"625","Acciones de oferta pública 6","ATLÁNTICO",0.000818,2024,"Mayo","tasas_2024_66.xlsx"
"626","Acciones de oferta pública 6","CRECER",0.000797,2024,"Mayo","tasas_2024_66.xlsx"
"627","Acciones de oferta pública 6","JMMB_BDI",0.000818,2024,"Mayo","tasas_2024_66.xlsx"
"628","Acciones de oferta pública 6","POPULAR",0,2024,"Mayo","tasas_2024_66.xlsx"
"629","Acciones de oferta pública 6","RESERVAS",0.000818,2024,"Mayo","tasas_2024_66.xlsx"
"630","Acciones de oferta pública 6","ROMANA",0,2024,"Mayo","tasas_2024_66.xlsx"
"631","Acciones de oferta pública 6","SIEMBRA",0.000818,2024,"Mayo","tasas_2024_66.xlsx"
"632","Acciones de oferta pública 6","TOTAL_CCI",0.000810915372717152,2024,"Mayo","tasas_2024_66.xlsx"
"633","Acciones de oferta pública 6","RESERVAS-R3",0,2024,"Mayo","tasas_2024_66.xlsx"
"634","Acciones de oferta pública 6","BANCO_CENTRAL-R3",0.000818,2024,"Mayo","tasas_2024_66.xlsx"
"635","Acciones de oferta pública 6","FONDO_DE_SOLIDARIDAD_SOCIAL",0,2024,"Mayo","tasas_2024_66.xlsx"
"636","Acciones de oferta pública 6","TOTAL_SISTEMA",0.000810915424138751,2024,"Mayo","tasas_2024_66.xlsx"
"637","Bonos Ministerio de Hacienda","ATLÁNTICO",0.000593,2024,"Mayo","tasas_2024_66.xlsx"
"638","Bonos Ministerio de Hacienda","CRECER",0.000765,2024,"Mayo","tasas_2024_66.xlsx"
"639","Bonos Ministerio de Hacienda","JMMB_BDI",0.00071,2024,"Mayo","tasas_2024_66.xlsx"
"640","Bonos Ministerio de Hacienda","POPULAR",0.000745,2024,"Mayo","tasas_2024_66.xlsx"
"641","Bonos Ministerio de Hacienda","RESERVAS",0.000732,2024,"Mayo","tasas_2024_66.xlsx"
"642","Bonos Ministerio de Hacienda","ROMANA",0.000726,2024,"Mayo","tasas_2024_66.xlsx"
"643","Bonos Ministerio de Hacienda","SIEMBRA",0.000712,2024,"Mayo","tasas_2024_66.xlsx"
"644","Bonos Ministerio de Hacienda","TOTAL_CCI",0.000737380883998406,2024,"Mayo","tasas_2024_66.xlsx"
"645","Bonos Ministerio de Hacienda","RESERVAS-R3",0.000681,2024,"Mayo","tasas_2024_66.xlsx"
"646","Bonos Ministerio de Hacienda","BANCO_CENTRAL-R3",0.000693,2024,"Mayo","tasas_2024_66.xlsx"
"647","Bonos Ministerio de Hacienda","FONDO_DE_SOLIDARIDAD_SOCIAL",0.000689,2024,"Mayo","tasas_2024_66.xlsx"
"648","Bonos Ministerio de Hacienda","TOTAL_SISTEMA",0.000731733707107018,2024,"Mayo","tasas_2024_66.xlsx"
"649","Bonos EIF 1","ATLÁNTICO",0.00104,2024,"Mayo","tasas_2024_66.xlsx"
"650","Bonos EIF 1","CRECER",0.001013,2024,"Mayo","tasas_2024_66.xlsx"
"651","Bonos EIF 1","JMMB_BDI",0.00099,2024,"Mayo","tasas_2024_66.xlsx"
"652","Bonos EIF 1","POPULAR",0.001031,2024,"Mayo","tasas_2024_66.xlsx"
"653","Bonos EIF 1","RESERVAS",0.001016,2024,"Mayo","tasas_2024_66.xlsx"
"654","Bonos EIF 1","ROMANA",0.001,2024,"Mayo","tasas_2024_66.xlsx"
"655","Bonos EIF 1","SIEMBRA",0.001039,2024,"Mayo","tasas_2024_66.xlsx"
"656","Bonos EIF 1","TOTAL_CCI",0.00102774514574346,2024,"Mayo","tasas_2024_66.xlsx"
"657","Bonos EIF 1","RESERVAS-R3",0.00108,2024,"Mayo","tasas_2024_66.xlsx"
"658","Bonos EIF 1","BANCO_CENTRAL-R3",0.000952,2024,"Mayo","tasas_2024_66.xlsx"
"659","Bonos EIF 1","FONDO_DE_SOLIDARIDAD_SOCIAL",0.001028,2024,"Mayo","tasas_2024_66.xlsx"
"660","Bonos EIF 1","TOTAL_SISTEMA",0.00102813056216788,2024,"Mayo","tasas_2024_66.xlsx"
"661","Bonos Empresas","ATLÁNTICO",0.001007,2024,"Mayo","tasas_2024_66.xlsx"
"662","Bonos Empresas","CRECER",0.000959,2024,"Mayo","tasas_2024_66.xlsx"
"663","Bonos Empresas","JMMB_BDI",0.001073,2024,"Mayo","tasas_2024_66.xlsx"
"664","Bonos Empresas","POPULAR",0.000883,2024,"Mayo","tasas_2024_66.xlsx"
"665","Bonos Empresas","RESERVAS",0.00082,2024,"Mayo","tasas_2024_66.xlsx"
"666","Bonos Empresas","ROMANA",0,2024,"Mayo","tasas_2024_66.xlsx"
"667","Bonos Empresas","SIEMBRA",0.000604,2024,"Mayo","tasas_2024_66.xlsx"
"668","Bonos Empresas","TOTAL_CCI",0.000853057305388375,2024,"Mayo","tasas_2024_66.xlsx"
"669","Bonos Empresas","RESERVAS-R3",0.000747,2024,"Mayo","tasas_2024_66.xlsx"
"670","Bonos Empresas","BANCO_CENTRAL-R3",0.000891,2024,"Mayo","tasas_2024_66.xlsx"
"671","Bonos Empresas","FONDO_DE_SOLIDARIDAD_SOCIAL",0.000667,2024,"Mayo","tasas_2024_66.xlsx"
"672","Bonos Empresas","TOTAL_SISTEMA",0.000844708619637729,2024,"Mayo","tasas_2024_66.xlsx"
"673","Bonos de Hacienda para financiar desarrollo de  proyectos de infraestructura","ATLÁNTICO",0,2024,"Mayo","tasas_2024_66.xlsx"
"674","Bonos de Hacienda para financiar desarrollo de  proyectos de infraestructura","CRECER",0.000857,2024,"Mayo","tasas_2024_66.xlsx"
"675","Bonos de Hacienda para financiar desarrollo de  proyectos de infraestructura","JMMB_BDI",0,2024,"Mayo","tasas_2024_66.xlsx"
"676","Bonos de Hacienda para financiar desarrollo de  proyectos de infraestructura","POPULAR",0.000873,2024,"Mayo","tasas_2024_66.xlsx"
"677","Bonos de Hacienda para financiar desarrollo de  proyectos de infraestructura","RESERVAS",0.001028,2024,"Mayo","tasas_2024_66.xlsx"
"678","Bonos de Hacienda para financiar desarrollo de  proyectos de infraestructura","ROMANA",0,2024,"Mayo","tasas_2024_66.xlsx"
"679","Bonos de Hacienda para financiar desarrollo de  proyectos de infraestructura","SIEMBRA",0,2024,"Mayo","tasas_2024_66.xlsx"
"680","Bonos de Hacienda para financiar desarrollo de  proyectos de infraestructura","TOTAL_CCI",0.000891014471828558,2024,"Mayo","tasas_2024_66.xlsx"
"681","Bonos de Hacienda para financiar desarrollo de  proyectos de infraestructura","RESERVAS-R3",0,2024,"Mayo","tasas_2024_66.xlsx"
"682","Bonos de Hacienda para financiar desarrollo de  proyectos de infraestructura","BANCO_CENTRAL-R3",0,2024,"Mayo","tasas_2024_66.xlsx"
"683","Bonos de Hacienda para financiar desarrollo de  proyectos de infraestructura","FONDO_DE_SOLIDARIDAD_SOCIAL",0,2024,"Mayo","tasas_2024_66.xlsx"
"684","Bonos de Hacienda para financiar desarrollo de  proyectos de infraestructura","TOTAL_SISTEMA",0.000891014471828558,2024,"Mayo","tasas_2024_66.xlsx"
"685","Certificados de Depósito EIF1","ATLÁNTICO",0.000926,2024,"Mayo","tasas_2024_66.xlsx"
"686","Certificados de Depósito EIF1","CRECER",0.000669,2024,"Mayo","tasas_2024_66.xlsx"
"687","Certificados de Depósito EIF1","JMMB_BDI",0.001342,2024,"Mayo","tasas_2024_66.xlsx"
"688","Certificados de Depósito EIF1","POPULAR",0.001235,2024,"Mayo","tasas_2024_66.xlsx"
"689","Certificados de Depósito EIF1","RESERVAS",0.00103,2024,"Mayo","tasas_2024_66.xlsx"
"690","Certificados de Depósito EIF1","ROMANA",0.001096,2024,"Mayo","tasas_2024_66.xlsx"
"691","Certificados de Depósito EIF1","SIEMBRA",0.001252,2024,"Mayo","tasas_2024_66.xlsx"
"692","Certificados de Depósito EIF1","TOTAL_CCI",0.00120410806424362,2024,"Mayo","tasas_2024_66.xlsx"
"693","Certificados de Depósito EIF1","RESERVAS-R3",0.001198,2024,"Mayo","tasas_2024_66.xlsx"
"694","Certificados de Depósito EIF1","BANCO_CENTRAL-R3",0.001205,2024,"Mayo","tasas_2024_66.xlsx"
"695","Certificados de Depósito EIF1","FONDO_DE_SOLIDARIDAD_SOCIAL",0.001047,2024,"Mayo","tasas_2024_66.xlsx"
"696","Certificados de Depósito EIF1","TOTAL_SISTEMA",0.0011869290516691,2024,"Mayo","tasas_2024_66.xlsx"
"697","Certificados Inversión Especial BCRD2","ATLÁNTICO",0.000758,2024,"Mayo","tasas_2024_66.xlsx"
"698","Certificados Inversión Especial BCRD2","CRECER",0,2024,"Mayo","tasas_2024_66.xlsx"
"699","Certificados Inversión Especial BCRD2","JMMB_BDI",0.000558,2024,"Mayo","tasas_2024_66.xlsx"
"700","Certificados Inversión Especial BCRD2","POPULAR",0.00105,2024,"Mayo","tasas_2024_66.xlsx"
"701","Certificados Inversión Especial BCRD2","RESERVAS",0,2024,"Mayo","tasas_2024_66.xlsx"
"702","Certificados Inversión Especial BCRD2","ROMANA",0.000756,2024,"Mayo","tasas_2024_66.xlsx"
"703","Certificados Inversión Especial BCRD2","SIEMBRA",0,2024,"Mayo","tasas_2024_66.xlsx"
"704","Certificados Inversión Especial BCRD2","TOTAL_CCI",0.000816603749173545,2024,"Mayo","tasas_2024_66.xlsx"
"705","Certificados Inversión Especial BCRD2","RESERVAS-R3",0,2024,"Mayo","tasas_2024_66.xlsx"
"706","Certificados Inversión Especial BCRD2","BANCO_CENTRAL-R3",0.001389,2024,"Mayo","tasas_2024_66.xlsx"
"707","Certificados Inversión Especial BCRD2","FONDO_DE_SOLIDARIDAD_SOCIAL",0,2024,"Mayo","tasas_2024_66.xlsx"
"708","Certificados Inversión Especial BCRD2","TOTAL_SISTEMA",0.00129966743147823,2024,"Mayo","tasas_2024_66.xlsx"
"709","Cuotas de Participación de Fondos de Inversión4","ATLÁNTICO",0.001467,2024,"Mayo","tasas_2024_66.xlsx"
"710","Cuotas de Participación de Fondos de Inversión4","CRECER",0.000716,2024,"Mayo","tasas_2024_66.xlsx"
"711","Cuotas de Participación de Fondos de Inversión4","JMMB_BDI",0.000456,2024,"Mayo","tasas_2024_66.xlsx"
"712","Cuotas de Participación de Fondos de Inversión4","POPULAR",0.00178,2024,"Mayo","tasas_2024_66.xlsx"
"713","Cuotas de Participación de Fondos de Inversión4","RESERVAS",0.000962,2024,"Mayo","tasas_2024_66.xlsx"
"714","Cuotas de Participación de Fondos de Inversión4","ROMANA",0,2024,"Mayo","tasas_2024_66.xlsx"
"715","Cuotas de Participación de Fondos de Inversión4","SIEMBRA",0.000802,2024,"Mayo","tasas_2024_66.xlsx"
"716","Cuotas de Participación de Fondos de Inversión4","TOTAL_CCI",0.00125400327205801,2024,"Mayo","tasas_2024_66.xlsx"
"717","Cuotas de Participación de Fondos de Inversión4","RESERVAS-R3",0.000805,2024,"Mayo","tasas_2024_66.xlsx"
"718","Cuotas de Participación de Fondos de Inversión4","BANCO_CENTRAL-R3",0,2024,"Mayo","tasas_2024_66.xlsx"
"719","Cuotas de Participación de Fondos de Inversión4","FONDO_DE_SOLIDARIDAD_SOCIAL",0.000823,2024,"Mayo","tasas_2024_66.xlsx"
"720","Cuotas de Participación de Fondos de Inversión4","TOTAL_SISTEMA",0.00119235567225801,2024,"Mayo","tasas_2024_66.xlsx"
"721","Cuotas de Participación de Fondos de Mutuos","ATLÁNTICO",0,2024,"Mayo","tasas_2024_66.xlsx"
"722","Cuotas de Participación de Fondos de Mutuos","CRECER",0,2024,"Mayo","tasas_2024_66.xlsx"
"723","Cuotas de Participación de Fondos de Mutuos","JMMB_BDI",0,2024,"Mayo","tasas_2024_66.xlsx"
"724","Cuotas de Participación de Fondos de Mutuos","POPULAR",0,2024,"Mayo","tasas_2024_66.xlsx"
"725","Cuotas de Participación de Fondos de Mutuos","RESERVAS",0,2024,"Mayo","tasas_2024_66.xlsx"
"726","Cuotas de Participación de Fondos de Mutuos","ROMANA",0,2024,"Mayo","tasas_2024_66.xlsx"
"727","Cuotas de Participación de Fondos de Mutuos","SIEMBRA",0,2024,"Mayo","tasas_2024_66.xlsx"
"728","Cuotas de Participación de Fondos de Mutuos","TOTAL_CCI",0,2024,"Mayo","tasas_2024_66.xlsx"
"729","Cuotas de Participación de Fondos de Mutuos","RESERVAS-R3",0,2024,"Mayo","tasas_2024_66.xlsx"
"730","Cuotas de Participación de Fondos de Mutuos","BANCO_CENTRAL-R3",0,2024,"Mayo","tasas_2024_66.xlsx"
"731","Cuotas de Participación de Fondos de Mutuos","FONDO_DE_SOLIDARIDAD_SOCIAL",0,2024,"Mayo","tasas_2024_66.xlsx"
"732","Cuotas de Participación de Fondos de Mutuos","TOTAL_SISTEMA",0,2024,"Mayo","tasas_2024_66.xlsx"
"733","Letras BCRD2","ATLÁNTICO",0,2024,"Mayo","tasas_2024_66.xlsx"
"734","Letras BCRD2","CRECER",0,2024,"Mayo","tasas_2024_66.xlsx"
"735","Letras BCRD2","JMMB_BDI",0,2024,"Mayo","tasas_2024_66.xlsx"
"736","Letras BCRD2","POPULAR",0,2024,"Mayo","tasas_2024_66.xlsx"
"737","Letras BCRD2","RESERVAS",0,2024,"Mayo","tasas_2024_66.xlsx"
"738","Letras BCRD2","ROMANA",0,2024,"Mayo","tasas_2024_66.xlsx"
"739","Letras BCRD2","SIEMBRA",0,2024,"Mayo","tasas_2024_66.xlsx"
"740","Letras BCRD2","TOTAL_CCI",0,2024,"Mayo","tasas_2024_66.xlsx"
"741","Letras BCRD2","RESERVAS-R3",0,2024,"Mayo","tasas_2024_66.xlsx"
"742","Letras BCRD2","BANCO_CENTRAL-R3",0,2024,"Mayo","tasas_2024_66.xlsx"
"743","Letras BCRD2","FONDO_DE_SOLIDARIDAD_SOCIAL",0,2024,"Mayo","tasas_2024_66.xlsx"
"744","Letras BCRD2","TOTAL_SISTEMA",0,2024,"Mayo","tasas_2024_66.xlsx"
"745","Notas BCRD2","ATLÁNTICO",0.000619,2024,"Mayo","tasas_2024_66.xlsx"
"746","Notas BCRD2","CRECER",0.000861,2024,"Mayo","tasas_2024_66.xlsx"
"747","Notas BCRD2","JMMB_BDI",0.001068,2024,"Mayo","tasas_2024_66.xlsx"
"748","Notas BCRD2","POPULAR",0.001012,2024,"Mayo","tasas_2024_66.xlsx"
"749","Notas BCRD2","RESERVAS",0.000913,2024,"Mayo","tasas_2024_66.xlsx"
"750","Notas BCRD2","ROMANA",0.000964,2024,"Mayo","tasas_2024_66.xlsx"
"751","Notas BCRD2","SIEMBRA",0.001054,2024,"Mayo","tasas_2024_66.xlsx"
"752","Notas BCRD2","TOTAL_CCI",0.00098601224651195,2024,"Mayo","tasas_2024_66.xlsx"
"753","Notas BCRD2","RESERVAS-R3",0.000824,2024,"Mayo","tasas_2024_66.xlsx"
"754","Notas BCRD2","BANCO_CENTRAL-R3",0.001173,2024,"Mayo","tasas_2024_66.xlsx"
"755","Notas BCRD2","FONDO_DE_SOLIDARIDAD_SOCIAL",0.000897,2024,"Mayo","tasas_2024_66.xlsx"
"756","Notas BCRD2","TOTAL_SISTEMA",0.00099127284964143,2024,"Mayo","tasas_2024_66.xlsx"
"757","Valores representativos de capital emitidos por Fideicomisos de oferta pública5","ATLÁNTICO",0.002065,2024,"Mayo","tasas_2024_66.xlsx"
"758","Valores representativos de capital emitidos por Fideicomisos de oferta pública5","CRECER",0.002065,2024,"Mayo","tasas_2024_66.xlsx"
"759","Valores representativos de capital emitidos por Fideicomisos de oferta pública5","JMMB_BDI",0.002065,2024,"Mayo","tasas_2024_66.xlsx"
"760","Valores representativos de capital emitidos por Fideicomisos de oferta pública5","POPULAR",0.002065,2024,"Mayo","tasas_2024_66.xlsx"
"761","Valores representativos de capital emitidos por Fideicomisos de oferta pública5","RESERVAS",0.002065,2024,"Mayo","tasas_2024_66.xlsx"
"762","Valores representativos de capital emitidos por Fideicomisos de oferta pública5","ROMANA",0,2024,"Mayo","tasas_2024_66.xlsx"
"763","Valores representativos de capital emitidos por Fideicomisos de oferta pública5","SIEMBRA",0.002065,2024,"Mayo","tasas_2024_66.xlsx"
"764","Valores representativos de capital emitidos por Fideicomisos de oferta pública5","TOTAL_CCI",0.002065,2024,"Mayo","tasas_2024_66.xlsx"
"765","Valores representativos de capital emitidos por Fideicomisos de oferta pública5","RESERVAS-R3",0,2024,"Mayo","tasas_2024_66.xlsx"
"766","Valores representativos de capital emitidos por Fideicomisos de oferta pública5","BANCO_CENTRAL-R3",0,2024,"Mayo","tasas_2024_66.xlsx"
"767","Valores representativos de capital emitidos por Fideicomisos de oferta pública5","FONDO_DE_SOLIDARIDAD_SOCIAL",0,2024,"Mayo","tasas_2024_66.xlsx"
"768","Valores representativos de capital emitidos por Fideicomisos de oferta pública5","TOTAL_SISTEMA",0.002065,2024,"Mayo","tasas_2024_66.xlsx"
"769","Valores representativos de deuda emitidos por Fideicomisos de oferta pública","ATLÁNTICO",0.001182,2024,"Mayo","tasas_2024_66.xlsx"
"770","Valores representativos de deuda emitidos por Fideicomisos de oferta pública","CRECER",0.000956,2024,"Mayo","tasas_2024_66.xlsx"
"771","Valores representativos de deuda emitidos por Fideicomisos de oferta pública","JMMB_BDI",0.000925,2024,"Mayo","tasas_2024_66.xlsx"
"772","Valores representativos de deuda emitidos por Fideicomisos de oferta pública","POPULAR",0.00083,2024,"Mayo","tasas_2024_66.xlsx"
"773","Valores representativos de deuda emitidos por Fideicomisos de oferta pública","RESERVAS",0.001141,2024,"Mayo","tasas_2024_66.xlsx"
"774","Valores representativos de deuda emitidos por Fideicomisos de oferta pública","ROMANA",0,2024,"Mayo","tasas_2024_66.xlsx"
"775","Valores representativos de deuda emitidos por Fideicomisos de oferta pública","SIEMBRA",0.001147,2024,"Mayo","tasas_2024_66.xlsx"
"776","Valores representativos de deuda emitidos por Fideicomisos de oferta pública","TOTAL_CCI",0.000995708032130646,2024,"Mayo","tasas_2024_66.xlsx"
"777","Valores representativos de deuda emitidos por Fideicomisos de oferta pública","RESERVAS-R3",0.000505,2024,"Mayo","tasas_2024_66.xlsx"
"778","Valores representativos de deuda emitidos por Fideicomisos de oferta pública","BANCO_CENTRAL-R3",0,2024,"Mayo","tasas_2024_66.xlsx"
"779","Valores representativos de deuda emitidos por Fideicomisos de oferta pública","FONDO_DE_SOLIDARIDAD_SOCIAL",0.000505,2024,"Mayo","tasas_2024_66.xlsx"
"780","Valores representativos de deuda emitidos por Fideicomisos de oferta pública","TOTAL_SISTEMA",0.000992628161621062,2024,"Mayo","tasas_2024_66.xlsx"
"781","Acciones de oferta pública 6","ATLÁNTICO",0.00075,2024,"Junio","tasas_2024_66.xlsx"
"782","Acciones de oferta pública 6","CRECER",0.000729,2024,"Junio","tasas_2024_66.xlsx"
"783","Acciones de oferta pública 6","JMMB_BDI",0.00075,2024,"Junio","tasas_2024_66.xlsx"
"784","Acciones de oferta pública 6","POPULAR",0,2024,"Junio","tasas_2024_66.xlsx"
"785","Acciones de oferta pública 6","RESERVAS",0.00075,2024,"Junio","tasas_2024_66.xlsx"
"786","Acciones de oferta pública 6","ROMANA",0,2024,"Junio","tasas_2024_66.xlsx"
"787","Acciones de oferta pública 6","SIEMBRA",0.00075,2024,"Junio","tasas_2024_66.xlsx"
"788","Acciones de oferta pública 6","TOTAL_CCI",0.000742915372717149,2024,"Junio","tasas_2024_66.xlsx"
"789","Acciones de oferta pública 6","RESERVAS-R3",0,2024,"Junio","tasas_2024_66.xlsx"
"790","Acciones de oferta pública 6","BANCO_CENTRAL-R3",0.00075,2024,"Junio","tasas_2024_66.xlsx"
"791","Acciones de oferta pública 6","FONDO_DE_SOLIDARIDAD_SOCIAL",0,2024,"Junio","tasas_2024_66.xlsx"
"792","Acciones de oferta pública 6","TOTAL_SISTEMA",0.000742915424138737,2024,"Junio","tasas_2024_66.xlsx"
"793","Bonos Ministerio de Hacienda","ATLÁNTICO",0.000588,2024,"Junio","tasas_2024_66.xlsx"
"794","Bonos Ministerio de Hacienda","CRECER",0.000764,2024,"Junio","tasas_2024_66.xlsx"
"795","Bonos Ministerio de Hacienda","JMMB_BDI",0.000685,2024,"Junio","tasas_2024_66.xlsx"
"796","Bonos Ministerio de Hacienda","POPULAR",0.000744,2024,"Junio","tasas_2024_66.xlsx"
"797","Bonos Ministerio de Hacienda","RESERVAS",0.000734,2024,"Junio","tasas_2024_66.xlsx"
"798","Bonos Ministerio de Hacienda","ROMANA",0.000724,2024,"Junio","tasas_2024_66.xlsx"
"799","Bonos Ministerio de Hacienda","SIEMBRA",0.00069,2024,"Junio","tasas_2024_66.xlsx"
"800","Bonos Ministerio de Hacienda","TOTAL_CCI",0.000732135905082836,2024,"Junio","tasas_2024_66.xlsx"
"801","Bonos Ministerio de Hacienda","RESERVAS-R3",0.000682,2024,"Junio","tasas_2024_66.xlsx"
"802","Bonos Ministerio de Hacienda","BANCO_CENTRAL-R3",0.000692,2024,"Junio","tasas_2024_66.xlsx"
"803","Bonos Ministerio de Hacienda","FONDO_DE_SOLIDARIDAD_SOCIAL",0.000689,2024,"Junio","tasas_2024_66.xlsx"
"804","Bonos Ministerio de Hacienda","TOTAL_SISTEMA",0.000727056877781855,2024,"Junio","tasas_2024_66.xlsx"
"805","Bonos EIF 1","ATLÁNTICO",0.001041,2024,"Junio","tasas_2024_66.xlsx"
"806","Bonos EIF 1","CRECER",0.001013,2024,"Junio","tasas_2024_66.xlsx"
"807","Bonos EIF 1","JMMB_BDI",0.000991,2024,"Junio","tasas_2024_66.xlsx"
"808","Bonos EIF 1","POPULAR",0.001055,2024,"Junio","tasas_2024_66.xlsx"
"809","Bonos EIF 1","RESERVAS",0.001031,2024,"Junio","tasas_2024_66.xlsx"
"810","Bonos EIF 1","ROMANA",0.001,2024,"Junio","tasas_2024_66.xlsx"
"811","Bonos EIF 1","SIEMBRA",0.001067,2024,"Junio","tasas_2024_66.xlsx"
"812","Bonos EIF 1","TOTAL_CCI",0.00104701138951751,2024,"Junio","tasas_2024_66.xlsx"
"813","Bonos EIF 1","RESERVAS-R3",0.001129,2024,"Junio","tasas_2024_66.xlsx"
"814","Bonos EIF 1","BANCO_CENTRAL-R3",0.000952,2024,"Junio","tasas_2024_66.xlsx"
"815","Bonos EIF 1","FONDO_DE_SOLIDARIDAD_SOCIAL",0.001054,2024,"Junio","tasas_2024_66.xlsx"
"816","Bonos EIF 1","TOTAL_SISTEMA",0.00104806917274115,2024,"Junio","tasas_2024_66.xlsx"
"817","Bonos Empresas","ATLÁNTICO",0.001007,2024,"Junio","tasas_2024_66.xlsx"
"818","Bonos Empresas","CRECER",0.000959,2024,"Junio","tasas_2024_66.xlsx"
"819","Bonos Empresas","JMMB_BDI",0.001073,2024,"Junio","tasas_2024_66.xlsx"
"820","Bonos Empresas","POPULAR",0.000882,2024,"Junio","tasas_2024_66.xlsx"
"821","Bonos Empresas","RESERVAS",0.000819,2024,"Junio","tasas_2024_66.xlsx"
"822","Bonos Empresas","ROMANA",0,2024,"Junio","tasas_2024_66.xlsx"
"823","Bonos Empresas","SIEMBRA",0.000604,2024,"Junio","tasas_2024_66.xlsx"
"824","Bonos Empresas","TOTAL_CCI",0.000852314447796395,2024,"Junio","tasas_2024_66.xlsx"
"825","Bonos Empresas","RESERVAS-R3",0.000742,2024,"Junio","tasas_2024_66.xlsx"
"826","Bonos Empresas","BANCO_CENTRAL-R3",0.000892,2024,"Junio","tasas_2024_66.xlsx"
"827","Bonos Empresas","FONDO_DE_SOLIDARIDAD_SOCIAL",0.000667,2024,"Junio","tasas_2024_66.xlsx"
"828","Bonos Empresas","TOTAL_SISTEMA",0.000844000807473,2024,"Junio","tasas_2024_66.xlsx"
"829","Bonos de Hacienda para financiar desarrollo de  proyectos de infraestructura","ATLÁNTICO",0,2024,"Junio","tasas_2024_66.xlsx"
"830","Bonos de Hacienda para financiar desarrollo de  proyectos de infraestructura","CRECER",0.000857,2024,"Junio","tasas_2024_66.xlsx"
"831","Bonos de Hacienda para financiar desarrollo de  proyectos de infraestructura","JMMB_BDI",0,2024,"Junio","tasas_2024_66.xlsx"
"832","Bonos de Hacienda para financiar desarrollo de  proyectos de infraestructura","POPULAR",0.000873,2024,"Junio","tasas_2024_66.xlsx"
"833","Bonos de Hacienda para financiar desarrollo de  proyectos de infraestructura","RESERVAS",0.001029,2024,"Junio","tasas_2024_66.xlsx"
"834","Bonos de Hacienda para financiar desarrollo de  proyectos de infraestructura","ROMANA",0,2024,"Junio","tasas_2024_66.xlsx"
"835","Bonos de Hacienda para financiar desarrollo de  proyectos de infraestructura","SIEMBRA",0,2024,"Junio","tasas_2024_66.xlsx"
"836","Bonos de Hacienda para financiar desarrollo de  proyectos de infraestructura","TOTAL_CCI",0.000891243125324659,2024,"Junio","tasas_2024_66.xlsx"
"837","Bonos de Hacienda para financiar desarrollo de  proyectos de infraestructura","RESERVAS-R3",0,2024,"Junio","tasas_2024_66.xlsx"
"838","Bonos de Hacienda para financiar desarrollo de  proyectos de infraestructura","BANCO_CENTRAL-R3",0,2024,"Junio","tasas_2024_66.xlsx"
"839","Bonos de Hacienda para financiar desarrollo de  proyectos de infraestructura","FONDO_DE_SOLIDARIDAD_SOCIAL",0,2024,"Junio","tasas_2024_66.xlsx"
"840","Bonos de Hacienda para financiar desarrollo de  proyectos de infraestructura","TOTAL_SISTEMA",0.000891243125324659,2024,"Junio","tasas_2024_66.xlsx"
"841","Certificados de Depósito EIF1","ATLÁNTICO",0.00088,2024,"Junio","tasas_2024_66.xlsx"
"842","Certificados de Depósito EIF1","CRECER",0.001161,2024,"Junio","tasas_2024_66.xlsx"
"843","Certificados de Depósito EIF1","JMMB_BDI",0.001462,2024,"Junio","tasas_2024_66.xlsx"
"844","Certificados de Depósito EIF1","POPULAR",0.001411,2024,"Junio","tasas_2024_66.xlsx"
"845","Certificados de Depósito EIF1","RESERVAS",0.001021,2024,"Junio","tasas_2024_66.xlsx"
"846","Certificados de Depósito EIF1","ROMANA",0.001107,2024,"Junio","tasas_2024_66.xlsx"
"847","Certificados de Depósito EIF1","SIEMBRA",0.001238,2024,"Junio","tasas_2024_66.xlsx"
"848","Certificados de Depósito EIF1","TOTAL_CCI",0.00131318233297245,2024,"Junio","tasas_2024_66.xlsx"
"849","Certificados de Depósito EIF1","RESERVAS-R3",0.001222,2024,"Junio","tasas_2024_66.xlsx"
"850","Certificados de Depósito EIF1","BANCO_CENTRAL-R3",0.001215,2024,"Junio","tasas_2024_66.xlsx"
"851","Certificados de Depósito EIF1","FONDO_DE_SOLIDARIDAD_SOCIAL",0.001081,2024,"Junio","tasas_2024_66.xlsx"
"852","Certificados de Depósito EIF1","TOTAL_SISTEMA",0.00128456319586355,2024,"Junio","tasas_2024_66.xlsx"
"853","Certificados Inversión Especial BCRD2","ATLÁNTICO",0.000758,2024,"Junio","tasas_2024_66.xlsx"
"854","Certificados Inversión Especial BCRD2","CRECER",0,2024,"Junio","tasas_2024_66.xlsx"
"855","Certificados Inversión Especial BCRD2","JMMB_BDI",0.000558,2024,"Junio","tasas_2024_66.xlsx"
"856","Certificados Inversión Especial BCRD2","POPULAR",0.00105,2024,"Junio","tasas_2024_66.xlsx"
"857","Certificados Inversión Especial BCRD2","RESERVAS",0,2024,"Junio","tasas_2024_66.xlsx"
"858","Certificados Inversión Especial BCRD2","ROMANA",0.000756,2024,"Junio","tasas_2024_66.xlsx"
"859","Certificados Inversión Especial BCRD2","SIEMBRA",0,2024,"Junio","tasas_2024_66.xlsx"
"860","Certificados Inversión Especial BCRD2","TOTAL_CCI",0.000816535935391479,2024,"Junio","tasas_2024_66.xlsx"
"861","Certificados Inversión Especial BCRD2","RESERVAS-R3",0,2024,"Junio","tasas_2024_66.xlsx"
"862","Certificados Inversión Especial BCRD2","BANCO_CENTRAL-R3",0.00139,2024,"Junio","tasas_2024_66.xlsx"
"863","Certificados Inversión Especial BCRD2","FONDO_DE_SOLIDARIDAD_SOCIAL",0,2024,"Junio","tasas_2024_66.xlsx"
"864","Certificados Inversión Especial BCRD2","TOTAL_SISTEMA",0.00130073322444941,2024,"Junio","tasas_2024_66.xlsx"
"865","Cuotas de Participación de Fondos de Inversión4","ATLÁNTICO",0.001373,2024,"Junio","tasas_2024_66.xlsx"
"866","Cuotas de Participación de Fondos de Inversión4","CRECER",0.000665,2024,"Junio","tasas_2024_66.xlsx"
"867","Cuotas de Participación de Fondos de Inversión4","JMMB_BDI",0.000367,2024,"Junio","tasas_2024_66.xlsx"
"868","Cuotas de Participación de Fondos de Inversión4","POPULAR",0.001641,2024,"Junio","tasas_2024_66.xlsx"
"869","Cuotas de Participación de Fondos de Inversión4","RESERVAS",0.000935,2024,"Junio","tasas_2024_66.xlsx"
"870","Cuotas de Participación de Fondos de Inversión4","ROMANA",0,2024,"Junio","tasas_2024_66.xlsx"
"871","Cuotas de Participación de Fondos de Inversión4","SIEMBRA",0.00078,2024,"Junio","tasas_2024_66.xlsx"
"872","Cuotas de Participación de Fondos de Inversión4","TOTAL_CCI",0.00117440303333625,2024,"Junio","tasas_2024_66.xlsx"
"873","Cuotas de Participación de Fondos de Inversión4","RESERVAS-R3",0.000815,2024,"Junio","tasas_2024_66.xlsx"
"874","Cuotas de Participación de Fondos de Inversión4","BANCO_CENTRAL-R3",0,2024,"Junio","tasas_2024_66.xlsx"
"875","Cuotas de Participación de Fondos de Inversión4","FONDO_DE_SOLIDARIDAD_SOCIAL",0.000804,2024,"Junio","tasas_2024_66.xlsx"
"876","Cuotas de Participación de Fondos de Inversión4","TOTAL_SISTEMA",0.00112396455484868,2024,"Junio","tasas_2024_66.xlsx"
"877","Cuotas de Participación de Fondos de Mutuos","ATLÁNTICO",0,2024,"Junio","tasas_2024_66.xlsx"
"878","Cuotas de Participación de Fondos de Mutuos","CRECER",0,2024,"Junio","tasas_2024_66.xlsx"
"879","Cuotas de Participación de Fondos de Mutuos","JMMB_BDI",0,2024,"Junio","tasas_2024_66.xlsx"
"880","Cuotas de Participación de Fondos de Mutuos","POPULAR",0,2024,"Junio","tasas_2024_66.xlsx"
"881","Cuotas de Participación de Fondos de Mutuos","RESERVAS",0,2024,"Junio","tasas_2024_66.xlsx"
"882","Cuotas de Participación de Fondos de Mutuos","ROMANA",0,2024,"Junio","tasas_2024_66.xlsx"
"883","Cuotas de Participación de Fondos de Mutuos","SIEMBRA",0,2024,"Junio","tasas_2024_66.xlsx"
"884","Cuotas de Participación de Fondos de Mutuos","TOTAL_CCI",0,2024,"Junio","tasas_2024_66.xlsx"
"885","Cuotas de Participación de Fondos de Mutuos","RESERVAS-R3",0,2024,"Junio","tasas_2024_66.xlsx"
"886","Cuotas de Participación de Fondos de Mutuos","BANCO_CENTRAL-R3",0,2024,"Junio","tasas_2024_66.xlsx"
"887","Cuotas de Participación de Fondos de Mutuos","FONDO_DE_SOLIDARIDAD_SOCIAL",0,2024,"Junio","tasas_2024_66.xlsx"
"888","Cuotas de Participación de Fondos de Mutuos","TOTAL_SISTEMA",0,2024,"Junio","tasas_2024_66.xlsx"
"889","Letras BCRD2","ATLÁNTICO",0,2024,"Junio","tasas_2024_66.xlsx"
"890","Letras BCRD2","CRECER",0,2024,"Junio","tasas_2024_66.xlsx"
"891","Letras BCRD2","JMMB_BDI",0,2024,"Junio","tasas_2024_66.xlsx"
"892","Letras BCRD2","POPULAR",0,2024,"Junio","tasas_2024_66.xlsx"
"893","Letras BCRD2","RESERVAS",0,2024,"Junio","tasas_2024_66.xlsx"
"894","Letras BCRD2","ROMANA",0,2024,"Junio","tasas_2024_66.xlsx"
"895","Letras BCRD2","SIEMBRA",0,2024,"Junio","tasas_2024_66.xlsx"
"896","Letras BCRD2","TOTAL_CCI",0,2024,"Junio","tasas_2024_66.xlsx"
"897","Letras BCRD2","RESERVAS-R3",0,2024,"Junio","tasas_2024_66.xlsx"
"898","Letras BCRD2","BANCO_CENTRAL-R3",0,2024,"Junio","tasas_2024_66.xlsx"
"899","Letras BCRD2","FONDO_DE_SOLIDARIDAD_SOCIAL",0,2024,"Junio","tasas_2024_66.xlsx"
"900","Letras BCRD2","TOTAL_SISTEMA",0,2024,"Junio","tasas_2024_66.xlsx"
"901","Notas BCRD2","ATLÁNTICO",0.000685,2024,"Junio","tasas_2024_66.xlsx"
"902","Notas BCRD2","CRECER",0.000861,2024,"Junio","tasas_2024_66.xlsx"
"903","Notas BCRD2","JMMB_BDI",0.001094,2024,"Junio","tasas_2024_66.xlsx"
"904","Notas BCRD2","POPULAR",0.001011,2024,"Junio","tasas_2024_66.xlsx"
"905","Notas BCRD2","RESERVAS",0.000914,2024,"Junio","tasas_2024_66.xlsx"
"906","Notas BCRD2","ROMANA",0.000964,2024,"Junio","tasas_2024_66.xlsx"
"907","Notas BCRD2","SIEMBRA",0.001058,2024,"Junio","tasas_2024_66.xlsx"
"908","Notas BCRD2","TOTAL_CCI",0.00098971283314908,2024,"Junio","tasas_2024_66.xlsx"
"909","Notas BCRD2","RESERVAS-R3",0.000822,2024,"Junio","tasas_2024_66.xlsx"
"910","Notas BCRD2","BANCO_CENTRAL-R3",0.001169,2024,"Junio","tasas_2024_66.xlsx"
"911","Notas BCRD2","FONDO_DE_SOLIDARIDAD_SOCIAL",0.000898,2024,"Junio","tasas_2024_66.xlsx"
"912","Notas BCRD2","TOTAL_SISTEMA",0.000994407776080197,2024,"Junio","tasas_2024_66.xlsx"
"913","Valores representativos de capital emitidos por Fideicomisos de oferta pública5","ATLÁNTICO",0.002033,2024,"Junio","tasas_2024_66.xlsx"
"914","Valores representativos de capital emitidos por Fideicomisos de oferta pública5","CRECER",0.002033,2024,"Junio","tasas_2024_66.xlsx"
"915","Valores representativos de capital emitidos por Fideicomisos de oferta pública5","JMMB_BDI",0.002033,2024,"Junio","tasas_2024_66.xlsx"
"916","Valores representativos de capital emitidos por Fideicomisos de oferta pública5","POPULAR",0.002033,2024,"Junio","tasas_2024_66.xlsx"
"917","Valores representativos de capital emitidos por Fideicomisos de oferta pública5","RESERVAS",0.002033,2024,"Junio","tasas_2024_66.xlsx"
"918","Valores representativos de capital emitidos por Fideicomisos de oferta pública5","ROMANA",0,2024,"Junio","tasas_2024_66.xlsx"
"919","Valores representativos de capital emitidos por Fideicomisos de oferta pública5","SIEMBRA",0.002033,2024,"Junio","tasas_2024_66.xlsx"
"920","Valores representativos de capital emitidos por Fideicomisos de oferta pública5","TOTAL_CCI",0.002033,2024,"Junio","tasas_2024_66.xlsx"
"921","Valores representativos de capital emitidos por Fideicomisos de oferta pública5","RESERVAS-R3",0,2024,"Junio","tasas_2024_66.xlsx"
"922","Valores representativos de capital emitidos por Fideicomisos de oferta pública5","BANCO_CENTRAL-R3",0,2024,"Junio","tasas_2024_66.xlsx"
"923","Valores representativos de capital emitidos por Fideicomisos de oferta pública5","FONDO_DE_SOLIDARIDAD_SOCIAL",0,2024,"Junio","tasas_2024_66.xlsx"
"924","Valores representativos de capital emitidos por Fideicomisos de oferta pública5","TOTAL_SISTEMA",0.002033,2024,"Junio","tasas_2024_66.xlsx"
"925","Valores representativos de deuda emitidos por Fideicomisos de oferta pública","ATLÁNTICO",0.001181,2024,"Junio","tasas_2024_66.xlsx"
"926","Valores representativos de deuda emitidos por Fideicomisos de oferta pública","CRECER",0.000957,2024,"Junio","tasas_2024_66.xlsx"
"927","Valores representativos de deuda emitidos por Fideicomisos de oferta pública","JMMB_BDI",0.000925,2024,"Junio","tasas_2024_66.xlsx"
"928","Valores representativos de deuda emitidos por Fideicomisos de oferta pública","POPULAR",0.00083,2024,"Junio","tasas_2024_66.xlsx"
"929","Valores representativos de deuda emitidos por Fideicomisos de oferta pública","RESERVAS",0.001141,2024,"Junio","tasas_2024_66.xlsx"
"930","Valores representativos de deuda emitidos por Fideicomisos de oferta pública","ROMANA",0,2024,"Junio","tasas_2024_66.xlsx"
"931","Valores representativos de deuda emitidos por Fideicomisos de oferta pública","SIEMBRA",0.001148,2024,"Junio","tasas_2024_66.xlsx"
"932","Valores representativos de deuda emitidos por Fideicomisos de oferta pública","TOTAL_CCI",0.000998105549434252,2024,"Junio","tasas_2024_66.xlsx"
"933","Valores representativos de deuda emitidos por Fideicomisos de oferta pública","RESERVAS-R3",0.000505,2024,"Junio","tasas_2024_66.xlsx"
"934","Valores representativos de deuda emitidos por Fideicomisos de oferta pública","BANCO_CENTRAL-R3",0,2024,"Junio","tasas_2024_66.xlsx"
"935","Valores representativos de deuda emitidos por Fideicomisos de oferta pública","FONDO_DE_SOLIDARIDAD_SOCIAL",0.000505,2024,"Junio","tasas_2024_66.xlsx"
"936","Valores representativos de deuda emitidos por Fideicomisos de oferta pública","TOTAL_SISTEMA",0.000994942933943625,2024,"Junio","tasas_2024_66.xlsx"
"937","Acciones de oferta pública 6","ATLÁNTICO",0.00075,2024,"Julio","tasas_2024_66.xlsx"
"938","Acciones de oferta pública 6","CRECER",0.000729,2024,"Julio","tasas_2024_66.xlsx"
"939","Acciones de oferta pública 6","JMMB_BDI",0.00075,2024,"Julio","tasas_2024_66.xlsx"
"940","Acciones de oferta pública 6","POPULAR",0,2024,"Julio","tasas_2024_66.xlsx"
"941","Acciones de oferta pública 6","RESERVAS",0.00075,2024,"Julio","tasas_2024_66.xlsx"
"942","Acciones de oferta pública 6","ROMANA",0,2024,"Julio","tasas_2024_66.xlsx"
"943","Acciones de oferta pública 6","SIEMBRA",0.00075,2024,"Julio","tasas_2024_66.xlsx"
"944","Acciones de oferta pública 6","TOTAL_CCI",0.000742915372717149,2024,"Julio","tasas_2024_66.xlsx"
"945","Acciones de oferta pública 6","RESERVAS-R3",0,2024,"Julio","tasas_2024_66.xlsx"
"946","Acciones de oferta pública 6","BANCO_CENTRAL-R3",0.00075,2024,"Julio","tasas_2024_66.xlsx"
"947","Acciones de oferta pública 6","FONDO_DE_SOLIDARIDAD_SOCIAL",0,2024,"Julio","tasas_2024_66.xlsx"
"948","Acciones de oferta pública 6","TOTAL_SISTEMA",0.000742915424138737,2024,"Julio","tasas_2024_66.xlsx"
"949","Bonos Ministerio de Hacienda","ATLÁNTICO",6e-04,2024,"Julio","tasas_2024_66.xlsx"
"950","Bonos Ministerio de Hacienda","CRECER",0.000771,2024,"Julio","tasas_2024_66.xlsx"
"951","Bonos Ministerio de Hacienda","JMMB_BDI",0.000625,2024,"Julio","tasas_2024_66.xlsx"
"952","Bonos Ministerio de Hacienda","POPULAR",0.000727,2024,"Julio","tasas_2024_66.xlsx"
"953","Bonos Ministerio de Hacienda","RESERVAS",0.000736,2024,"Julio","tasas_2024_66.xlsx"
"954","Bonos Ministerio de Hacienda","ROMANA",0.000725,2024,"Julio","tasas_2024_66.xlsx"
"955","Bonos Ministerio de Hacienda","SIEMBRA",0.000692,2024,"Julio","tasas_2024_66.xlsx"
"956","Bonos Ministerio de Hacienda","TOTAL_CCI",0.000728976991578232,2024,"Julio","tasas_2024_66.xlsx"
"957","Bonos Ministerio de Hacienda","RESERVAS-R3",0.00069,2024,"Julio","tasas_2024_66.xlsx"
"958","Bonos Ministerio de Hacienda","BANCO_CENTRAL-R3",0.000694,2024,"Julio","tasas_2024_66.xlsx"
"959","Bonos Ministerio de Hacienda","FONDO_DE_SOLIDARIDAD_SOCIAL",0.00069,2024,"Julio","tasas_2024_66.xlsx"
"960","Bonos Ministerio de Hacienda","TOTAL_SISTEMA",0.000724605807284245,2024,"Julio","tasas_2024_66.xlsx"
"961","Bonos EIF 1","ATLÁNTICO",0.001041,2024,"Julio","tasas_2024_66.xlsx"
"962","Bonos EIF 1","CRECER",0.001013,2024,"Julio","tasas_2024_66.xlsx"
"963","Bonos EIF 1","JMMB_BDI",0.00099,2024,"Julio","tasas_2024_66.xlsx"
"964","Bonos EIF 1","POPULAR",0.001053,2024,"Julio","tasas_2024_66.xlsx"
"965","Bonos EIF 1","RESERVAS",0.001029,2024,"Julio","tasas_2024_66.xlsx"
"966","Bonos EIF 1","ROMANA",0.001,2024,"Julio","tasas_2024_66.xlsx"
"967","Bonos EIF 1","SIEMBRA",0.001065,2024,"Julio","tasas_2024_66.xlsx"
"968","Bonos EIF 1","TOTAL_CCI",0.001045323506383,2024,"Julio","tasas_2024_66.xlsx"
"969","Bonos EIF 1","RESERVAS-R3",0.001126,2024,"Julio","tasas_2024_66.xlsx"
"970","Bonos EIF 1","BANCO_CENTRAL-R3",0.000952,2024,"Julio","tasas_2024_66.xlsx"
"971","Bonos EIF 1","FONDO_DE_SOLIDARIDAD_SOCIAL",0.001052,2024,"Julio","tasas_2024_66.xlsx"
"972","Bonos EIF 1","TOTAL_SISTEMA",0.00104634531123115,2024,"Julio","tasas_2024_66.xlsx"
"973","Bonos Empresas","ATLÁNTICO",0.001009,2024,"Julio","tasas_2024_66.xlsx"
"974","Bonos Empresas","CRECER",0.00096,2024,"Julio","tasas_2024_66.xlsx"
"975","Bonos Empresas","JMMB_BDI",0.001074,2024,"Julio","tasas_2024_66.xlsx"
"976","Bonos Empresas","POPULAR",0.000883,2024,"Julio","tasas_2024_66.xlsx"
"977","Bonos Empresas","RESERVAS",0.00082,2024,"Julio","tasas_2024_66.xlsx"
"978","Bonos Empresas","ROMANA",0,2024,"Julio","tasas_2024_66.xlsx"
"979","Bonos Empresas","SIEMBRA",0.000604,2024,"Julio","tasas_2024_66.xlsx"
"980","Bonos Empresas","TOTAL_CCI",0.000853216929289545,2024,"Julio","tasas_2024_66.xlsx"
"981","Bonos Empresas","RESERVAS-R3",0.000743,2024,"Julio","tasas_2024_66.xlsx"
"982","Bonos Empresas","BANCO_CENTRAL-R3",0.000892,2024,"Julio","tasas_2024_66.xlsx"
"983","Bonos Empresas","FONDO_DE_SOLIDARIDAD_SOCIAL",0.000666,2024,"Julio","tasas_2024_66.xlsx"
"984","Bonos Empresas","TOTAL_SISTEMA",0.0008448054770551,2024,"Julio","tasas_2024_66.xlsx"
"985","Bonos de Hacienda para financiar desarrollo de  proyectos de infraestructura","ATLÁNTICO",0,2024,"Julio","tasas_2024_66.xlsx"
"986","Bonos de Hacienda para financiar desarrollo de  proyectos de infraestructura","CRECER",0.000857,2024,"Julio","tasas_2024_66.xlsx"
"987","Bonos de Hacienda para financiar desarrollo de  proyectos de infraestructura","JMMB_BDI",0,2024,"Julio","tasas_2024_66.xlsx"
"988","Bonos de Hacienda para financiar desarrollo de  proyectos de infraestructura","POPULAR",0.000873,2024,"Julio","tasas_2024_66.xlsx"
"989","Bonos de Hacienda para financiar desarrollo de  proyectos de infraestructura","RESERVAS",0.001029,2024,"Julio","tasas_2024_66.xlsx"
"990","Bonos de Hacienda para financiar desarrollo de  proyectos de infraestructura","ROMANA",0,2024,"Julio","tasas_2024_66.xlsx"
"991","Bonos de Hacienda para financiar desarrollo de  proyectos de infraestructura","SIEMBRA",0,2024,"Julio","tasas_2024_66.xlsx"
"992","Bonos de Hacienda para financiar desarrollo de  proyectos de infraestructura","TOTAL_CCI",0.000891285168619067,2024,"Julio","tasas_2024_66.xlsx"
"993","Bonos de Hacienda para financiar desarrollo de  proyectos de infraestructura","RESERVAS-R3",0,2024,"Julio","tasas_2024_66.xlsx"
"994","Bonos de Hacienda para financiar desarrollo de  proyectos de infraestructura","BANCO_CENTRAL-R3",0,2024,"Julio","tasas_2024_66.xlsx"
"995","Bonos de Hacienda para financiar desarrollo de  proyectos de infraestructura","FONDO_DE_SOLIDARIDAD_SOCIAL",0,2024,"Julio","tasas_2024_66.xlsx"
"996","Bonos de Hacienda para financiar desarrollo de  proyectos de infraestructura","TOTAL_SISTEMA",0.000891285168619067,2024,"Julio","tasas_2024_66.xlsx"
"997","Certificados de Depósito EIF1","ATLÁNTICO",0.001293,2024,"Julio","tasas_2024_66.xlsx"
"998","Certificados de Depósito EIF1","CRECER",0.001119,2024,"Julio","tasas_2024_66.xlsx"
"999","Certificados de Depósito EIF1","JMMB_BDI",0.001487,2024,"Julio","tasas_2024_66.xlsx"
"1000","Certificados de Depósito EIF1","POPULAR",0.001388,2024,"Julio","tasas_2024_66.xlsx"
"1001","Certificados de Depósito EIF1","RESERVAS",0.001143,2024,"Julio","tasas_2024_66.xlsx"
"1002","Certificados de Depósito EIF1","ROMANA",0.001276,2024,"Julio","tasas_2024_66.xlsx"
"1003","Certificados de Depósito EIF1","SIEMBRA",0.001228,2024,"Julio","tasas_2024_66.xlsx"
"1004","Certificados de Depósito EIF1","TOTAL_CCI",0.00130649051742839,2024,"Julio","tasas_2024_66.xlsx"
"1005","Certificados de Depósito EIF1","RESERVAS-R3",0.001188,2024,"Julio","tasas_2024_66.xlsx"
"1006","Certificados de Depósito EIF1","BANCO_CENTRAL-R3",0.001225,2024,"Julio","tasas_2024_66.xlsx"
"1007","Certificados de Depósito EIF1","FONDO_DE_SOLIDARIDAD_SOCIAL",0.001278,2024,"Julio","tasas_2024_66.xlsx"
"1008","Certificados de Depósito EIF1","TOTAL_SISTEMA",0.00129840726352229,2024,"Julio","tasas_2024_66.xlsx"
"1009","Certificados Inversión Especial BCRD2","ATLÁNTICO",0.000758,2024,"Julio","tasas_2024_66.xlsx"
"1010","Certificados Inversión Especial BCRD2","CRECER",0,2024,"Julio","tasas_2024_66.xlsx"
"1011","Certificados Inversión Especial BCRD2","JMMB_BDI",0.000558,2024,"Julio","tasas_2024_66.xlsx"
"1012","Certificados Inversión Especial BCRD2","POPULAR",0.00105,2024,"Julio","tasas_2024_66.xlsx"
"1013","Certificados Inversión Especial BCRD2","RESERVAS",0,2024,"Julio","tasas_2024_66.xlsx"
"1014","Certificados Inversión Especial BCRD2","ROMANA",0.000756,2024,"Julio","tasas_2024_66.xlsx"
"1015","Certificados Inversión Especial BCRD2","SIEMBRA",0,2024,"Julio","tasas_2024_66.xlsx"
"1016","Certificados Inversión Especial BCRD2","TOTAL_CCI",0.000816456083292208,2024,"Julio","tasas_2024_66.xlsx"
"1017","Certificados Inversión Especial BCRD2","RESERVAS-R3",0,2024,"Julio","tasas_2024_66.xlsx"
"1018","Certificados Inversión Especial BCRD2","BANCO_CENTRAL-R3",0.001418,2024,"Julio","tasas_2024_66.xlsx"
"1019","Certificados Inversión Especial BCRD2","FONDO_DE_SOLIDARIDAD_SOCIAL",0,2024,"Julio","tasas_2024_66.xlsx"
"1020","Certificados Inversión Especial BCRD2","TOTAL_SISTEMA",0.00132307172372785,2024,"Julio","tasas_2024_66.xlsx"
"1021","Cuotas de Participación de Fondos de Inversión4","ATLÁNTICO",0.001381,2024,"Julio","tasas_2024_66.xlsx"
"1022","Cuotas de Participación de Fondos de Inversión4","CRECER",0.000645,2024,"Julio","tasas_2024_66.xlsx"
"1023","Cuotas de Participación de Fondos de Inversión4","JMMB_BDI",0.000423,2024,"Julio","tasas_2024_66.xlsx"
"1024","Cuotas de Participación de Fondos de Inversión4","POPULAR",0.001584,2024,"Julio","tasas_2024_66.xlsx"
"1025","Cuotas de Participación de Fondos de Inversión4","RESERVAS",0.000906,2024,"Julio","tasas_2024_66.xlsx"
"1026","Cuotas de Participación de Fondos de Inversión4","ROMANA",0,2024,"Julio","tasas_2024_66.xlsx"
"1027","Cuotas de Participación de Fondos de Inversión4","SIEMBRA",0.000773,2024,"Julio","tasas_2024_66.xlsx"
"1028","Cuotas de Participación de Fondos de Inversión4","TOTAL_CCI",0.00114506032641355,2024,"Julio","tasas_2024_66.xlsx"
"1029","Cuotas de Participación de Fondos de Inversión4","RESERVAS-R3",0.000835,2024,"Julio","tasas_2024_66.xlsx"
"1030","Cuotas de Participación de Fondos de Inversión4","BANCO_CENTRAL-R3",0,2024,"Julio","tasas_2024_66.xlsx"
"1031","Cuotas de Participación de Fondos de Inversión4","FONDO_DE_SOLIDARIDAD_SOCIAL",0.000787,2024,"Julio","tasas_2024_66.xlsx"
"1032","Cuotas de Participación de Fondos de Inversión4","TOTAL_SISTEMA",0.00109734697249181,2024,"Julio","tasas_2024_66.xlsx"
"1033","Cuotas de Participación de Fondos de Mutuos","ATLÁNTICO",0,2024,"Julio","tasas_2024_66.xlsx"
"1034","Cuotas de Participación de Fondos de Mutuos","CRECER",0,2024,"Julio","tasas_2024_66.xlsx"
"1035","Cuotas de Participación de Fondos de Mutuos","JMMB_BDI",0,2024,"Julio","tasas_2024_66.xlsx"
"1036","Cuotas de Participación de Fondos de Mutuos","POPULAR",0,2024,"Julio","tasas_2024_66.xlsx"
"1037","Cuotas de Participación de Fondos de Mutuos","RESERVAS",0,2024,"Julio","tasas_2024_66.xlsx"
"1038","Cuotas de Participación de Fondos de Mutuos","ROMANA",0,2024,"Julio","tasas_2024_66.xlsx"
"1039","Cuotas de Participación de Fondos de Mutuos","SIEMBRA",0,2024,"Julio","tasas_2024_66.xlsx"
"1040","Cuotas de Participación de Fondos de Mutuos","TOTAL_CCI",0,2024,"Julio","tasas_2024_66.xlsx"
"1041","Cuotas de Participación de Fondos de Mutuos","RESERVAS-R3",0,2024,"Julio","tasas_2024_66.xlsx"
"1042","Cuotas de Participación de Fondos de Mutuos","BANCO_CENTRAL-R3",0,2024,"Julio","tasas_2024_66.xlsx"
"1043","Cuotas de Participación de Fondos de Mutuos","FONDO_DE_SOLIDARIDAD_SOCIAL",0,2024,"Julio","tasas_2024_66.xlsx"
"1044","Cuotas de Participación de Fondos de Mutuos","TOTAL_SISTEMA",0,2024,"Julio","tasas_2024_66.xlsx"
"1045","Letras BCRD2","ATLÁNTICO",0,2024,"Julio","tasas_2024_66.xlsx"
"1046","Letras BCRD2","CRECER",0,2024,"Julio","tasas_2024_66.xlsx"
"1047","Letras BCRD2","JMMB_BDI",0,2024,"Julio","tasas_2024_66.xlsx"
"1048","Letras BCRD2","POPULAR",0,2024,"Julio","tasas_2024_66.xlsx"
"1049","Letras BCRD2","RESERVAS",0,2024,"Julio","tasas_2024_66.xlsx"
"1050","Letras BCRD2","ROMANA",0,2024,"Julio","tasas_2024_66.xlsx"
"1051","Letras BCRD2","SIEMBRA",0,2024,"Julio","tasas_2024_66.xlsx"
"1052","Letras BCRD2","TOTAL_CCI",0,2024,"Julio","tasas_2024_66.xlsx"
"1053","Letras BCRD2","RESERVAS-R3",0,2024,"Julio","tasas_2024_66.xlsx"
"1054","Letras BCRD2","BANCO_CENTRAL-R3",0,2024,"Julio","tasas_2024_66.xlsx"
"1055","Letras BCRD2","FONDO_DE_SOLIDARIDAD_SOCIAL",0,2024,"Julio","tasas_2024_66.xlsx"
"1056","Letras BCRD2","TOTAL_SISTEMA",0,2024,"Julio","tasas_2024_66.xlsx"
"1057","Notas BCRD2","ATLÁNTICO",0.000686,2024,"Julio","tasas_2024_66.xlsx"
"1058","Notas BCRD2","CRECER",0.000861,2024,"Julio","tasas_2024_66.xlsx"
"1059","Notas BCRD2","JMMB_BDI",0.001107,2024,"Julio","tasas_2024_66.xlsx"
"1060","Notas BCRD2","POPULAR",0.001012,2024,"Julio","tasas_2024_66.xlsx"
"1061","Notas BCRD2","RESERVAS",0.00092,2024,"Julio","tasas_2024_66.xlsx"
"1062","Notas BCRD2","ROMANA",0.000964,2024,"Julio","tasas_2024_66.xlsx"
"1063","Notas BCRD2","SIEMBRA",0.001058,2024,"Julio","tasas_2024_66.xlsx"
"1064","Notas BCRD2","TOTAL_CCI",0.000991318186236967,2024,"Julio","tasas_2024_66.xlsx"
"1065","Notas BCRD2","RESERVAS-R3",0.000824,2024,"Julio","tasas_2024_66.xlsx"
"1066","Notas BCRD2","BANCO_CENTRAL-R3",0.001169,2024,"Julio","tasas_2024_66.xlsx"
"1067","Notas BCRD2","FONDO_DE_SOLIDARIDAD_SOCIAL",0.000896,2024,"Julio","tasas_2024_66.xlsx"
"1068","Notas BCRD2","TOTAL_SISTEMA",0.000996033141012904,2024,"Julio","tasas_2024_66.xlsx"
"1069","Valores representativos de capital emitidos por Fideicomisos de oferta pública5","ATLÁNTICO",0.001561,2024,"Julio","tasas_2024_66.xlsx"
"1070","Valores representativos de capital emitidos por Fideicomisos de oferta pública5","CRECER",0.001561,2024,"Julio","tasas_2024_66.xlsx"
"1071","Valores representativos de capital emitidos por Fideicomisos de oferta pública5","JMMB_BDI",0.001561,2024,"Julio","tasas_2024_66.xlsx"
"1072","Valores representativos de capital emitidos por Fideicomisos de oferta pública5","POPULAR",0.001561,2024,"Julio","tasas_2024_66.xlsx"
"1073","Valores representativos de capital emitidos por Fideicomisos de oferta pública5","RESERVAS",0.001561,2024,"Julio","tasas_2024_66.xlsx"
"1074","Valores representativos de capital emitidos por Fideicomisos de oferta pública5","ROMANA",0,2024,"Julio","tasas_2024_66.xlsx"
"1075","Valores representativos de capital emitidos por Fideicomisos de oferta pública5","SIEMBRA",0.001561,2024,"Julio","tasas_2024_66.xlsx"
"1076","Valores representativos de capital emitidos por Fideicomisos de oferta pública5","TOTAL_CCI",0.001561,2024,"Julio","tasas_2024_66.xlsx"
"1077","Valores representativos de capital emitidos por Fideicomisos de oferta pública5","RESERVAS-R3",0,2024,"Julio","tasas_2024_66.xlsx"
"1078","Valores representativos de capital emitidos por Fideicomisos de oferta pública5","BANCO_CENTRAL-R3",0,2024,"Julio","tasas_2024_66.xlsx"
"1079","Valores representativos de capital emitidos por Fideicomisos de oferta pública5","FONDO_DE_SOLIDARIDAD_SOCIAL",0,2024,"Julio","tasas_2024_66.xlsx"
"1080","Valores representativos de capital emitidos por Fideicomisos de oferta pública5","TOTAL_SISTEMA",0.001561,2024,"Julio","tasas_2024_66.xlsx"
"1081","Valores representativos de deuda emitidos por Fideicomisos de oferta pública","ATLÁNTICO",0.001181,2024,"Julio","tasas_2024_66.xlsx"
"1082","Valores representativos de deuda emitidos por Fideicomisos de oferta pública","CRECER",0.000957,2024,"Julio","tasas_2024_66.xlsx"
"1083","Valores representativos de deuda emitidos por Fideicomisos de oferta pública","JMMB_BDI",0.000925,2024,"Julio","tasas_2024_66.xlsx"
"1084","Valores representativos de deuda emitidos por Fideicomisos de oferta pública","POPULAR",0.00083,2024,"Julio","tasas_2024_66.xlsx"
"1085","Valores representativos de deuda emitidos por Fideicomisos de oferta pública","RESERVAS",0.00114,2024,"Julio","tasas_2024_66.xlsx"
"1086","Valores representativos de deuda emitidos por Fideicomisos de oferta pública","ROMANA",0,2024,"Julio","tasas_2024_66.xlsx"
"1087","Valores representativos de deuda emitidos por Fideicomisos de oferta pública","SIEMBRA",0.001148,2024,"Julio","tasas_2024_66.xlsx"
"1088","Valores representativos de deuda emitidos por Fideicomisos de oferta pública","TOTAL_CCI",0.000996503625978525,2024,"Julio","tasas_2024_66.xlsx"
"1089","Valores representativos de deuda emitidos por Fideicomisos de oferta pública","RESERVAS-R3",0.000505,2024,"Julio","tasas_2024_66.xlsx"
"1090","Valores representativos de deuda emitidos por Fideicomisos de oferta pública","BANCO_CENTRAL-R3",0,2024,"Julio","tasas_2024_66.xlsx"
"1091","Valores representativos de deuda emitidos por Fideicomisos de oferta pública","FONDO_DE_SOLIDARIDAD_SOCIAL",0.000505,2024,"Julio","tasas_2024_66.xlsx"
"1092","Valores representativos de deuda emitidos por Fideicomisos de oferta pública","TOTAL_SISTEMA",0.000993553800904229,2024,"Julio","tasas_2024_66.xlsx"
"1093","Acciones de oferta pública 6","ATLÁNTICO",0.00075,2024,"Agosto","tasas_2024_66.xlsx"
"1094","Acciones de oferta pública 6","CRECER",0.000729,2024,"Agosto","tasas_2024_66.xlsx"
"1095","Acciones de oferta pública 6","JMMB_BDI",0.00075,2024,"Agosto","tasas_2024_66.xlsx"
"1096","Acciones de oferta pública 6","POPULAR",0,2024,"Agosto","tasas_2024_66.xlsx"
"1097","Acciones de oferta pública 6","RESERVAS",0.00075,2024,"Agosto","tasas_2024_66.xlsx"
"1098","Acciones de oferta pública 6","ROMANA",0,2024,"Agosto","tasas_2024_66.xlsx"
"1099","Acciones de oferta pública 6","SIEMBRA",0.00075,2024,"Agosto","tasas_2024_66.xlsx"
"1100","Acciones de oferta pública 6","TOTAL_CCI",0.000742915372717149,2024,"Agosto","tasas_2024_66.xlsx"
"1101","Acciones de oferta pública 6","RESERVAS-R3",0,2024,"Agosto","tasas_2024_66.xlsx"
"1102","Acciones de oferta pública 6","BANCO_CENTRAL-R3",0.00075,2024,"Agosto","tasas_2024_66.xlsx"
"1103","Acciones de oferta pública 6","FONDO_DE_SOLIDARIDAD_SOCIAL",0,2024,"Agosto","tasas_2024_66.xlsx"
"1104","Acciones de oferta pública 6","TOTAL_SISTEMA",0.000742915424138737,2024,"Agosto","tasas_2024_66.xlsx"
"1105","Bonos Ministerio de Hacienda","ATLÁNTICO",0.000595,2024,"Agosto","tasas_2024_66.xlsx"
"1106","Bonos Ministerio de Hacienda","CRECER",0.000769,2024,"Agosto","tasas_2024_66.xlsx"
"1107","Bonos Ministerio de Hacienda","JMMB_BDI",0.000683,2024,"Agosto","tasas_2024_66.xlsx"
"1108","Bonos Ministerio de Hacienda","POPULAR",0.000727,2024,"Agosto","tasas_2024_66.xlsx"
"1109","Bonos Ministerio de Hacienda","RESERVAS",0.00074,2024,"Agosto","tasas_2024_66.xlsx"
"1110","Bonos Ministerio de Hacienda","ROMANA",0.000742,2024,"Agosto","tasas_2024_66.xlsx"
"1111","Bonos Ministerio de Hacienda","SIEMBRA",0.000692,2024,"Agosto","tasas_2024_66.xlsx"
"1112","Bonos Ministerio de Hacienda","TOTAL_CCI",0.000729635295187426,2024,"Agosto","tasas_2024_66.xlsx"
"1113","Bonos Ministerio de Hacienda","RESERVAS-R3",0.000694,2024,"Agosto","tasas_2024_66.xlsx"
"1114","Bonos Ministerio de Hacienda","BANCO_CENTRAL-R3",0.000693,2024,"Agosto","tasas_2024_66.xlsx"
"1115","Bonos Ministerio de Hacienda","FONDO_DE_SOLIDARIDAD_SOCIAL",0.000689,2024,"Agosto","tasas_2024_66.xlsx"
"1116","Bonos Ministerio de Hacienda","TOTAL_SISTEMA",0.000725180608146224,2024,"Agosto","tasas_2024_66.xlsx"
"1117","Bonos EIF 1","ATLÁNTICO",0.00104,2024,"Agosto","tasas_2024_66.xlsx"
"1118","Bonos EIF 1","CRECER",0.001013,2024,"Agosto","tasas_2024_66.xlsx"
"1119","Bonos EIF 1","JMMB_BDI",0.00099,2024,"Agosto","tasas_2024_66.xlsx"
"1120","Bonos EIF 1","POPULAR",0.001054,2024,"Agosto","tasas_2024_66.xlsx"
"1121","Bonos EIF 1","RESERVAS",0.00103,2024,"Agosto","tasas_2024_66.xlsx"
"1122","Bonos EIF 1","ROMANA",0.001,2024,"Agosto","tasas_2024_66.xlsx"
"1123","Bonos EIF 1","SIEMBRA",0.001066,2024,"Agosto","tasas_2024_66.xlsx"
"1124","Bonos EIF 1","TOTAL_CCI",0.00104617772461315,2024,"Agosto","tasas_2024_66.xlsx"
"1125","Bonos EIF 1","RESERVAS-R3",0.001126,2024,"Agosto","tasas_2024_66.xlsx"
"1126","Bonos EIF 1","BANCO_CENTRAL-R3",0.000953,2024,"Agosto","tasas_2024_66.xlsx"
"1127","Bonos EIF 1","FONDO_DE_SOLIDARIDAD_SOCIAL",0.001052,2024,"Agosto","tasas_2024_66.xlsx"
"1128","Bonos EIF 1","TOTAL_SISTEMA",0.00104715440644896,2024,"Agosto","tasas_2024_66.xlsx"
"1129","Bonos Empresas","ATLÁNTICO",0.001008,2024,"Agosto","tasas_2024_66.xlsx"
"1130","Bonos Empresas","CRECER",0.000959,2024,"Agosto","tasas_2024_66.xlsx"
"1131","Bonos Empresas","JMMB_BDI",0.001073,2024,"Agosto","tasas_2024_66.xlsx"
"1132","Bonos Empresas","POPULAR",0.000882,2024,"Agosto","tasas_2024_66.xlsx"
"1133","Bonos Empresas","RESERVAS",0.00082,2024,"Agosto","tasas_2024_66.xlsx"
"1134","Bonos Empresas","ROMANA",0,2024,"Agosto","tasas_2024_66.xlsx"
"1135","Bonos Empresas","SIEMBRA",0.000605,2024,"Agosto","tasas_2024_66.xlsx"
"1136","Bonos Empresas","TOTAL_CCI",0.000852555473287756,2024,"Agosto","tasas_2024_66.xlsx"
"1137","Bonos Empresas","RESERVAS-R3",0.000744,2024,"Agosto","tasas_2024_66.xlsx"
"1138","Bonos Empresas","BANCO_CENTRAL-R3",0.00089,2024,"Agosto","tasas_2024_66.xlsx"
"1139","Bonos Empresas","FONDO_DE_SOLIDARIDAD_SOCIAL",0.000667,2024,"Agosto","tasas_2024_66.xlsx"
"1140","Bonos Empresas","TOTAL_SISTEMA",0.000844180461272422,2024,"Agosto","tasas_2024_66.xlsx"
"1141","Bonos de Hacienda para financiar desarrollo de  proyectos de infraestructura","ATLÁNTICO",0,2024,"Agosto","tasas_2024_66.xlsx"
"1142","Bonos de Hacienda para financiar desarrollo de  proyectos de infraestructura","CRECER",0.000857,2024,"Agosto","tasas_2024_66.xlsx"
"1143","Bonos de Hacienda para financiar desarrollo de  proyectos de infraestructura","JMMB_BDI",0,2024,"Agosto","tasas_2024_66.xlsx"
"1144","Bonos de Hacienda para financiar desarrollo de  proyectos de infraestructura","POPULAR",0.000873,2024,"Agosto","tasas_2024_66.xlsx"
"1145","Bonos de Hacienda para financiar desarrollo de  proyectos de infraestructura","RESERVAS",0.001028,2024,"Agosto","tasas_2024_66.xlsx"
"1146","Bonos de Hacienda para financiar desarrollo de  proyectos de infraestructura","ROMANA",0,2024,"Agosto","tasas_2024_66.xlsx"
"1147","Bonos de Hacienda para financiar desarrollo de  proyectos de infraestructura","SIEMBRA",0,2024,"Agosto","tasas_2024_66.xlsx"
"1148","Bonos de Hacienda para financiar desarrollo de  proyectos de infraestructura","TOTAL_CCI",0.000890953306021373,2024,"Agosto","tasas_2024_66.xlsx"
"1149","Bonos de Hacienda para financiar desarrollo de  proyectos de infraestructura","RESERVAS-R3",0,2024,"Agosto","tasas_2024_66.xlsx"
"1150","Bonos de Hacienda para financiar desarrollo de  proyectos de infraestructura","BANCO_CENTRAL-R3",0,2024,"Agosto","tasas_2024_66.xlsx"
"1151","Bonos de Hacienda para financiar desarrollo de  proyectos de infraestructura","FONDO_DE_SOLIDARIDAD_SOCIAL",0,2024,"Agosto","tasas_2024_66.xlsx"
"1152","Bonos de Hacienda para financiar desarrollo de  proyectos de infraestructura","TOTAL_SISTEMA",0.000890953306021373,2024,"Agosto","tasas_2024_66.xlsx"
"1153","Certificados de Depósito EIF1","ATLÁNTICO",0.000918,2024,"Agosto","tasas_2024_66.xlsx"
"1154","Certificados de Depósito EIF1","CRECER",0.001204,2024,"Agosto","tasas_2024_66.xlsx"
"1155","Certificados de Depósito EIF1","JMMB_BDI",0.001332,2024,"Agosto","tasas_2024_66.xlsx"
"1156","Certificados de Depósito EIF1","POPULAR",0.001308,2024,"Agosto","tasas_2024_66.xlsx"
"1157","Certificados de Depósito EIF1","RESERVAS",0.001152,2024,"Agosto","tasas_2024_66.xlsx"
"1158","Certificados de Depósito EIF1","ROMANA",0.001277,2024,"Agosto","tasas_2024_66.xlsx"
"1159","Certificados de Depósito EIF1","SIEMBRA",0.00124,2024,"Agosto","tasas_2024_66.xlsx"
"1160","Certificados de Depósito EIF1","TOTAL_CCI",0.00125529823667407,2024,"Agosto","tasas_2024_66.xlsx"
"1161","Certificados de Depósito EIF1","RESERVAS-R3",0.00124,2024,"Agosto","tasas_2024_66.xlsx"
"1162","Certificados de Depósito EIF1","BANCO_CENTRAL-R3",0.001259,2024,"Agosto","tasas_2024_66.xlsx"
"1163","Certificados de Depósito EIF1","FONDO_DE_SOLIDARIDAD_SOCIAL",0.001265,2024,"Agosto","tasas_2024_66.xlsx"
"1164","Certificados de Depósito EIF1","TOTAL_SISTEMA",0.00125567538878512,2024,"Agosto","tasas_2024_66.xlsx"
"1165","Certificados Inversión Especial BCRD2","ATLÁNTICO",0.000758,2024,"Agosto","tasas_2024_66.xlsx"
"1166","Certificados Inversión Especial BCRD2","CRECER",0,2024,"Agosto","tasas_2024_66.xlsx"
"1167","Certificados Inversión Especial BCRD2","JMMB_BDI",0.000558,2024,"Agosto","tasas_2024_66.xlsx"
"1168","Certificados Inversión Especial BCRD2","POPULAR",0.00105,2024,"Agosto","tasas_2024_66.xlsx"
"1169","Certificados Inversión Especial BCRD2","RESERVAS",0,2024,"Agosto","tasas_2024_66.xlsx"
"1170","Certificados Inversión Especial BCRD2","ROMANA",0.000758,2024,"Agosto","tasas_2024_66.xlsx"
"1171","Certificados Inversión Especial BCRD2","SIEMBRA",0,2024,"Agosto","tasas_2024_66.xlsx"
"1172","Certificados Inversión Especial BCRD2","TOTAL_CCI",0.000833806184807786,2024,"Agosto","tasas_2024_66.xlsx"
"1173","Certificados Inversión Especial BCRD2","RESERVAS-R3",0,2024,"Agosto","tasas_2024_66.xlsx"
"1174","Certificados Inversión Especial BCRD2","BANCO_CENTRAL-R3",0.00141,2024,"Agosto","tasas_2024_66.xlsx"
"1175","Certificados Inversión Especial BCRD2","FONDO_DE_SOLIDARIDAD_SOCIAL",0,2024,"Agosto","tasas_2024_66.xlsx"
"1176","Certificados Inversión Especial BCRD2","TOTAL_SISTEMA",0.00133604897165559,2024,"Agosto","tasas_2024_66.xlsx"
"1177","Cuotas de Participación de Fondos de Inversión4","ATLÁNTICO",0.001361,2024,"Agosto","tasas_2024_66.xlsx"
"1178","Cuotas de Participación de Fondos de Inversión4","CRECER",0.000669,2024,"Agosto","tasas_2024_66.xlsx"
"1179","Cuotas de Participación de Fondos de Inversión4","JMMB_BDI",0.000405,2024,"Agosto","tasas_2024_66.xlsx"
"1180","Cuotas de Participación de Fondos de Inversión4","POPULAR",0.001747,2024,"Agosto","tasas_2024_66.xlsx"
"1181","Cuotas de Participación de Fondos de Inversión4","RESERVAS",0.000908,2024,"Agosto","tasas_2024_66.xlsx"
"1182","Cuotas de Participación de Fondos de Inversión4","ROMANA",0,2024,"Agosto","tasas_2024_66.xlsx"
"1183","Cuotas de Participación de Fondos de Inversión4","SIEMBRA",0.000906,2024,"Agosto","tasas_2024_66.xlsx"
"1184","Cuotas de Participación de Fondos de Inversión4","TOTAL_CCI",0.00125076020243201,2024,"Agosto","tasas_2024_66.xlsx"
"1185","Cuotas de Participación de Fondos de Inversión4","RESERVAS-R3",0.000836,2024,"Agosto","tasas_2024_66.xlsx"
"1186","Cuotas de Participación de Fondos de Inversión4","BANCO_CENTRAL-R3",0,2024,"Agosto","tasas_2024_66.xlsx"
"1187","Cuotas de Participación de Fondos de Inversión4","FONDO_DE_SOLIDARIDAD_SOCIAL",0.00078,2024,"Agosto","tasas_2024_66.xlsx"
"1188","Cuotas de Participación de Fondos de Inversión4","TOTAL_SISTEMA",0.00118573797884073,2024,"Agosto","tasas_2024_66.xlsx"
"1189","Cuotas de Participación de Fondos de Mutuos","ATLÁNTICO",0,2024,"Agosto","tasas_2024_66.xlsx"
"1190","Cuotas de Participación de Fondos de Mutuos","CRECER",0,2024,"Agosto","tasas_2024_66.xlsx"
"1191","Cuotas de Participación de Fondos de Mutuos","JMMB_BDI",0,2024,"Agosto","tasas_2024_66.xlsx"
"1192","Cuotas de Participación de Fondos de Mutuos","POPULAR",0,2024,"Agosto","tasas_2024_66.xlsx"
"1193","Cuotas de Participación de Fondos de Mutuos","RESERVAS",0,2024,"Agosto","tasas_2024_66.xlsx"
"1194","Cuotas de Participación de Fondos de Mutuos","ROMANA",0,2024,"Agosto","tasas_2024_66.xlsx"
"1195","Cuotas de Participación de Fondos de Mutuos","SIEMBRA",0,2024,"Agosto","tasas_2024_66.xlsx"
"1196","Cuotas de Participación de Fondos de Mutuos","TOTAL_CCI",0,2024,"Agosto","tasas_2024_66.xlsx"
"1197","Cuotas de Participación de Fondos de Mutuos","RESERVAS-R3",0,2024,"Agosto","tasas_2024_66.xlsx"
"1198","Cuotas de Participación de Fondos de Mutuos","BANCO_CENTRAL-R3",0,2024,"Agosto","tasas_2024_66.xlsx"
"1199","Cuotas de Participación de Fondos de Mutuos","FONDO_DE_SOLIDARIDAD_SOCIAL",0,2024,"Agosto","tasas_2024_66.xlsx"
"1200","Cuotas de Participación de Fondos de Mutuos","TOTAL_SISTEMA",0,2024,"Agosto","tasas_2024_66.xlsx"
"1201","Letras BCRD2","ATLÁNTICO",0,2024,"Agosto","tasas_2024_66.xlsx"
"1202","Letras BCRD2","CRECER",0,2024,"Agosto","tasas_2024_66.xlsx"
"1203","Letras BCRD2","JMMB_BDI",0,2024,"Agosto","tasas_2024_66.xlsx"
"1204","Letras BCRD2","POPULAR",0,2024,"Agosto","tasas_2024_66.xlsx"
"1205","Letras BCRD2","RESERVAS",0,2024,"Agosto","tasas_2024_66.xlsx"
"1206","Letras BCRD2","ROMANA",0,2024,"Agosto","tasas_2024_66.xlsx"
"1207","Letras BCRD2","SIEMBRA",0,2024,"Agosto","tasas_2024_66.xlsx"
"1208","Letras BCRD2","TOTAL_CCI",0,2024,"Agosto","tasas_2024_66.xlsx"
"1209","Letras BCRD2","RESERVAS-R3",0,2024,"Agosto","tasas_2024_66.xlsx"
"1210","Letras BCRD2","BANCO_CENTRAL-R3",0,2024,"Agosto","tasas_2024_66.xlsx"
"1211","Letras BCRD2","FONDO_DE_SOLIDARIDAD_SOCIAL",0,2024,"Agosto","tasas_2024_66.xlsx"
"1212","Letras BCRD2","TOTAL_SISTEMA",0,2024,"Agosto","tasas_2024_66.xlsx"
"1213","Notas BCRD2","ATLÁNTICO",0.000691,2024,"Agosto","tasas_2024_66.xlsx"
"1214","Notas BCRD2","CRECER",0.000859,2024,"Agosto","tasas_2024_66.xlsx"
"1215","Notas BCRD2","JMMB_BDI",0.001109,2024,"Agosto","tasas_2024_66.xlsx"
"1216","Notas BCRD2","POPULAR",0.001012,2024,"Agosto","tasas_2024_66.xlsx"
"1217","Notas BCRD2","RESERVAS",0.000921,2024,"Agosto","tasas_2024_66.xlsx"
"1218","Notas BCRD2","ROMANA",0.000948,2024,"Agosto","tasas_2024_66.xlsx"
"1219","Notas BCRD2","SIEMBRA",0.001056,2024,"Agosto","tasas_2024_66.xlsx"
"1220","Notas BCRD2","TOTAL_CCI",0.000990883618735097,2024,"Agosto","tasas_2024_66.xlsx"
"1221","Notas BCRD2","RESERVAS-R3",0.000825,2024,"Agosto","tasas_2024_66.xlsx"
"1222","Notas BCRD2","BANCO_CENTRAL-R3",0.00117,2024,"Agosto","tasas_2024_66.xlsx"
"1223","Notas BCRD2","FONDO_DE_SOLIDARIDAD_SOCIAL",0.000897,2024,"Agosto","tasas_2024_66.xlsx"
"1224","Notas BCRD2","TOTAL_SISTEMA",0.000995798520480562,2024,"Agosto","tasas_2024_66.xlsx"
"1225","Valores representativos de capital emitidos por Fideicomisos de oferta pública5","ATLÁNTICO",0.001231,2024,"Agosto","tasas_2024_66.xlsx"
"1226","Valores representativos de capital emitidos por Fideicomisos de oferta pública5","CRECER",0.001231,2024,"Agosto","tasas_2024_66.xlsx"
"1227","Valores representativos de capital emitidos por Fideicomisos de oferta pública5","JMMB_BDI",0.001231,2024,"Agosto","tasas_2024_66.xlsx"
"1228","Valores representativos de capital emitidos por Fideicomisos de oferta pública5","POPULAR",0.001231,2024,"Agosto","tasas_2024_66.xlsx"
"1229","Valores representativos de capital emitidos por Fideicomisos de oferta pública5","RESERVAS",0.001231,2024,"Agosto","tasas_2024_66.xlsx"
"1230","Valores representativos de capital emitidos por Fideicomisos de oferta pública5","ROMANA",0,2024,"Agosto","tasas_2024_66.xlsx"
"1231","Valores representativos de capital emitidos por Fideicomisos de oferta pública5","SIEMBRA",0.001231,2024,"Agosto","tasas_2024_66.xlsx"
"1232","Valores representativos de capital emitidos por Fideicomisos de oferta pública5","TOTAL_CCI",0.001231,2024,"Agosto","tasas_2024_66.xlsx"
"1233","Valores representativos de capital emitidos por Fideicomisos de oferta pública5","RESERVAS-R3",0,2024,"Agosto","tasas_2024_66.xlsx"
"1234","Valores representativos de capital emitidos por Fideicomisos de oferta pública5","BANCO_CENTRAL-R3",0,2024,"Agosto","tasas_2024_66.xlsx"
"1235","Valores representativos de capital emitidos por Fideicomisos de oferta pública5","FONDO_DE_SOLIDARIDAD_SOCIAL",0,2024,"Agosto","tasas_2024_66.xlsx"
"1236","Valores representativos de capital emitidos por Fideicomisos de oferta pública5","TOTAL_SISTEMA",0.001231,2024,"Agosto","tasas_2024_66.xlsx"
"1237","Valores representativos de deuda emitidos por Fideicomisos de oferta pública","ATLÁNTICO",0.001179,2024,"Agosto","tasas_2024_66.xlsx"
"1238","Valores representativos de deuda emitidos por Fideicomisos de oferta pública","CRECER",0.000956,2024,"Agosto","tasas_2024_66.xlsx"
"1239","Valores representativos de deuda emitidos por Fideicomisos de oferta pública","JMMB_BDI",0.000925,2024,"Agosto","tasas_2024_66.xlsx"
"1240","Valores representativos de deuda emitidos por Fideicomisos de oferta pública","POPULAR",0.00083,2024,"Agosto","tasas_2024_66.xlsx"
"1241","Valores representativos de deuda emitidos por Fideicomisos de oferta pública","RESERVAS",0.001142,2024,"Agosto","tasas_2024_66.xlsx"
"1242","Valores representativos de deuda emitidos por Fideicomisos de oferta pública","ROMANA",0,2024,"Agosto","tasas_2024_66.xlsx"
"1243","Valores representativos de deuda emitidos por Fideicomisos de oferta pública","SIEMBRA",0.001148,2024,"Agosto","tasas_2024_66.xlsx"
"1244","Valores representativos de deuda emitidos por Fideicomisos de oferta pública","TOTAL_CCI",0.00099940721000899,2024,"Agosto","tasas_2024_66.xlsx"
"1245","Valores representativos de deuda emitidos por Fideicomisos de oferta pública","RESERVAS-R3",0.000505,2024,"Agosto","tasas_2024_66.xlsx"
"1246","Valores representativos de deuda emitidos por Fideicomisos de oferta pública","BANCO_CENTRAL-R3",0,2024,"Agosto","tasas_2024_66.xlsx"
"1247","Valores representativos de deuda emitidos por Fideicomisos de oferta pública","FONDO_DE_SOLIDARIDAD_SOCIAL",0.001132,2024,"Agosto","tasas_2024_66.xlsx"
"1248","Valores representativos de deuda emitidos por Fideicomisos de oferta pública","TOTAL_SISTEMA",0.00100380169139406,2024,"Agosto","tasas_2024_66.xlsx"
"1249","Acciones de oferta pública 6","ATLÁNTICO",0.00075,2024,"Septiembre","tasas_2024_66.xlsx"
"1250","Acciones de oferta pública 6","CRECER",0.000729,2024,"Septiembre","tasas_2024_66.xlsx"
"1251","Acciones de oferta pública 6","JMMB_BDI",0.00075,2024,"Septiembre","tasas_2024_66.xlsx"
"1252","Acciones de oferta pública 6","POPULAR",0,2024,"Septiembre","tasas_2024_66.xlsx"
"1253","Acciones de oferta pública 6","RESERVAS",0.00075,2024,"Septiembre","tasas_2024_66.xlsx"
"1254","Acciones de oferta pública 6","ROMANA",0,2024,"Septiembre","tasas_2024_66.xlsx"
"1255","Acciones de oferta pública 6","SIEMBRA",0.00075,2024,"Septiembre","tasas_2024_66.xlsx"
"1256","Acciones de oferta pública 6","TOTAL_CCI",0.000742915372717149,2024,"Septiembre","tasas_2024_66.xlsx"
"1257","Acciones de oferta pública 6","RESERVAS-R3",0,2024,"Septiembre","tasas_2024_66.xlsx"
"1258","Acciones de oferta pública 6","BANCO_CENTRAL-R3",0.00075,2024,"Septiembre","tasas_2024_66.xlsx"
"1259","Acciones de oferta pública 6","FONDO_DE_SOLIDARIDAD_SOCIAL",0,2024,"Septiembre","tasas_2024_66.xlsx"
"1260","Acciones de oferta pública 6","TOTAL_SISTEMA",0.000742915424138737,2024,"Septiembre","tasas_2024_66.xlsx"
"1261","Bonos Ministerio de Hacienda","ATLÁNTICO",6e-04,2024,"Septiembre","tasas_2024_66.xlsx"
"1262","Bonos Ministerio de Hacienda","CRECER",0.000756,2024,"Septiembre","tasas_2024_66.xlsx"
"1263","Bonos Ministerio de Hacienda","JMMB_BDI",0.00066,2024,"Septiembre","tasas_2024_66.xlsx"
"1264","Bonos Ministerio de Hacienda","POPULAR",0.000701,2024,"Septiembre","tasas_2024_66.xlsx"
"1265","Bonos Ministerio de Hacienda","RESERVAS",0.000738,2024,"Septiembre","tasas_2024_66.xlsx"
"1266","Bonos Ministerio de Hacienda","ROMANA",0.000743,2024,"Septiembre","tasas_2024_66.xlsx"
"1267","Bonos Ministerio de Hacienda","SIEMBRA",0.00061,2024,"Septiembre","tasas_2024_66.xlsx"
"1268","Bonos Ministerio de Hacienda","TOTAL_CCI",0.000705574242756466,2024,"Septiembre","tasas_2024_66.xlsx"
"1269","Bonos Ministerio de Hacienda","RESERVAS-R3",0.000692,2024,"Septiembre","tasas_2024_66.xlsx"
"1270","Bonos Ministerio de Hacienda","BANCO_CENTRAL-R3",0.000694,2024,"Septiembre","tasas_2024_66.xlsx"
"1271","Bonos Ministerio de Hacienda","FONDO_DE_SOLIDARIDAD_SOCIAL",0.000685,2024,"Septiembre","tasas_2024_66.xlsx"
"1272","Bonos Ministerio de Hacienda","TOTAL_SISTEMA",0.000703371751063946,2024,"Septiembre","tasas_2024_66.xlsx"
"1273","Bonos EIF 1","ATLÁNTICO",0.001003,2024,"Septiembre","tasas_2024_66.xlsx"
"1274","Bonos EIF 1","CRECER",0.001013,2024,"Septiembre","tasas_2024_66.xlsx"
"1275","Bonos EIF 1","JMMB_BDI",0.000988,2024,"Septiembre","tasas_2024_66.xlsx"
"1276","Bonos EIF 1","POPULAR",0.001056,2024,"Septiembre","tasas_2024_66.xlsx"
"1277","Bonos EIF 1","RESERVAS",0.001028,2024,"Septiembre","tasas_2024_66.xlsx"
"1278","Bonos EIF 1","ROMANA",0.001,2024,"Septiembre","tasas_2024_66.xlsx"
"1279","Bonos EIF 1","SIEMBRA",0.001069,2024,"Septiembre","tasas_2024_66.xlsx"
"1280","Bonos EIF 1","TOTAL_CCI",0.00104714449718273,2024,"Septiembre","tasas_2024_66.xlsx"
"1281","Bonos EIF 1","RESERVAS-R3",0.001126,2024,"Septiembre","tasas_2024_66.xlsx"
"1282","Bonos EIF 1","BANCO_CENTRAL-R3",0.000953,2024,"Septiembre","tasas_2024_66.xlsx"
"1283","Bonos EIF 1","FONDO_DE_SOLIDARIDAD_SOCIAL",0.001053,2024,"Septiembre","tasas_2024_66.xlsx"
"1284","Bonos EIF 1","TOTAL_SISTEMA",0.00104812117575289,2024,"Septiembre","tasas_2024_66.xlsx"
"1285","Bonos Empresas","ATLÁNTICO",0.001007,2024,"Septiembre","tasas_2024_66.xlsx"
"1286","Bonos Empresas","CRECER",0.000959,2024,"Septiembre","tasas_2024_66.xlsx"
"1287","Bonos Empresas","JMMB_BDI",0.001075,2024,"Septiembre","tasas_2024_66.xlsx"
"1288","Bonos Empresas","POPULAR",0.000881,2024,"Septiembre","tasas_2024_66.xlsx"
"1289","Bonos Empresas","RESERVAS",0.000857,2024,"Septiembre","tasas_2024_66.xlsx"
"1290","Bonos Empresas","ROMANA",0,2024,"Septiembre","tasas_2024_66.xlsx"
"1291","Bonos Empresas","SIEMBRA",0.000605,2024,"Septiembre","tasas_2024_66.xlsx"
"1292","Bonos Empresas","TOTAL_CCI",0.000858283970217979,2024,"Septiembre","tasas_2024_66.xlsx"
"1293","Bonos Empresas","RESERVAS-R3",0.000892,2024,"Septiembre","tasas_2024_66.xlsx"
"1294","Bonos Empresas","BANCO_CENTRAL-R3",0.000884,2024,"Septiembre","tasas_2024_66.xlsx"
"1295","Bonos Empresas","FONDO_DE_SOLIDARIDAD_SOCIAL",0.000684,2024,"Septiembre","tasas_2024_66.xlsx"
"1296","Bonos Empresas","TOTAL_SISTEMA",0.000852663539754534,2024,"Septiembre","tasas_2024_66.xlsx"
"1297","Bonos de Hacienda para financiar desarrollo de  proyectos de infraestructura","ATLÁNTICO",0,2024,"Septiembre","tasas_2024_66.xlsx"
"1298","Bonos de Hacienda para financiar desarrollo de  proyectos de infraestructura","CRECER",0.000857,2024,"Septiembre","tasas_2024_66.xlsx"
"1299","Bonos de Hacienda para financiar desarrollo de  proyectos de infraestructura","JMMB_BDI",0,2024,"Septiembre","tasas_2024_66.xlsx"
"1300","Bonos de Hacienda para financiar desarrollo de  proyectos de infraestructura","POPULAR",0.000873,2024,"Septiembre","tasas_2024_66.xlsx"
"1301","Bonos de Hacienda para financiar desarrollo de  proyectos de infraestructura","RESERVAS",0.001028,2024,"Septiembre","tasas_2024_66.xlsx"
"1302","Bonos de Hacienda para financiar desarrollo de  proyectos de infraestructura","ROMANA",0,2024,"Septiembre","tasas_2024_66.xlsx"
"1303","Bonos de Hacienda para financiar desarrollo de  proyectos de infraestructura","SIEMBRA",0,2024,"Septiembre","tasas_2024_66.xlsx"
"1304","Bonos de Hacienda para financiar desarrollo de  proyectos de infraestructura","TOTAL_CCI",0.000890992436392623,2024,"Septiembre","tasas_2024_66.xlsx"
"1305","Bonos de Hacienda para financiar desarrollo de  proyectos de infraestructura","RESERVAS-R3",0,2024,"Septiembre","tasas_2024_66.xlsx"
"1306","Bonos de Hacienda para financiar desarrollo de  proyectos de infraestructura","BANCO_CENTRAL-R3",0,2024,"Septiembre","tasas_2024_66.xlsx"
"1307","Bonos de Hacienda para financiar desarrollo de  proyectos de infraestructura","FONDO_DE_SOLIDARIDAD_SOCIAL",0,2024,"Septiembre","tasas_2024_66.xlsx"
"1308","Bonos de Hacienda para financiar desarrollo de  proyectos de infraestructura","TOTAL_SISTEMA",0.000890992436392623,2024,"Septiembre","tasas_2024_66.xlsx"
"1309","Certificados de Depósito EIF1","ATLÁNTICO",0.000957,2024,"Septiembre","tasas_2024_66.xlsx"
"1310","Certificados de Depósito EIF1","CRECER",0.001047,2024,"Septiembre","tasas_2024_66.xlsx"
"1311","Certificados de Depósito EIF1","JMMB_BDI",0.001159,2024,"Septiembre","tasas_2024_66.xlsx"
"1312","Certificados de Depósito EIF1","POPULAR",0.001252,2024,"Septiembre","tasas_2024_66.xlsx"
"1313","Certificados de Depósito EIF1","RESERVAS",0.001195,2024,"Septiembre","tasas_2024_66.xlsx"
"1314","Certificados de Depósito EIF1","ROMANA",0.001281,2024,"Septiembre","tasas_2024_66.xlsx"
"1315","Certificados de Depósito EIF1","SIEMBRA",0.001248,2024,"Septiembre","tasas_2024_66.xlsx"
"1316","Certificados de Depósito EIF1","TOTAL_CCI",0.00123528983284163,2024,"Septiembre","tasas_2024_66.xlsx"
"1317","Certificados de Depósito EIF1","RESERVAS-R3",0.00123,2024,"Septiembre","tasas_2024_66.xlsx"
"1318","Certificados de Depósito EIF1","BANCO_CENTRAL-R3",0.001282,2024,"Septiembre","tasas_2024_66.xlsx"
"1319","Certificados de Depósito EIF1","FONDO_DE_SOLIDARIDAD_SOCIAL",0.001227,2024,"Septiembre","tasas_2024_66.xlsx"
"1320","Certificados de Depósito EIF1","TOTAL_SISTEMA",0.00123547183179563,2024,"Septiembre","tasas_2024_66.xlsx"
"1321","Certificados Inversión Especial BCRD2","ATLÁNTICO",0.000758,2024,"Septiembre","tasas_2024_66.xlsx"
"1322","Certificados Inversión Especial BCRD2","CRECER",0,2024,"Septiembre","tasas_2024_66.xlsx"
"1323","Certificados Inversión Especial BCRD2","JMMB_BDI",0.000558,2024,"Septiembre","tasas_2024_66.xlsx"
"1324","Certificados Inversión Especial BCRD2","POPULAR",0.00105,2024,"Septiembre","tasas_2024_66.xlsx"
"1325","Certificados Inversión Especial BCRD2","RESERVAS",0,2024,"Septiembre","tasas_2024_66.xlsx"
"1326","Certificados Inversión Especial BCRD2","ROMANA",0.000758,2024,"Septiembre","tasas_2024_66.xlsx"
"1327","Certificados Inversión Especial BCRD2","SIEMBRA",0,2024,"Septiembre","tasas_2024_66.xlsx"
"1328","Certificados Inversión Especial BCRD2","TOTAL_CCI",0.00083371775875066,2024,"Septiembre","tasas_2024_66.xlsx"
"1329","Certificados Inversión Especial BCRD2","RESERVAS-R3",0,2024,"Septiembre","tasas_2024_66.xlsx"
"1330","Certificados Inversión Especial BCRD2","BANCO_CENTRAL-R3",0.001419,2024,"Septiembre","tasas_2024_66.xlsx"
"1331","Certificados Inversión Especial BCRD2","FONDO_DE_SOLIDARIDAD_SOCIAL",0,2024,"Septiembre","tasas_2024_66.xlsx"
"1332","Certificados Inversión Especial BCRD2","TOTAL_SISTEMA",0.00134281333016036,2024,"Septiembre","tasas_2024_66.xlsx"
"1333","Cuotas de Participación de Fondos de Inversión4","ATLÁNTICO",0.001182,2024,"Septiembre","tasas_2024_66.xlsx"
"1334","Cuotas de Participación de Fondos de Inversión4","CRECER",0.000507,2024,"Septiembre","tasas_2024_66.xlsx"
"1335","Cuotas de Participación de Fondos de Inversión4","JMMB_BDI",0.000433,2024,"Septiembre","tasas_2024_66.xlsx"
"1336","Cuotas de Participación de Fondos de Inversión4","POPULAR",0.001558,2024,"Septiembre","tasas_2024_66.xlsx"
"1337","Cuotas de Participación de Fondos de Inversión4","RESERVAS",0.000871,2024,"Septiembre","tasas_2024_66.xlsx"
"1338","Cuotas de Participación de Fondos de Inversión4","ROMANA",0,2024,"Septiembre","tasas_2024_66.xlsx"
"1339","Cuotas de Participación de Fondos de Inversión4","SIEMBRA",0.000744,2024,"Septiembre","tasas_2024_66.xlsx"
"1340","Cuotas de Participación de Fondos de Inversión4","TOTAL_CCI",0.00108098493724074,2024,"Septiembre","tasas_2024_66.xlsx"
"1341","Cuotas de Participación de Fondos de Inversión4","RESERVAS-R3",0.000827,2024,"Septiembre","tasas_2024_66.xlsx"
"1342","Cuotas de Participación de Fondos de Inversión4","BANCO_CENTRAL-R3",0,2024,"Septiembre","tasas_2024_66.xlsx"
"1343","Cuotas de Participación de Fondos de Inversión4","FONDO_DE_SOLIDARIDAD_SOCIAL",0.000782,2024,"Septiembre","tasas_2024_66.xlsx"
"1344","Cuotas de Participación de Fondos de Inversión4","TOTAL_SISTEMA",0.00104244800141967,2024,"Septiembre","tasas_2024_66.xlsx"
"1345","Cuotas de Participación de Fondos de Mutuos","ATLÁNTICO",0,2024,"Septiembre","tasas_2024_66.xlsx"
"1346","Cuotas de Participación de Fondos de Mutuos","CRECER",0,2024,"Septiembre","tasas_2024_66.xlsx"
"1347","Cuotas de Participación de Fondos de Mutuos","JMMB_BDI",0,2024,"Septiembre","tasas_2024_66.xlsx"
"1348","Cuotas de Participación de Fondos de Mutuos","POPULAR",0,2024,"Septiembre","tasas_2024_66.xlsx"
"1349","Cuotas de Participación de Fondos de Mutuos","RESERVAS",0,2024,"Septiembre","tasas_2024_66.xlsx"
"1350","Cuotas de Participación de Fondos de Mutuos","ROMANA",0,2024,"Septiembre","tasas_2024_66.xlsx"
"1351","Cuotas de Participación de Fondos de Mutuos","SIEMBRA",0,2024,"Septiembre","tasas_2024_66.xlsx"
"1352","Cuotas de Participación de Fondos de Mutuos","TOTAL_CCI",0,2024,"Septiembre","tasas_2024_66.xlsx"
"1353","Cuotas de Participación de Fondos de Mutuos","RESERVAS-R3",0,2024,"Septiembre","tasas_2024_66.xlsx"
"1354","Cuotas de Participación de Fondos de Mutuos","BANCO_CENTRAL-R3",0,2024,"Septiembre","tasas_2024_66.xlsx"
"1355","Cuotas de Participación de Fondos de Mutuos","FONDO_DE_SOLIDARIDAD_SOCIAL",0,2024,"Septiembre","tasas_2024_66.xlsx"
"1356","Cuotas de Participación de Fondos de Mutuos","TOTAL_SISTEMA",0,2024,"Septiembre","tasas_2024_66.xlsx"
"1357","Letras BCRD2","ATLÁNTICO",0,2024,"Septiembre","tasas_2024_66.xlsx"
"1358","Letras BCRD2","CRECER",0,2024,"Septiembre","tasas_2024_66.xlsx"
"1359","Letras BCRD2","JMMB_BDI",0,2024,"Septiembre","tasas_2024_66.xlsx"
"1360","Letras BCRD2","POPULAR",0,2024,"Septiembre","tasas_2024_66.xlsx"
"1361","Letras BCRD2","RESERVAS",0,2024,"Septiembre","tasas_2024_66.xlsx"
"1362","Letras BCRD2","ROMANA",0,2024,"Septiembre","tasas_2024_66.xlsx"
"1363","Letras BCRD2","SIEMBRA",0,2024,"Septiembre","tasas_2024_66.xlsx"
"1364","Letras BCRD2","TOTAL_CCI",0,2024,"Septiembre","tasas_2024_66.xlsx"
"1365","Letras BCRD2","RESERVAS-R3",0,2024,"Septiembre","tasas_2024_66.xlsx"
"1366","Letras BCRD2","BANCO_CENTRAL-R3",0,2024,"Septiembre","tasas_2024_66.xlsx"
"1367","Letras BCRD2","FONDO_DE_SOLIDARIDAD_SOCIAL",0,2024,"Septiembre","tasas_2024_66.xlsx"
"1368","Letras BCRD2","TOTAL_SISTEMA",0,2024,"Septiembre","tasas_2024_66.xlsx"
"1369","Notas BCRD2","ATLÁNTICO",0.000705,2024,"Septiembre","tasas_2024_66.xlsx"
"1370","Notas BCRD2","CRECER",0.000861,2024,"Septiembre","tasas_2024_66.xlsx"
"1371","Notas BCRD2","JMMB_BDI",0.00109,2024,"Septiembre","tasas_2024_66.xlsx"
"1372","Notas BCRD2","POPULAR",0.000992,2024,"Septiembre","tasas_2024_66.xlsx"
"1373","Notas BCRD2","RESERVAS",0.000928,2024,"Septiembre","tasas_2024_66.xlsx"
"1374","Notas BCRD2","ROMANA",0.000943,2024,"Septiembre","tasas_2024_66.xlsx"
"1375","Notas BCRD2","SIEMBRA",0.000961,2024,"Septiembre","tasas_2024_66.xlsx"
"1376","Notas BCRD2","TOTAL_CCI",0.000957936040898124,2024,"Septiembre","tasas_2024_66.xlsx"
"1377","Notas BCRD2","RESERVAS-R3",0.000826,2024,"Septiembre","tasas_2024_66.xlsx"
"1378","Notas BCRD2","BANCO_CENTRAL-R3",0.001171,2024,"Septiembre","tasas_2024_66.xlsx"
"1379","Notas BCRD2","FONDO_DE_SOLIDARIDAD_SOCIAL",0.000899,2024,"Septiembre","tasas_2024_66.xlsx"
"1380","Notas BCRD2","TOTAL_SISTEMA",0.000963754877061285,2024,"Septiembre","tasas_2024_66.xlsx"
"1381","Valores representativos de capital emitidos por Fideicomisos de oferta pública5","ATLÁNTICO",0.001137,2024,"Septiembre","tasas_2024_66.xlsx"
"1382","Valores representativos de capital emitidos por Fideicomisos de oferta pública5","CRECER",0.001137,2024,"Septiembre","tasas_2024_66.xlsx"
"1383","Valores representativos de capital emitidos por Fideicomisos de oferta pública5","JMMB_BDI",0.001137,2024,"Septiembre","tasas_2024_66.xlsx"
"1384","Valores representativos de capital emitidos por Fideicomisos de oferta pública5","POPULAR",0.001137,2024,"Septiembre","tasas_2024_66.xlsx"
"1385","Valores representativos de capital emitidos por Fideicomisos de oferta pública5","RESERVAS",0.001137,2024,"Septiembre","tasas_2024_66.xlsx"
"1386","Valores representativos de capital emitidos por Fideicomisos de oferta pública5","ROMANA",0,2024,"Septiembre","tasas_2024_66.xlsx"
"1387","Valores representativos de capital emitidos por Fideicomisos de oferta pública5","SIEMBRA",0.001137,2024,"Septiembre","tasas_2024_66.xlsx"
"1388","Valores representativos de capital emitidos por Fideicomisos de oferta pública5","TOTAL_CCI",0.001137,2024,"Septiembre","tasas_2024_66.xlsx"
"1389","Valores representativos de capital emitidos por Fideicomisos de oferta pública5","RESERVAS-R3",0,2024,"Septiembre","tasas_2024_66.xlsx"
"1390","Valores representativos de capital emitidos por Fideicomisos de oferta pública5","BANCO_CENTRAL-R3",0,2024,"Septiembre","tasas_2024_66.xlsx"
"1391","Valores representativos de capital emitidos por Fideicomisos de oferta pública5","FONDO_DE_SOLIDARIDAD_SOCIAL",0,2024,"Septiembre","tasas_2024_66.xlsx"
"1392","Valores representativos de capital emitidos por Fideicomisos de oferta pública5","TOTAL_SISTEMA",0.001137,2024,"Septiembre","tasas_2024_66.xlsx"
"1393","Valores representativos de deuda emitidos por Fideicomisos de oferta pública","ATLÁNTICO",0.001179,2024,"Septiembre","tasas_2024_66.xlsx"
"1394","Valores representativos de deuda emitidos por Fideicomisos de oferta pública","CRECER",0.000957,2024,"Septiembre","tasas_2024_66.xlsx"
"1395","Valores representativos de deuda emitidos por Fideicomisos de oferta pública","JMMB_BDI",0.000925,2024,"Septiembre","tasas_2024_66.xlsx"
"1396","Valores representativos de deuda emitidos por Fideicomisos de oferta pública","POPULAR",0.00083,2024,"Septiembre","tasas_2024_66.xlsx"
"1397","Valores representativos de deuda emitidos por Fideicomisos de oferta pública","RESERVAS",0.001145,2024,"Septiembre","tasas_2024_66.xlsx"
"1398","Valores representativos de deuda emitidos por Fideicomisos de oferta pública","ROMANA",0,2024,"Septiembre","tasas_2024_66.xlsx"
"1399","Valores representativos de deuda emitidos por Fideicomisos de oferta pública","SIEMBRA",0.001149,2024,"Septiembre","tasas_2024_66.xlsx"
"1400","Valores representativos de deuda emitidos por Fideicomisos de oferta pública","TOTAL_CCI",0.0010021910182413,2024,"Septiembre","tasas_2024_66.xlsx"
"1401","Valores representativos de deuda emitidos por Fideicomisos de oferta pública","RESERVAS-R3",0.000505,2024,"Septiembre","tasas_2024_66.xlsx"
"1402","Valores representativos de deuda emitidos por Fideicomisos de oferta pública","BANCO_CENTRAL-R3",0,2024,"Septiembre","tasas_2024_66.xlsx"
"1403","Valores representativos de deuda emitidos por Fideicomisos de oferta pública","FONDO_DE_SOLIDARIDAD_SOCIAL",0.001132,2024,"Septiembre","tasas_2024_66.xlsx"
"1404","Valores representativos de deuda emitidos por Fideicomisos de oferta pública","TOTAL_SISTEMA",0.00100642637330199,2024,"Septiembre","tasas_2024_66.xlsx"
"1405","Acciones de oferta pública 6","ATLÁNTICO",0.00075,2024,"Octubre","tasas_2024_66.xlsx"
"1406","Acciones de oferta pública 6","CRECER",0.000729,2024,"Octubre","tasas_2024_66.xlsx"
"1407","Acciones de oferta pública 6","JMMB_BDI",0.00075,2024,"Octubre","tasas_2024_66.xlsx"
"1408","Acciones de oferta pública 6","POPULAR",0,2024,"Octubre","tasas_2024_66.xlsx"
"1409","Acciones de oferta pública 6","RESERVAS",0.00075,2024,"Octubre","tasas_2024_66.xlsx"
"1410","Acciones de oferta pública 6","ROMANA",0,2024,"Octubre","tasas_2024_66.xlsx"
"1411","Acciones de oferta pública 6","SIEMBRA",0.00075,2024,"Octubre","tasas_2024_66.xlsx"
"1412","Acciones de oferta pública 6","TOTAL_CCI",0.000742915372717149,2024,"Octubre","tasas_2024_66.xlsx"
"1413","Acciones de oferta pública 6","RESERVAS-R3",0,2024,"Octubre","tasas_2024_66.xlsx"
"1414","Acciones de oferta pública 6","BANCO_CENTRAL-R3",0.00075,2024,"Octubre","tasas_2024_66.xlsx"
"1415","Acciones de oferta pública 6","FONDO_DE_SOLIDARIDAD_SOCIAL",0,2024,"Octubre","tasas_2024_66.xlsx"
"1416","Acciones de oferta pública 6","TOTAL_SISTEMA",0.000742915424138737,2024,"Octubre","tasas_2024_66.xlsx"
"1417","Bonos Ministerio de Hacienda","ATLÁNTICO",0.000601,2024,"Octubre","tasas_2024_66.xlsx"
"1418","Bonos Ministerio de Hacienda","CRECER",0.00074,2024,"Octubre","tasas_2024_66.xlsx"
"1419","Bonos Ministerio de Hacienda","JMMB_BDI",0.000554,2024,"Octubre","tasas_2024_66.xlsx"
"1420","Bonos Ministerio de Hacienda","POPULAR",0.000701,2024,"Octubre","tasas_2024_66.xlsx"
"1421","Bonos Ministerio de Hacienda","RESERVAS",0.000774,2024,"Octubre","tasas_2024_66.xlsx"
"1422","Bonos Ministerio de Hacienda","ROMANA",0.000743,2024,"Octubre","tasas_2024_66.xlsx"
"1423","Bonos Ministerio de Hacienda","SIEMBRA",0.000613,2024,"Octubre","tasas_2024_66.xlsx"
"1424","Bonos Ministerio de Hacienda","TOTAL_CCI",0.000708621837659242,2024,"Octubre","tasas_2024_66.xlsx"
"1425","Bonos Ministerio de Hacienda","RESERVAS-R3",0.000692,2024,"Octubre","tasas_2024_66.xlsx"
"1426","Bonos Ministerio de Hacienda","BANCO_CENTRAL-R3",0.000693,2024,"Octubre","tasas_2024_66.xlsx"
"1427","Bonos Ministerio de Hacienda","FONDO_DE_SOLIDARIDAD_SOCIAL",0.000725,2024,"Octubre","tasas_2024_66.xlsx"
"1428","Bonos Ministerio de Hacienda","TOTAL_SISTEMA",0.000709276169233989,2024,"Octubre","tasas_2024_66.xlsx"
"1429","Bonos EIF 1","ATLÁNTICO",0.001002,2024,"Octubre","tasas_2024_66.xlsx"
"1430","Bonos EIF 1","CRECER",0.001011,2024,"Octubre","tasas_2024_66.xlsx"
"1431","Bonos EIF 1","JMMB_BDI",0.001016,2024,"Octubre","tasas_2024_66.xlsx"
"1432","Bonos EIF 1","POPULAR",0.001049,2024,"Octubre","tasas_2024_66.xlsx"
"1433","Bonos EIF 1","RESERVAS",0.001031,2024,"Octubre","tasas_2024_66.xlsx"
"1434","Bonos EIF 1","ROMANA",0.001,2024,"Octubre","tasas_2024_66.xlsx"
"1435","Bonos EIF 1","SIEMBRA",0.001062,2024,"Octubre","tasas_2024_66.xlsx"
"1436","Bonos EIF 1","TOTAL_CCI",0.00104244292044172,2024,"Octubre","tasas_2024_66.xlsx"
"1437","Bonos EIF 1","RESERVAS-R3",0.001128,2024,"Octubre","tasas_2024_66.xlsx"
"1438","Bonos EIF 1","BANCO_CENTRAL-R3",0.000953,2024,"Octubre","tasas_2024_66.xlsx"
"1439","Bonos EIF 1","FONDO_DE_SOLIDARIDAD_SOCIAL",0.001053,2024,"Octubre","tasas_2024_66.xlsx"
"1440","Bonos EIF 1","TOTAL_SISTEMA",0.00104359958115172,2024,"Octubre","tasas_2024_66.xlsx"
"1441","Bonos Empresas","ATLÁNTICO",0.001009,2024,"Octubre","tasas_2024_66.xlsx"
"1442","Bonos Empresas","CRECER",0.000959,2024,"Octubre","tasas_2024_66.xlsx"
"1443","Bonos Empresas","JMMB_BDI",0.001082,2024,"Octubre","tasas_2024_66.xlsx"
"1444","Bonos Empresas","POPULAR",0.000869,2024,"Octubre","tasas_2024_66.xlsx"
"1445","Bonos Empresas","RESERVAS",0.000857,2024,"Octubre","tasas_2024_66.xlsx"
"1446","Bonos Empresas","ROMANA",0,2024,"Octubre","tasas_2024_66.xlsx"
"1447","Bonos Empresas","SIEMBRA",0.000604,2024,"Octubre","tasas_2024_66.xlsx"
"1448","Bonos Empresas","TOTAL_CCI",0.000855544583338513,2024,"Octubre","tasas_2024_66.xlsx"
"1449","Bonos Empresas","RESERVAS-R3",0.000892,2024,"Octubre","tasas_2024_66.xlsx"
"1450","Bonos Empresas","BANCO_CENTRAL-R3",0.000881,2024,"Octubre","tasas_2024_66.xlsx"
"1451","Bonos Empresas","FONDO_DE_SOLIDARIDAD_SOCIAL",0.000683,2024,"Octubre","tasas_2024_66.xlsx"
"1452","Bonos Empresas","TOTAL_SISTEMA",0.00085013869967205,2024,"Octubre","tasas_2024_66.xlsx"
"1453","Bonos de Hacienda para financiar desarrollo de  proyectos de infraestructura","ATLÁNTICO",0,2024,"Octubre","tasas_2024_66.xlsx"
"1454","Bonos de Hacienda para financiar desarrollo de  proyectos de infraestructura","CRECER",0.000857,2024,"Octubre","tasas_2024_66.xlsx"
"1455","Bonos de Hacienda para financiar desarrollo de  proyectos de infraestructura","JMMB_BDI",0,2024,"Octubre","tasas_2024_66.xlsx"
"1456","Bonos de Hacienda para financiar desarrollo de  proyectos de infraestructura","POPULAR",0.000873,2024,"Octubre","tasas_2024_66.xlsx"
"1457","Bonos de Hacienda para financiar desarrollo de  proyectos de infraestructura","RESERVAS",0.001029,2024,"Octubre","tasas_2024_66.xlsx"
"1458","Bonos de Hacienda para financiar desarrollo de  proyectos de infraestructura","ROMANA",0,2024,"Octubre","tasas_2024_66.xlsx"
"1459","Bonos de Hacienda para financiar desarrollo de  proyectos de infraestructura","SIEMBRA",0,2024,"Octubre","tasas_2024_66.xlsx"
"1460","Bonos de Hacienda para financiar desarrollo de  proyectos de infraestructura","TOTAL_CCI",0.000891224749304422,2024,"Octubre","tasas_2024_66.xlsx"
"1461","Bonos de Hacienda para financiar desarrollo de  proyectos de infraestructura","RESERVAS-R3",0,2024,"Octubre","tasas_2024_66.xlsx"
"1462","Bonos de Hacienda para financiar desarrollo de  proyectos de infraestructura","BANCO_CENTRAL-R3",0,2024,"Octubre","tasas_2024_66.xlsx"
"1463","Bonos de Hacienda para financiar desarrollo de  proyectos de infraestructura","FONDO_DE_SOLIDARIDAD_SOCIAL",0,2024,"Octubre","tasas_2024_66.xlsx"
"1464","Bonos de Hacienda para financiar desarrollo de  proyectos de infraestructura","TOTAL_SISTEMA",0.000891224749304422,2024,"Octubre","tasas_2024_66.xlsx"
"1465","Certificados de Depósito EIF1","ATLÁNTICO",0.001019,2024,"Octubre","tasas_2024_66.xlsx"
"1466","Certificados de Depósito EIF1","CRECER",0.001212,2024,"Octubre","tasas_2024_66.xlsx"
"1467","Certificados de Depósito EIF1","JMMB_BDI",0.001296,2024,"Octubre","tasas_2024_66.xlsx"
"1468","Certificados de Depósito EIF1","POPULAR",0.00116,2024,"Octubre","tasas_2024_66.xlsx"
"1469","Certificados de Depósito EIF1","RESERVAS",0.001045,2024,"Octubre","tasas_2024_66.xlsx"
"1470","Certificados de Depósito EIF1","ROMANA",0.001288,2024,"Octubre","tasas_2024_66.xlsx"
"1471","Certificados de Depósito EIF1","SIEMBRA",0.001212,2024,"Octubre","tasas_2024_66.xlsx"
"1472","Certificados de Depósito EIF1","TOTAL_CCI",0.00118453797229627,2024,"Octubre","tasas_2024_66.xlsx"
"1473","Certificados de Depósito EIF1","RESERVAS-R3",0.001219,2024,"Octubre","tasas_2024_66.xlsx"
"1474","Certificados de Depósito EIF1","BANCO_CENTRAL-R3",0.001261,2024,"Octubre","tasas_2024_66.xlsx"
"1475","Certificados de Depósito EIF1","FONDO_DE_SOLIDARIDAD_SOCIAL",0.001246,2024,"Octubre","tasas_2024_66.xlsx"
"1476","Certificados de Depósito EIF1","TOTAL_SISTEMA",0.00119274628851416,2024,"Octubre","tasas_2024_66.xlsx"
"1477","Certificados Inversión Especial BCRD2","ATLÁNTICO",0.000758,2024,"Octubre","tasas_2024_66.xlsx"
"1478","Certificados Inversión Especial BCRD2","CRECER",0,2024,"Octubre","tasas_2024_66.xlsx"
"1479","Certificados Inversión Especial BCRD2","JMMB_BDI",0.000558,2024,"Octubre","tasas_2024_66.xlsx"
"1480","Certificados Inversión Especial BCRD2","POPULAR",0.00105,2024,"Octubre","tasas_2024_66.xlsx"
"1481","Certificados Inversión Especial BCRD2","RESERVAS",0,2024,"Octubre","tasas_2024_66.xlsx"
"1482","Certificados Inversión Especial BCRD2","ROMANA",0.000758,2024,"Octubre","tasas_2024_66.xlsx"
"1483","Certificados Inversión Especial BCRD2","SIEMBRA",0,2024,"Octubre","tasas_2024_66.xlsx"
"1484","Certificados Inversión Especial BCRD2","TOTAL_CCI",0.000833629397486562,2024,"Octubre","tasas_2024_66.xlsx"
"1485","Certificados Inversión Especial BCRD2","RESERVAS-R3",0,2024,"Octubre","tasas_2024_66.xlsx"
"1486","Certificados Inversión Especial BCRD2","BANCO_CENTRAL-R3",0.001427,2024,"Octubre","tasas_2024_66.xlsx"
"1487","Certificados Inversión Especial BCRD2","FONDO_DE_SOLIDARIDAD_SOCIAL",0,2024,"Octubre","tasas_2024_66.xlsx"
"1488","Certificados Inversión Especial BCRD2","TOTAL_SISTEMA",0.00134937709409474,2024,"Octubre","tasas_2024_66.xlsx"
"1489","Cuotas de Participación de Fondos de Inversión4","ATLÁNTICO",0.001167,2024,"Octubre","tasas_2024_66.xlsx"
"1490","Cuotas de Participación de Fondos de Inversión4","CRECER",0.000159,2024,"Octubre","tasas_2024_66.xlsx"
"1491","Cuotas de Participación de Fondos de Inversión4","JMMB_BDI",0.000204,2024,"Octubre","tasas_2024_66.xlsx"
"1492","Cuotas de Participación de Fondos de Inversión4","POPULAR",0.00158,2024,"Octubre","tasas_2024_66.xlsx"
"1493","Cuotas de Participación de Fondos de Inversión4","RESERVAS",0.000764,2024,"Octubre","tasas_2024_66.xlsx"
"1494","Cuotas de Participación de Fondos de Inversión4","ROMANA",0,2024,"Octubre","tasas_2024_66.xlsx"
"1495","Cuotas de Participación de Fondos de Inversión4","SIEMBRA",0.000722,2024,"Octubre","tasas_2024_66.xlsx"
"1496","Cuotas de Participación de Fondos de Inversión4","TOTAL_CCI",0.000981404996946573,2024,"Octubre","tasas_2024_66.xlsx"
"1497","Cuotas de Participación de Fondos de Inversión4","RESERVAS-R3",0.000739,2024,"Octubre","tasas_2024_66.xlsx"
"1498","Cuotas de Participación de Fondos de Inversión4","BANCO_CENTRAL-R3",0,2024,"Octubre","tasas_2024_66.xlsx"
"1499","Cuotas de Participación de Fondos de Inversión4","FONDO_DE_SOLIDARIDAD_SOCIAL",0.000567,2024,"Octubre","tasas_2024_66.xlsx"
"1500","Cuotas de Participación de Fondos de Inversión4","TOTAL_SISTEMA",0.000930590386555616,2024,"Octubre","tasas_2024_66.xlsx"
"1501","Cuotas de Participación de Fondos de Mutuos","ATLÁNTICO",0,2024,"Octubre","tasas_2024_66.xlsx"
"1502","Cuotas de Participación de Fondos de Mutuos","CRECER",0,2024,"Octubre","tasas_2024_66.xlsx"
"1503","Cuotas de Participación de Fondos de Mutuos","JMMB_BDI",0,2024,"Octubre","tasas_2024_66.xlsx"
"1504","Cuotas de Participación de Fondos de Mutuos","POPULAR",0,2024,"Octubre","tasas_2024_66.xlsx"
"1505","Cuotas de Participación de Fondos de Mutuos","RESERVAS",0,2024,"Octubre","tasas_2024_66.xlsx"
"1506","Cuotas de Participación de Fondos de Mutuos","ROMANA",0,2024,"Octubre","tasas_2024_66.xlsx"
"1507","Cuotas de Participación de Fondos de Mutuos","SIEMBRA",0,2024,"Octubre","tasas_2024_66.xlsx"
"1508","Cuotas de Participación de Fondos de Mutuos","TOTAL_CCI",0,2024,"Octubre","tasas_2024_66.xlsx"
"1509","Cuotas de Participación de Fondos de Mutuos","RESERVAS-R3",0,2024,"Octubre","tasas_2024_66.xlsx"
"1510","Cuotas de Participación de Fondos de Mutuos","BANCO_CENTRAL-R3",0,2024,"Octubre","tasas_2024_66.xlsx"
"1511","Cuotas de Participación de Fondos de Mutuos","FONDO_DE_SOLIDARIDAD_SOCIAL",0,2024,"Octubre","tasas_2024_66.xlsx"
"1512","Cuotas de Participación de Fondos de Mutuos","TOTAL_SISTEMA",0,2024,"Octubre","tasas_2024_66.xlsx"
"1513","Letras BCRD2","ATLÁNTICO",0,2024,"Octubre","tasas_2024_66.xlsx"
"1514","Letras BCRD2","CRECER",0,2024,"Octubre","tasas_2024_66.xlsx"
"1515","Letras BCRD2","JMMB_BDI",0,2024,"Octubre","tasas_2024_66.xlsx"
"1516","Letras BCRD2","POPULAR",0,2024,"Octubre","tasas_2024_66.xlsx"
"1517","Letras BCRD2","RESERVAS",0,2024,"Octubre","tasas_2024_66.xlsx"
"1518","Letras BCRD2","ROMANA",0,2024,"Octubre","tasas_2024_66.xlsx"
"1519","Letras BCRD2","SIEMBRA",0,2024,"Octubre","tasas_2024_66.xlsx"
"1520","Letras BCRD2","TOTAL_CCI",0,2024,"Octubre","tasas_2024_66.xlsx"
"1521","Letras BCRD2","RESERVAS-R3",0,2024,"Octubre","tasas_2024_66.xlsx"
"1522","Letras BCRD2","BANCO_CENTRAL-R3",0,2024,"Octubre","tasas_2024_66.xlsx"
"1523","Letras BCRD2","FONDO_DE_SOLIDARIDAD_SOCIAL",0,2024,"Octubre","tasas_2024_66.xlsx"
"1524","Letras BCRD2","TOTAL_SISTEMA",0,2024,"Octubre","tasas_2024_66.xlsx"
"1525","Notas BCRD2","ATLÁNTICO",0.000706,2024,"Octubre","tasas_2024_66.xlsx"
"1526","Notas BCRD2","CRECER",0.000861,2024,"Octubre","tasas_2024_66.xlsx"
"1527","Notas BCRD2","JMMB_BDI",0.000991,2024,"Octubre","tasas_2024_66.xlsx"
"1528","Notas BCRD2","POPULAR",0.000966,2024,"Octubre","tasas_2024_66.xlsx"
"1529","Notas BCRD2","RESERVAS",0.000929,2024,"Octubre","tasas_2024_66.xlsx"
"1530","Notas BCRD2","ROMANA",0.000943,2024,"Octubre","tasas_2024_66.xlsx"
"1531","Notas BCRD2","SIEMBRA",0.000937,2024,"Octubre","tasas_2024_66.xlsx"
"1532","Notas BCRD2","TOTAL_CCI",0.000937319112102244,2024,"Octubre","tasas_2024_66.xlsx"
"1533","Notas BCRD2","RESERVAS-R3",0.000762,2024,"Octubre","tasas_2024_66.xlsx"
"1534","Notas BCRD2","BANCO_CENTRAL-R3",0.001176,2024,"Octubre","tasas_2024_66.xlsx"
"1535","Notas BCRD2","FONDO_DE_SOLIDARIDAD_SOCIAL",0.00089,2024,"Octubre","tasas_2024_66.xlsx"
"1536","Notas BCRD2","TOTAL_SISTEMA",0.00094371383629258,2024,"Octubre","tasas_2024_66.xlsx"
"1537","Valores representativos de capital emitidos por Fideicomisos de oferta pública5","ATLÁNTICO",0.001523,2024,"Octubre","tasas_2024_66.xlsx"
"1538","Valores representativos de capital emitidos por Fideicomisos de oferta pública5","CRECER",0.001523,2024,"Octubre","tasas_2024_66.xlsx"
"1539","Valores representativos de capital emitidos por Fideicomisos de oferta pública5","JMMB_BDI",0.001523,2024,"Octubre","tasas_2024_66.xlsx"
"1540","Valores representativos de capital emitidos por Fideicomisos de oferta pública5","POPULAR",0.001523,2024,"Octubre","tasas_2024_66.xlsx"
"1541","Valores representativos de capital emitidos por Fideicomisos de oferta pública5","RESERVAS",0.001523,2024,"Octubre","tasas_2024_66.xlsx"
"1542","Valores representativos de capital emitidos por Fideicomisos de oferta pública5","ROMANA",0,2024,"Octubre","tasas_2024_66.xlsx"
"1543","Valores representativos de capital emitidos por Fideicomisos de oferta pública5","SIEMBRA",0.001523,2024,"Octubre","tasas_2024_66.xlsx"
"1544","Valores representativos de capital emitidos por Fideicomisos de oferta pública5","TOTAL_CCI",0.001523,2024,"Octubre","tasas_2024_66.xlsx"
"1545","Valores representativos de capital emitidos por Fideicomisos de oferta pública5","RESERVAS-R3",0,2024,"Octubre","tasas_2024_66.xlsx"
"1546","Valores representativos de capital emitidos por Fideicomisos de oferta pública5","BANCO_CENTRAL-R3",0,2024,"Octubre","tasas_2024_66.xlsx"
"1547","Valores representativos de capital emitidos por Fideicomisos de oferta pública5","FONDO_DE_SOLIDARIDAD_SOCIAL",0,2024,"Octubre","tasas_2024_66.xlsx"
"1548","Valores representativos de capital emitidos por Fideicomisos de oferta pública5","TOTAL_SISTEMA",0.001523,2024,"Octubre","tasas_2024_66.xlsx"
"1549","Valores representativos de deuda emitidos por Fideicomisos de oferta pública","ATLÁNTICO",0.001179,2024,"Octubre","tasas_2024_66.xlsx"
"1550","Valores representativos de deuda emitidos por Fideicomisos de oferta pública","CRECER",0.000957,2024,"Octubre","tasas_2024_66.xlsx"
"1551","Valores representativos de deuda emitidos por Fideicomisos de oferta pública","JMMB_BDI",0.000925,2024,"Octubre","tasas_2024_66.xlsx"
"1552","Valores representativos de deuda emitidos por Fideicomisos de oferta pública","POPULAR",0.00083,2024,"Octubre","tasas_2024_66.xlsx"
"1553","Valores representativos de deuda emitidos por Fideicomisos de oferta pública","RESERVAS",0.001146,2024,"Octubre","tasas_2024_66.xlsx"
"1554","Valores representativos de deuda emitidos por Fideicomisos de oferta pública","ROMANA",0,2024,"Octubre","tasas_2024_66.xlsx"
"1555","Valores representativos de deuda emitidos por Fideicomisos de oferta pública","SIEMBRA",0.001149,2024,"Octubre","tasas_2024_66.xlsx"
"1556","Valores representativos de deuda emitidos por Fideicomisos de oferta pública","TOTAL_CCI",0.00100264908451198,2024,"Octubre","tasas_2024_66.xlsx"
"1557","Valores representativos de deuda emitidos por Fideicomisos de oferta pública","RESERVAS-R3",0.000505,2024,"Octubre","tasas_2024_66.xlsx"
"1558","Valores representativos de deuda emitidos por Fideicomisos de oferta pública","BANCO_CENTRAL-R3",0,2024,"Octubre","tasas_2024_66.xlsx"
"1559","Valores representativos de deuda emitidos por Fideicomisos de oferta pública","FONDO_DE_SOLIDARIDAD_SOCIAL",0.001138,2024,"Octubre","tasas_2024_66.xlsx"
"1560","Valores representativos de deuda emitidos por Fideicomisos de oferta pública","TOTAL_SISTEMA",0.0010080313580054,2024,"Octubre","tasas_2024_66.xlsx"
"1561","Acciones de oferta pública 6","ATLÁNTICO",0.00075,2024,"Noviembre","tasas_2024_66.xlsx"
"1562","Acciones de oferta pública 6","CRECER",0.000729,2024,"Noviembre","tasas_2024_66.xlsx"
"1563","Acciones de oferta pública 6","JMMB_BDI",0.00075,2024,"Noviembre","tasas_2024_66.xlsx"
"1564","Acciones de oferta pública 6","POPULAR",0,2024,"Noviembre","tasas_2024_66.xlsx"
"1565","Acciones de oferta pública 6","RESERVAS",0.00075,2024,"Noviembre","tasas_2024_66.xlsx"
"1566","Acciones de oferta pública 6","ROMANA",0,2024,"Noviembre","tasas_2024_66.xlsx"
"1567","Acciones de oferta pública 6","SIEMBRA",0.00075,2024,"Noviembre","tasas_2024_66.xlsx"
"1568","Acciones de oferta pública 6","TOTAL_CCI",0.000742915372717149,2024,"Noviembre","tasas_2024_66.xlsx"
"1569","Acciones de oferta pública 6","RESERVAS-R3",0,2024,"Noviembre","tasas_2024_66.xlsx"
"1570","Acciones de oferta pública 6","BANCO_CENTRAL-R3",0.00075,2024,"Noviembre","tasas_2024_66.xlsx"
"1571","Acciones de oferta pública 6","FONDO_DE_SOLIDARIDAD_SOCIAL",0,2024,"Noviembre","tasas_2024_66.xlsx"
"1572","Acciones de oferta pública 6","TOTAL_SISTEMA",0.000742915424138737,2024,"Noviembre","tasas_2024_66.xlsx"
"1573","Bonos Ministerio de Hacienda","ATLÁNTICO",0.000597,2024,"Noviembre","tasas_2024_66.xlsx"
"1574","Bonos Ministerio de Hacienda","CRECER",0.000772,2024,"Noviembre","tasas_2024_66.xlsx"
"1575","Bonos Ministerio de Hacienda","JMMB_BDI",0.000549,2024,"Noviembre","tasas_2024_66.xlsx"
"1576","Bonos Ministerio de Hacienda","POPULAR",0.000685,2024,"Noviembre","tasas_2024_66.xlsx"
"1577","Bonos Ministerio de Hacienda","RESERVAS",0.000806,2024,"Noviembre","tasas_2024_66.xlsx"
"1578","Bonos Ministerio de Hacienda","ROMANA",0.000743,2024,"Noviembre","tasas_2024_66.xlsx"
"1579","Bonos Ministerio de Hacienda","SIEMBRA",0.000615,2024,"Noviembre","tasas_2024_66.xlsx"
"1580","Bonos Ministerio de Hacienda","TOTAL_CCI",0.00071950003070862,2024,"Noviembre","tasas_2024_66.xlsx"
"1581","Bonos Ministerio de Hacienda","RESERVAS-R3",0.000711,2024,"Noviembre","tasas_2024_66.xlsx"
"1582","Bonos Ministerio de Hacienda","BANCO_CENTRAL-R3",0.000768,2024,"Noviembre","tasas_2024_66.xlsx"
"1583","Bonos Ministerio de Hacienda","FONDO_DE_SOLIDARIDAD_SOCIAL",0.000745,2024,"Noviembre","tasas_2024_66.xlsx"
"1584","Bonos Ministerio de Hacienda","TOTAL_SISTEMA",0.000722416109649019,2024,"Noviembre","tasas_2024_66.xlsx"
"1585","Bonos EIF 1","ATLÁNTICO",0.001056,2024,"Noviembre","tasas_2024_66.xlsx"
"1586","Bonos EIF 1","CRECER",0.001012,2024,"Noviembre","tasas_2024_66.xlsx"
"1587","Bonos EIF 1","JMMB_BDI",0.001123,2024,"Noviembre","tasas_2024_66.xlsx"
"1588","Bonos EIF 1","POPULAR",0.001049,2024,"Noviembre","tasas_2024_66.xlsx"
"1589","Bonos EIF 1","RESERVAS",0.001031,2024,"Noviembre","tasas_2024_66.xlsx"
"1590","Bonos EIF 1","ROMANA",0.001,2024,"Noviembre","tasas_2024_66.xlsx"
"1591","Bonos EIF 1","SIEMBRA",0.001063,2024,"Noviembre","tasas_2024_66.xlsx"
"1592","Bonos EIF 1","TOTAL_CCI",0.00104392505249067,2024,"Noviembre","tasas_2024_66.xlsx"
"1593","Bonos EIF 1","RESERVAS-R3",0.001129,2024,"Noviembre","tasas_2024_66.xlsx"
"1594","Bonos EIF 1","BANCO_CENTRAL-R3",0.000952,2024,"Noviembre","tasas_2024_66.xlsx"
"1595","Bonos EIF 1","FONDO_DE_SOLIDARIDAD_SOCIAL",0.001053,2024,"Noviembre","tasas_2024_66.xlsx"
"1596","Bonos EIF 1","TOTAL_SISTEMA",0.00104500097475715,2024,"Noviembre","tasas_2024_66.xlsx"
"1597","Bonos Empresas","ATLÁNTICO",0.001008,2024,"Noviembre","tasas_2024_66.xlsx"
"1598","Bonos Empresas","CRECER",0.000982,2024,"Noviembre","tasas_2024_66.xlsx"
"1599","Bonos Empresas","JMMB_BDI",0.001096,2024,"Noviembre","tasas_2024_66.xlsx"
"1600","Bonos Empresas","POPULAR",0.000868,2024,"Noviembre","tasas_2024_66.xlsx"
"1601","Bonos Empresas","RESERVAS",0.000865,2024,"Noviembre","tasas_2024_66.xlsx"
"1602","Bonos Empresas","ROMANA",0,2024,"Noviembre","tasas_2024_66.xlsx"
"1603","Bonos Empresas","SIEMBRA",0.000604,2024,"Noviembre","tasas_2024_66.xlsx"
"1604","Bonos Empresas","TOTAL_CCI",0.000865120527085715,2024,"Noviembre","tasas_2024_66.xlsx"
"1605","Bonos Empresas","RESERVAS-R3",0.000892,2024,"Noviembre","tasas_2024_66.xlsx"
"1606","Bonos Empresas","BANCO_CENTRAL-R3",0.000879,2024,"Noviembre","tasas_2024_66.xlsx"
"1607","Bonos Empresas","FONDO_DE_SOLIDARIDAD_SOCIAL",0.000699,2024,"Noviembre","tasas_2024_66.xlsx"
"1608","Bonos Empresas","TOTAL_SISTEMA",0.000860101981962417,2024,"Noviembre","tasas_2024_66.xlsx"
"1609","Bonos de Hacienda para financiar desarrollo de  proyectos de infraestructura","ATLÁNTICO",0,2024,"Noviembre","tasas_2024_66.xlsx"
"1610","Bonos de Hacienda para financiar desarrollo de  proyectos de infraestructura","CRECER",0.000857,2024,"Noviembre","tasas_2024_66.xlsx"
"1611","Bonos de Hacienda para financiar desarrollo de  proyectos de infraestructura","JMMB_BDI",0,2024,"Noviembre","tasas_2024_66.xlsx"
"1612","Bonos de Hacienda para financiar desarrollo de  proyectos de infraestructura","POPULAR",0.000873,2024,"Noviembre","tasas_2024_66.xlsx"
"1613","Bonos de Hacienda para financiar desarrollo de  proyectos de infraestructura","RESERVAS",0.001029,2024,"Noviembre","tasas_2024_66.xlsx"
"1614","Bonos de Hacienda para financiar desarrollo de  proyectos de infraestructura","ROMANA",0,2024,"Noviembre","tasas_2024_66.xlsx"
"1615","Bonos de Hacienda para financiar desarrollo de  proyectos de infraestructura","SIEMBRA",0,2024,"Noviembre","tasas_2024_66.xlsx"
"1616","Bonos de Hacienda para financiar desarrollo de  proyectos de infraestructura","TOTAL_CCI",0.000891261669149155,2024,"Noviembre","tasas_2024_66.xlsx"
"1617","Bonos de Hacienda para financiar desarrollo de  proyectos de infraestructura","RESERVAS-R3",0,2024,"Noviembre","tasas_2024_66.xlsx"
"1618","Bonos de Hacienda para financiar desarrollo de  proyectos de infraestructura","BANCO_CENTRAL-R3",0,2024,"Noviembre","tasas_2024_66.xlsx"
"1619","Bonos de Hacienda para financiar desarrollo de  proyectos de infraestructura","FONDO_DE_SOLIDARIDAD_SOCIAL",0,2024,"Noviembre","tasas_2024_66.xlsx"
"1620","Bonos de Hacienda para financiar desarrollo de  proyectos de infraestructura","TOTAL_SISTEMA",0.000891261669149155,2024,"Noviembre","tasas_2024_66.xlsx"
"1621","Certificados de Depósito EIF1","ATLÁNTICO",0.001011,2024,"Noviembre","tasas_2024_66.xlsx"
"1622","Certificados de Depósito EIF1","CRECER",0.001144,2024,"Noviembre","tasas_2024_66.xlsx"
"1623","Certificados de Depósito EIF1","JMMB_BDI",0.001331,2024,"Noviembre","tasas_2024_66.xlsx"
"1624","Certificados de Depósito EIF1","POPULAR",0.0012,2024,"Noviembre","tasas_2024_66.xlsx"
"1625","Certificados de Depósito EIF1","RESERVAS",0.001191,2024,"Noviembre","tasas_2024_66.xlsx"
"1626","Certificados de Depósito EIF1","ROMANA",0.001288,2024,"Noviembre","tasas_2024_66.xlsx"
"1627","Certificados de Depósito EIF1","SIEMBRA",0.001233,2024,"Noviembre","tasas_2024_66.xlsx"
"1628","Certificados de Depósito EIF1","TOTAL_CCI",0.00121738331168119,2024,"Noviembre","tasas_2024_66.xlsx"
"1629","Certificados de Depósito EIF1","RESERVAS-R3",0.001279,2024,"Noviembre","tasas_2024_66.xlsx"
"1630","Certificados de Depósito EIF1","BANCO_CENTRAL-R3",0.001317,2024,"Noviembre","tasas_2024_66.xlsx"
"1631","Certificados de Depósito EIF1","FONDO_DE_SOLIDARIDAD_SOCIAL",0.00127,2024,"Noviembre","tasas_2024_66.xlsx"
"1632","Certificados de Depósito EIF1","TOTAL_SISTEMA",0.00122900840585923,2024,"Noviembre","tasas_2024_66.xlsx"
"1633","Certificados Inversión Especial BCRD2","ATLÁNTICO",0.000758,2024,"Noviembre","tasas_2024_66.xlsx"
"1634","Certificados Inversión Especial BCRD2","CRECER",0,2024,"Noviembre","tasas_2024_66.xlsx"
"1635","Certificados Inversión Especial BCRD2","JMMB_BDI",0.000963,2024,"Noviembre","tasas_2024_66.xlsx"
"1636","Certificados Inversión Especial BCRD2","POPULAR",0.00105,2024,"Noviembre","tasas_2024_66.xlsx"
"1637","Certificados Inversión Especial BCRD2","RESERVAS",0,2024,"Noviembre","tasas_2024_66.xlsx"
"1638","Certificados Inversión Especial BCRD2","ROMANA",0.000758,2024,"Noviembre","tasas_2024_66.xlsx"
"1639","Certificados Inversión Especial BCRD2","SIEMBRA",0,2024,"Noviembre","tasas_2024_66.xlsx"
"1640","Certificados Inversión Especial BCRD2","TOTAL_CCI",0.000836109463237747,2024,"Noviembre","tasas_2024_66.xlsx"
"1641","Certificados Inversión Especial BCRD2","RESERVAS-R3",0,2024,"Noviembre","tasas_2024_66.xlsx"
"1642","Certificados Inversión Especial BCRD2","BANCO_CENTRAL-R3",0.001427,2024,"Noviembre","tasas_2024_66.xlsx"
"1643","Certificados Inversión Especial BCRD2","FONDO_DE_SOLIDARIDAD_SOCIAL",0,2024,"Noviembre","tasas_2024_66.xlsx"
"1644","Certificados Inversión Especial BCRD2","TOTAL_SISTEMA",0.00135004964658057,2024,"Noviembre","tasas_2024_66.xlsx"
"1645","Cuotas de Participación de Fondos de Inversión4","ATLÁNTICO",0.001164,2024,"Noviembre","tasas_2024_66.xlsx"
"1646","Cuotas de Participación de Fondos de Inversión4","CRECER",0.000534,2024,"Noviembre","tasas_2024_66.xlsx"
"1647","Cuotas de Participación de Fondos de Inversión4","JMMB_BDI",0.000156,2024,"Noviembre","tasas_2024_66.xlsx"
"1648","Cuotas de Participación de Fondos de Inversión4","POPULAR",0.001576,2024,"Noviembre","tasas_2024_66.xlsx"
"1649","Cuotas de Participación de Fondos de Inversión4","RESERVAS",0.000773,2024,"Noviembre","tasas_2024_66.xlsx"
"1650","Cuotas de Participación de Fondos de Inversión4","ROMANA",0,2024,"Noviembre","tasas_2024_66.xlsx"
"1651","Cuotas de Participación de Fondos de Inversión4","SIEMBRA",0.000712,2024,"Noviembre","tasas_2024_66.xlsx"
"1652","Cuotas de Participación de Fondos de Inversión4","TOTAL_CCI",0.00106744571460835,2024,"Noviembre","tasas_2024_66.xlsx"
"1653","Cuotas de Participación de Fondos de Inversión4","RESERVAS-R3",0.000758,2024,"Noviembre","tasas_2024_66.xlsx"
"1654","Cuotas de Participación de Fondos de Inversión4","BANCO_CENTRAL-R3",0,2024,"Noviembre","tasas_2024_66.xlsx"
"1655","Cuotas de Participación de Fondos de Inversión4","FONDO_DE_SOLIDARIDAD_SOCIAL",0.000667,2024,"Noviembre","tasas_2024_66.xlsx"
"1656","Cuotas de Participación de Fondos de Inversión4","TOTAL_SISTEMA",0.00101753757070706,2024,"Noviembre","tasas_2024_66.xlsx"
"1657","Cuotas de Participación de Fondos de Mutuos","ATLÁNTICO",NA,2024,"Noviembre","tasas_2024_66.xlsx"
"1658","Cuotas de Participación de Fondos de Mutuos","CRECER",NA,2024,"Noviembre","tasas_2024_66.xlsx"
"1659","Cuotas de Participación de Fondos de Mutuos","JMMB_BDI",NA,2024,"Noviembre","tasas_2024_66.xlsx"
"1660","Cuotas de Participación de Fondos de Mutuos","POPULAR",NA,2024,"Noviembre","tasas_2024_66.xlsx"
"1661","Cuotas de Participación de Fondos de Mutuos","RESERVAS",NA,2024,"Noviembre","tasas_2024_66.xlsx"
"1662","Cuotas de Participación de Fondos de Mutuos","ROMANA",NA,2024,"Noviembre","tasas_2024_66.xlsx"
"1663","Cuotas de Participación de Fondos de Mutuos","SIEMBRA",NA,2024,"Noviembre","tasas_2024_66.xlsx"
"1664","Cuotas de Participación de Fondos de Mutuos","TOTAL_CCI",0,2024,"Noviembre","tasas_2024_66.xlsx"
"1665","Cuotas de Participación de Fondos de Mutuos","RESERVAS-R3",NA,2024,"Noviembre","tasas_2024_66.xlsx"
"1666","Cuotas de Participación de Fondos de Mutuos","BANCO_CENTRAL-R3",NA,2024,"Noviembre","tasas_2024_66.xlsx"
"1667","Cuotas de Participación de Fondos de Mutuos","FONDO_DE_SOLIDARIDAD_SOCIAL",NA,2024,"Noviembre","tasas_2024_66.xlsx"
"1668","Cuotas de Participación de Fondos de Mutuos","TOTAL_SISTEMA",0,2024,"Noviembre","tasas_2024_66.xlsx"
"1669","Letras BCRD2","ATLÁNTICO",NA,2024,"Noviembre","tasas_2024_66.xlsx"
"1670","Letras BCRD2","CRECER",NA,2024,"Noviembre","tasas_2024_66.xlsx"
"1671","Letras BCRD2","JMMB_BDI",NA,2024,"Noviembre","tasas_2024_66.xlsx"
"1672","Letras BCRD2","POPULAR",NA,2024,"Noviembre","tasas_2024_66.xlsx"
"1673","Letras BCRD2","RESERVAS",NA,2024,"Noviembre","tasas_2024_66.xlsx"
"1674","Letras BCRD2","ROMANA",NA,2024,"Noviembre","tasas_2024_66.xlsx"
"1675","Letras BCRD2","SIEMBRA",NA,2024,"Noviembre","tasas_2024_66.xlsx"
"1676","Letras BCRD2","TOTAL_CCI",0,2024,"Noviembre","tasas_2024_66.xlsx"
"1677","Letras BCRD2","RESERVAS-R3",NA,2024,"Noviembre","tasas_2024_66.xlsx"
"1678","Letras BCRD2","BANCO_CENTRAL-R3",NA,2024,"Noviembre","tasas_2024_66.xlsx"
"1679","Letras BCRD2","FONDO_DE_SOLIDARIDAD_SOCIAL",NA,2024,"Noviembre","tasas_2024_66.xlsx"
"1680","Letras BCRD2","TOTAL_SISTEMA",0,2024,"Noviembre","tasas_2024_66.xlsx"
"1681","Notas BCRD2","ATLÁNTICO",0.000705,2024,"Noviembre","tasas_2024_66.xlsx"
"1682","Notas BCRD2","CRECER",0.000861,2024,"Noviembre","tasas_2024_66.xlsx"
"1683","Notas BCRD2","JMMB_BDI",0.000979,2024,"Noviembre","tasas_2024_66.xlsx"
"1684","Notas BCRD2","POPULAR",0.000896,2024,"Noviembre","tasas_2024_66.xlsx"
"1685","Notas BCRD2","RESERVAS",0.000722,2024,"Noviembre","tasas_2024_66.xlsx"
"1686","Notas BCRD2","ROMANA",0.000944,2024,"Noviembre","tasas_2024_66.xlsx"
"1687","Notas BCRD2","SIEMBRA",0.000876,2024,"Noviembre","tasas_2024_66.xlsx"
"1688","Notas BCRD2","TOTAL_CCI",0.000873612412895719,2024,"Noviembre","tasas_2024_66.xlsx"
"1689","Notas BCRD2","RESERVAS-R3",0.000761,2024,"Noviembre","tasas_2024_66.xlsx"
"1690","Notas BCRD2","BANCO_CENTRAL-R3",0.001217,2024,"Noviembre","tasas_2024_66.xlsx"
"1691","Notas BCRD2","FONDO_DE_SOLIDARIDAD_SOCIAL",0.00089,2024,"Noviembre","tasas_2024_66.xlsx"
"1692","Notas BCRD2","TOTAL_SISTEMA",0.00088347412045216,2024,"Noviembre","tasas_2024_66.xlsx"
"1693","Valores representativos de capital emitidos por Fideicomisos de oferta pública5","ATLÁNTICO",0.001689,2024,"Noviembre","tasas_2024_66.xlsx"
"1694","Valores representativos de capital emitidos por Fideicomisos de oferta pública5","CRECER",0.001689,2024,"Noviembre","tasas_2024_66.xlsx"
"1695","Valores representativos de capital emitidos por Fideicomisos de oferta pública5","JMMB_BDI",0.001689,2024,"Noviembre","tasas_2024_66.xlsx"
"1696","Valores representativos de capital emitidos por Fideicomisos de oferta pública5","POPULAR",0.001689,2024,"Noviembre","tasas_2024_66.xlsx"
"1697","Valores representativos de capital emitidos por Fideicomisos de oferta pública5","RESERVAS",0.001689,2024,"Noviembre","tasas_2024_66.xlsx"
"1698","Valores representativos de capital emitidos por Fideicomisos de oferta pública5","ROMANA",0,2024,"Noviembre","tasas_2024_66.xlsx"
"1699","Valores representativos de capital emitidos por Fideicomisos de oferta pública5","SIEMBRA",0.001689,2024,"Noviembre","tasas_2024_66.xlsx"
"1700","Valores representativos de capital emitidos por Fideicomisos de oferta pública5","TOTAL_CCI",0.001689,2024,"Noviembre","tasas_2024_66.xlsx"
"1701","Valores representativos de capital emitidos por Fideicomisos de oferta pública5","RESERVAS-R3",0,2024,"Noviembre","tasas_2024_66.xlsx"
"1702","Valores representativos de capital emitidos por Fideicomisos de oferta pública5","BANCO_CENTRAL-R3",0,2024,"Noviembre","tasas_2024_66.xlsx"
"1703","Valores representativos de capital emitidos por Fideicomisos de oferta pública5","FONDO_DE_SOLIDARIDAD_SOCIAL",0,2024,"Noviembre","tasas_2024_66.xlsx"
"1704","Valores representativos de capital emitidos por Fideicomisos de oferta pública5","TOTAL_SISTEMA",0.001689,2024,"Noviembre","tasas_2024_66.xlsx"
"1705","Valores representativos de deuda emitidos por Fideicomisos de oferta pública","ATLÁNTICO",0.001179,2024,"Noviembre","tasas_2024_66.xlsx"
"1706","Valores representativos de deuda emitidos por Fideicomisos de oferta pública","CRECER",0.000957,2024,"Noviembre","tasas_2024_66.xlsx"
"1707","Valores representativos de deuda emitidos por Fideicomisos de oferta pública","JMMB_BDI",0.000925,2024,"Noviembre","tasas_2024_66.xlsx"
"1708","Valores representativos de deuda emitidos por Fideicomisos de oferta pública","POPULAR",0.001114,2024,"Noviembre","tasas_2024_66.xlsx"
"1709","Valores representativos de deuda emitidos por Fideicomisos de oferta pública","RESERVAS",0.001146,2024,"Noviembre","tasas_2024_66.xlsx"
"1710","Valores representativos de deuda emitidos por Fideicomisos de oferta pública","ROMANA",0,2024,"Noviembre","tasas_2024_66.xlsx"
"1711","Valores representativos de deuda emitidos por Fideicomisos de oferta pública","SIEMBRA",0.001148,2024,"Noviembre","tasas_2024_66.xlsx"
"1712","Valores representativos de deuda emitidos por Fideicomisos de oferta pública","TOTAL_CCI",0.00102274253322564,2024,"Noviembre","tasas_2024_66.xlsx"
"1713","Valores representativos de deuda emitidos por Fideicomisos de oferta pública","RESERVAS-R3",0.000505,2024,"Noviembre","tasas_2024_66.xlsx"
"1714","Valores representativos de deuda emitidos por Fideicomisos de oferta pública","BANCO_CENTRAL-R3",0,2024,"Noviembre","tasas_2024_66.xlsx"
"1715","Valores representativos de deuda emitidos por Fideicomisos de oferta pública","FONDO_DE_SOLIDARIDAD_SOCIAL",0.001145,2024,"Noviembre","tasas_2024_66.xlsx"
"1716","Valores representativos de deuda emitidos por Fideicomisos de oferta pública","TOTAL_SISTEMA",0.00103181039255553,2024,"Noviembre","tasas_2024_66.xlsx"
"1717","Acciones de oferta pública 6","ATLÁNTICO",0.00075,2024,"Diciembre","tasas_2024_66.xlsx"
"1718","Acciones de oferta pública 6","CRECER",0.000729,2024,"Diciembre","tasas_2024_66.xlsx"
"1719","Acciones de oferta pública 6","JMMB_BDI",0.00075,2024,"Diciembre","tasas_2024_66.xlsx"
"1720","Acciones de oferta pública 6","POPULAR",0,2024,"Diciembre","tasas_2024_66.xlsx"
"1721","Acciones de oferta pública 6","RESERVAS",0.00075,2024,"Diciembre","tasas_2024_66.xlsx"
"1722","Acciones de oferta pública 6","ROMANA",0,2024,"Diciembre","tasas_2024_66.xlsx"
"1723","Acciones de oferta pública 6","SIEMBRA",0.00075,2024,"Diciembre","tasas_2024_66.xlsx"
"1724","Acciones de oferta pública 6","TOTAL_CCI",0.000742915372717149,2024,"Diciembre","tasas_2024_66.xlsx"
"1725","Acciones de oferta pública 6","RESERVAS-R3",0,2024,"Diciembre","tasas_2024_66.xlsx"
"1726","Acciones de oferta pública 6","BANCO_CENTRAL-R3",0.00075,2024,"Diciembre","tasas_2024_66.xlsx"
"1727","Acciones de oferta pública 6","FONDO_DE_SOLIDARIDAD_SOCIAL",0,2024,"Diciembre","tasas_2024_66.xlsx"
"1728","Acciones de oferta pública 6","TOTAL_SISTEMA",0.000742915424138737,2024,"Diciembre","tasas_2024_66.xlsx"
"1729","Bonos Ministerio de Hacienda","ATLÁNTICO",0.000594,2024,"Diciembre","tasas_2024_66.xlsx"
"1730","Bonos Ministerio de Hacienda","CRECER",0.00077,2024,"Diciembre","tasas_2024_66.xlsx"
"1731","Bonos Ministerio de Hacienda","JMMB_BDI",0.000546,2024,"Diciembre","tasas_2024_66.xlsx"
"1732","Bonos Ministerio de Hacienda","POPULAR",0.000687,2024,"Diciembre","tasas_2024_66.xlsx"
"1733","Bonos Ministerio de Hacienda","RESERVAS",0.000881,2024,"Diciembre","tasas_2024_66.xlsx"
"1734","Bonos Ministerio de Hacienda","ROMANA",0.000741,2024,"Diciembre","tasas_2024_66.xlsx"
"1735","Bonos Ministerio de Hacienda","SIEMBRA",0.000615,2024,"Diciembre","tasas_2024_66.xlsx"
"1736","Bonos Ministerio de Hacienda","TOTAL_CCI",0.000735718696015828,2024,"Diciembre","tasas_2024_66.xlsx"
"1737","Bonos Ministerio de Hacienda","RESERVAS-R3",0.000711,2024,"Diciembre","tasas_2024_66.xlsx"
"1738","Bonos Ministerio de Hacienda","BANCO_CENTRAL-R3",0.000692,2024,"Diciembre","tasas_2024_66.xlsx"
"1739","Bonos Ministerio de Hacienda","FONDO_DE_SOLIDARIDAD_SOCIAL",0.000743,2024,"Diciembre","tasas_2024_66.xlsx"
"1740","Bonos Ministerio de Hacienda","TOTAL_SISTEMA",0.000734860856965738,2024,"Diciembre","tasas_2024_66.xlsx"
"1741","Bonos EIF 1","ATLÁNTICO",0.001057,2024,"Diciembre","tasas_2024_66.xlsx"
"1742","Bonos EIF 1","CRECER",0.001012,2024,"Diciembre","tasas_2024_66.xlsx"
"1743","Bonos EIF 1","JMMB_BDI",0.001014,2024,"Diciembre","tasas_2024_66.xlsx"
"1744","Bonos EIF 1","POPULAR",0.001008,2024,"Diciembre","tasas_2024_66.xlsx"
"1745","Bonos EIF 1","RESERVAS",0.001001,2024,"Diciembre","tasas_2024_66.xlsx"
"1746","Bonos EIF 1","ROMANA",0.001,2024,"Diciembre","tasas_2024_66.xlsx"
"1747","Bonos EIF 1","SIEMBRA",0.001011,2024,"Diciembre","tasas_2024_66.xlsx"
"1748","Bonos EIF 1","TOTAL_CCI",0.00100947709789689,2024,"Diciembre","tasas_2024_66.xlsx"
"1749","Bonos EIF 1","RESERVAS-R3",0.001037,2024,"Diciembre","tasas_2024_66.xlsx"
"1750","Bonos EIF 1","BANCO_CENTRAL-R3",0.000952,2024,"Diciembre","tasas_2024_66.xlsx"
"1751","Bonos EIF 1","FONDO_DE_SOLIDARIDAD_SOCIAL",0.001001,2024,"Diciembre","tasas_2024_66.xlsx"
"1752","Bonos EIF 1","TOTAL_SISTEMA",0.00100909782009547,2024,"Diciembre","tasas_2024_66.xlsx"
"1753","Bonos Empresas","ATLÁNTICO",0.001007,2024,"Diciembre","tasas_2024_66.xlsx"
"1754","Bonos Empresas","CRECER",0.000985,2024,"Diciembre","tasas_2024_66.xlsx"
"1755","Bonos Empresas","JMMB_BDI",0.001095,2024,"Diciembre","tasas_2024_66.xlsx"
"1756","Bonos Empresas","POPULAR",0.000867,2024,"Diciembre","tasas_2024_66.xlsx"
"1757","Bonos Empresas","RESERVAS",0.000854,2024,"Diciembre","tasas_2024_66.xlsx"
"1758","Bonos Empresas","ROMANA",0,2024,"Diciembre","tasas_2024_66.xlsx"
"1759","Bonos Empresas","SIEMBRA",0.000604,2024,"Diciembre","tasas_2024_66.xlsx"
"1760","Bonos Empresas","TOTAL_CCI",0.0008648345202451,2024,"Diciembre","tasas_2024_66.xlsx"
"1761","Bonos Empresas","RESERVAS-R3",0.000889,2024,"Diciembre","tasas_2024_66.xlsx"
"1762","Bonos Empresas","BANCO_CENTRAL-R3",0.000868,2024,"Diciembre","tasas_2024_66.xlsx"
"1763","Bonos Empresas","FONDO_DE_SOLIDARIDAD_SOCIAL",0.000754,2024,"Diciembre","tasas_2024_66.xlsx"
"1764","Bonos Empresas","TOTAL_SISTEMA",0.000859428824689791,2024,"Diciembre","tasas_2024_66.xlsx"
"1765","Bonos de Hacienda para financiar desarrollo de  proyectos de infraestructura","ATLÁNTICO",0,2024,"Diciembre","tasas_2024_66.xlsx"
"1766","Bonos de Hacienda para financiar desarrollo de  proyectos de infraestructura","CRECER",0.000857,2024,"Diciembre","tasas_2024_66.xlsx"
"1767","Bonos de Hacienda para financiar desarrollo de  proyectos de infraestructura","JMMB_BDI",0,2024,"Diciembre","tasas_2024_66.xlsx"
"1768","Bonos de Hacienda para financiar desarrollo de  proyectos de infraestructura","POPULAR",0.000873,2024,"Diciembre","tasas_2024_66.xlsx"
"1769","Bonos de Hacienda para financiar desarrollo de  proyectos de infraestructura","RESERVAS",0.001029,2024,"Diciembre","tasas_2024_66.xlsx"
"1770","Bonos de Hacienda para financiar desarrollo de  proyectos de infraestructura","ROMANA",0,2024,"Diciembre","tasas_2024_66.xlsx"
"1771","Bonos de Hacienda para financiar desarrollo de  proyectos de infraestructura","SIEMBRA",0,2024,"Diciembre","tasas_2024_66.xlsx"
"1772","Bonos de Hacienda para financiar desarrollo de  proyectos de infraestructura","TOTAL_CCI",0.000891302463002881,2024,"Diciembre","tasas_2024_66.xlsx"
"1773","Bonos de Hacienda para financiar desarrollo de  proyectos de infraestructura","RESERVAS-R3",0,2024,"Diciembre","tasas_2024_66.xlsx"
"1774","Bonos de Hacienda para financiar desarrollo de  proyectos de infraestructura","BANCO_CENTRAL-R3",0,2024,"Diciembre","tasas_2024_66.xlsx"
"1775","Bonos de Hacienda para financiar desarrollo de  proyectos de infraestructura","FONDO_DE_SOLIDARIDAD_SOCIAL",0,2024,"Diciembre","tasas_2024_66.xlsx"
"1776","Bonos de Hacienda para financiar desarrollo de  proyectos de infraestructura","TOTAL_SISTEMA",0.000891302463002881,2024,"Diciembre","tasas_2024_66.xlsx"
"1777","Certificados de Depósito EIF1","ATLÁNTICO",0.000937,2024,"Diciembre","tasas_2024_66.xlsx"
"1778","Certificados de Depósito EIF1","CRECER",9e-04,2024,"Diciembre","tasas_2024_66.xlsx"
"1779","Certificados de Depósito EIF1","JMMB_BDI",0.001314,2024,"Diciembre","tasas_2024_66.xlsx"
"1780","Certificados de Depósito EIF1","POPULAR",0.001198,2024,"Diciembre","tasas_2024_66.xlsx"
"1781","Certificados de Depósito EIF1","RESERVAS",0.001046,2024,"Diciembre","tasas_2024_66.xlsx"
"1782","Certificados de Depósito EIF1","ROMANA",0.001278,2024,"Diciembre","tasas_2024_66.xlsx"
"1783","Certificados de Depósito EIF1","SIEMBRA",0.001189,2024,"Diciembre","tasas_2024_66.xlsx"
"1784","Certificados de Depósito EIF1","TOTAL_CCI",0.00115327196350158,2024,"Diciembre","tasas_2024_66.xlsx"
"1785","Certificados de Depósito EIF1","RESERVAS-R3",0.001065,2024,"Diciembre","tasas_2024_66.xlsx"
"1786","Certificados de Depósito EIF1","BANCO_CENTRAL-R3",0.001352,2024,"Diciembre","tasas_2024_66.xlsx"
"1787","Certificados de Depósito EIF1","FONDO_DE_SOLIDARIDAD_SOCIAL",0.001074,2024,"Diciembre","tasas_2024_66.xlsx"
"1788","Certificados de Depósito EIF1","TOTAL_SISTEMA",0.00115504904958671,2024,"Diciembre","tasas_2024_66.xlsx"
"1789","Certificados Inversión Especial BCRD2","ATLÁNTICO",0.000758,2024,"Diciembre","tasas_2024_66.xlsx"
"1790","Certificados Inversión Especial BCRD2","CRECER",0,2024,"Diciembre","tasas_2024_66.xlsx"
"1791","Certificados Inversión Especial BCRD2","JMMB_BDI",0.000963,2024,"Diciembre","tasas_2024_66.xlsx"
"1792","Certificados Inversión Especial BCRD2","POPULAR",0.00105,2024,"Diciembre","tasas_2024_66.xlsx"
"1793","Certificados Inversión Especial BCRD2","RESERVAS",0,2024,"Diciembre","tasas_2024_66.xlsx"
"1794","Certificados Inversión Especial BCRD2","ROMANA",0.000758,2024,"Diciembre","tasas_2024_66.xlsx"
"1795","Certificados Inversión Especial BCRD2","SIEMBRA",0,2024,"Diciembre","tasas_2024_66.xlsx"
"1796","Certificados Inversión Especial BCRD2","TOTAL_CCI",0.000833200513269248,2024,"Diciembre","tasas_2024_66.xlsx"
"1797","Certificados Inversión Especial BCRD2","RESERVAS-R3",0,2024,"Diciembre","tasas_2024_66.xlsx"
"1798","Certificados Inversión Especial BCRD2","BANCO_CENTRAL-R3",0.001428,2024,"Diciembre","tasas_2024_66.xlsx"
"1799","Certificados Inversión Especial BCRD2","FONDO_DE_SOLIDARIDAD_SOCIAL",0,2024,"Diciembre","tasas_2024_66.xlsx"
"1800","Certificados Inversión Especial BCRD2","TOTAL_SISTEMA",0.00135013352976263,2024,"Diciembre","tasas_2024_66.xlsx"
"1801","Cuotas de Participación de Fondos de Inversión4","ATLÁNTICO",0.000813,2024,"Diciembre","tasas_2024_66.xlsx"
"1802","Cuotas de Participación de Fondos de Inversión4","CRECER",0.00153,2024,"Diciembre","tasas_2024_66.xlsx"
"1803","Cuotas de Participación de Fondos de Inversión4","JMMB_BDI",0.000382,2024,"Diciembre","tasas_2024_66.xlsx"
"1804","Cuotas de Participación de Fondos de Inversión4","POPULAR",0.000906,2024,"Diciembre","tasas_2024_66.xlsx"
"1805","Cuotas de Participación de Fondos de Inversión4","RESERVAS",0.001104,2024,"Diciembre","tasas_2024_66.xlsx"
"1806","Cuotas de Participación de Fondos de Inversión4","ROMANA",0,2024,"Diciembre","tasas_2024_66.xlsx"
"1807","Cuotas de Participación de Fondos de Inversión4","SIEMBRA",0.001323,2024,"Diciembre","tasas_2024_66.xlsx"
"1808","Cuotas de Participación de Fondos de Inversión4","TOTAL_CCI",0.00112719244314079,2024,"Diciembre","tasas_2024_66.xlsx"
"1809","Cuotas de Participación de Fondos de Inversión4","RESERVAS-R3",0.000769,2024,"Diciembre","tasas_2024_66.xlsx"
"1810","Cuotas de Participación de Fondos de Inversión4","BANCO_CENTRAL-R3",0,2024,"Diciembre","tasas_2024_66.xlsx"
"1811","Cuotas de Participación de Fondos de Inversión4","FONDO_DE_SOLIDARIDAD_SOCIAL",0.000765,2024,"Diciembre","tasas_2024_66.xlsx"
"1812","Cuotas de Participación de Fondos de Inversión4","TOTAL_SISTEMA",0.00108239130601903,2024,"Diciembre","tasas_2024_66.xlsx"
"1813","Cuotas de Participación de Fondos de Mutuos","ATLÁNTICO",NA,2024,"Diciembre","tasas_2024_66.xlsx"
"1814","Cuotas de Participación de Fondos de Mutuos","CRECER",NA,2024,"Diciembre","tasas_2024_66.xlsx"
"1815","Cuotas de Participación de Fondos de Mutuos","JMMB_BDI",NA,2024,"Diciembre","tasas_2024_66.xlsx"
"1816","Cuotas de Participación de Fondos de Mutuos","POPULAR",NA,2024,"Diciembre","tasas_2024_66.xlsx"
"1817","Cuotas de Participación de Fondos de Mutuos","RESERVAS",NA,2024,"Diciembre","tasas_2024_66.xlsx"
"1818","Cuotas de Participación de Fondos de Mutuos","ROMANA",NA,2024,"Diciembre","tasas_2024_66.xlsx"
"1819","Cuotas de Participación de Fondos de Mutuos","SIEMBRA",NA,2024,"Diciembre","tasas_2024_66.xlsx"
"1820","Cuotas de Participación de Fondos de Mutuos","TOTAL_CCI",0,2024,"Diciembre","tasas_2024_66.xlsx"
"1821","Cuotas de Participación de Fondos de Mutuos","RESERVAS-R3",NA,2024,"Diciembre","tasas_2024_66.xlsx"
"1822","Cuotas de Participación de Fondos de Mutuos","BANCO_CENTRAL-R3",NA,2024,"Diciembre","tasas_2024_66.xlsx"
"1823","Cuotas de Participación de Fondos de Mutuos","FONDO_DE_SOLIDARIDAD_SOCIAL",NA,2024,"Diciembre","tasas_2024_66.xlsx"
"1824","Cuotas de Participación de Fondos de Mutuos","TOTAL_SISTEMA",0,2024,"Diciembre","tasas_2024_66.xlsx"
"1825","Letras BCRD2","ATLÁNTICO",NA,2024,"Diciembre","tasas_2024_66.xlsx"
"1826","Letras BCRD2","CRECER",NA,2024,"Diciembre","tasas_2024_66.xlsx"
"1827","Letras BCRD2","JMMB_BDI",NA,2024,"Diciembre","tasas_2024_66.xlsx"
"1828","Letras BCRD2","POPULAR",NA,2024,"Diciembre","tasas_2024_66.xlsx"
"1829","Letras BCRD2","RESERVAS",NA,2024,"Diciembre","tasas_2024_66.xlsx"
"1830","Letras BCRD2","ROMANA",NA,2024,"Diciembre","tasas_2024_66.xlsx"
"1831","Letras BCRD2","SIEMBRA",NA,2024,"Diciembre","tasas_2024_66.xlsx"
"1832","Letras BCRD2","TOTAL_CCI",0,2024,"Diciembre","tasas_2024_66.xlsx"
"1833","Letras BCRD2","RESERVAS-R3",NA,2024,"Diciembre","tasas_2024_66.xlsx"
"1834","Letras BCRD2","BANCO_CENTRAL-R3",NA,2024,"Diciembre","tasas_2024_66.xlsx"
"1835","Letras BCRD2","FONDO_DE_SOLIDARIDAD_SOCIAL",NA,2024,"Diciembre","tasas_2024_66.xlsx"
"1836","Letras BCRD2","TOTAL_SISTEMA",0,2024,"Diciembre","tasas_2024_66.xlsx"
"1837","Notas BCRD2","ATLÁNTICO",0.000705,2024,"Diciembre","tasas_2024_66.xlsx"
"1838","Notas BCRD2","CRECER",0.000862,2024,"Diciembre","tasas_2024_66.xlsx"
"1839","Notas BCRD2","JMMB_BDI",0.000964,2024,"Diciembre","tasas_2024_66.xlsx"
"1840","Notas BCRD2","POPULAR",0.000897,2024,"Diciembre","tasas_2024_66.xlsx"
"1841","Notas BCRD2","RESERVAS",0.00082,2024,"Diciembre","tasas_2024_66.xlsx"
"1842","Notas BCRD2","ROMANA",0.000944,2024,"Diciembre","tasas_2024_66.xlsx"
"1843","Notas BCRD2","SIEMBRA",0.000876,2024,"Diciembre","tasas_2024_66.xlsx"
"1844","Notas BCRD2","TOTAL_CCI",0.000879916398242578,2024,"Diciembre","tasas_2024_66.xlsx"
"1845","Notas BCRD2","RESERVAS-R3",0.000761,2024,"Diciembre","tasas_2024_66.xlsx"
"1846","Notas BCRD2","BANCO_CENTRAL-R3",0.001212,2024,"Diciembre","tasas_2024_66.xlsx"
"1847","Notas BCRD2","FONDO_DE_SOLIDARIDAD_SOCIAL",0.00089,2024,"Diciembre","tasas_2024_66.xlsx"
"1848","Notas BCRD2","TOTAL_SISTEMA",0.000889271154564661,2024,"Diciembre","tasas_2024_66.xlsx"
"1849","Valores representativos de capital emitidos por Fideicomisos de oferta pública5","ATLÁNTICO",0.001056,2024,"Diciembre","tasas_2024_66.xlsx"
"1850","Valores representativos de capital emitidos por Fideicomisos de oferta pública5","CRECER",0.001056,2024,"Diciembre","tasas_2024_66.xlsx"
"1851","Valores representativos de capital emitidos por Fideicomisos de oferta pública5","JMMB_BDI",0.001056,2024,"Diciembre","tasas_2024_66.xlsx"
"1852","Valores representativos de capital emitidos por Fideicomisos de oferta pública5","POPULAR",0.001056,2024,"Diciembre","tasas_2024_66.xlsx"
"1853","Valores representativos de capital emitidos por Fideicomisos de oferta pública5","RESERVAS",0.001056,2024,"Diciembre","tasas_2024_66.xlsx"
"1854","Valores representativos de capital emitidos por Fideicomisos de oferta pública5","ROMANA",0,2024,"Diciembre","tasas_2024_66.xlsx"
"1855","Valores representativos de capital emitidos por Fideicomisos de oferta pública5","SIEMBRA",0.001056,2024,"Diciembre","tasas_2024_66.xlsx"
"1856","Valores representativos de capital emitidos por Fideicomisos de oferta pública5","TOTAL_CCI",0.001056,2024,"Diciembre","tasas_2024_66.xlsx"
"1857","Valores representativos de capital emitidos por Fideicomisos de oferta pública5","RESERVAS-R3",0,2024,"Diciembre","tasas_2024_66.xlsx"
"1858","Valores representativos de capital emitidos por Fideicomisos de oferta pública5","BANCO_CENTRAL-R3",0,2024,"Diciembre","tasas_2024_66.xlsx"
"1859","Valores representativos de capital emitidos por Fideicomisos de oferta pública5","FONDO_DE_SOLIDARIDAD_SOCIAL",0,2024,"Diciembre","tasas_2024_66.xlsx"
"1860","Valores representativos de capital emitidos por Fideicomisos de oferta pública5","TOTAL_SISTEMA",0.001056,2024,"Diciembre","tasas_2024_66.xlsx"
"1861","Valores representativos de deuda emitidos por Fideicomisos de oferta pública","ATLÁNTICO",0.001179,2024,"Diciembre","tasas_2024_66.xlsx"
"1862","Valores representativos de deuda emitidos por Fideicomisos de oferta pública","CRECER",0.000957,2024,"Diciembre","tasas_2024_66.xlsx"
"1863","Valores representativos de deuda emitidos por Fideicomisos de oferta pública","JMMB_BDI",0.000925,2024,"Diciembre","tasas_2024_66.xlsx"
"1864","Valores representativos de deuda emitidos por Fideicomisos de oferta pública","POPULAR",0.001114,2024,"Diciembre","tasas_2024_66.xlsx"
"1865","Valores representativos de deuda emitidos por Fideicomisos de oferta pública","RESERVAS",0.001144,2024,"Diciembre","tasas_2024_66.xlsx"
"1866","Valores representativos de deuda emitidos por Fideicomisos de oferta pública","ROMANA",0,2024,"Diciembre","tasas_2024_66.xlsx"
"1867","Valores representativos de deuda emitidos por Fideicomisos de oferta pública","SIEMBRA",0.001148,2024,"Diciembre","tasas_2024_66.xlsx"
"1868","Valores representativos de deuda emitidos por Fideicomisos de oferta pública","TOTAL_CCI",0.00102350360817882,2024,"Diciembre","tasas_2024_66.xlsx"
"1869","Valores representativos de deuda emitidos por Fideicomisos de oferta pública","RESERVAS-R3",0.000505,2024,"Diciembre","tasas_2024_66.xlsx"
"1870","Valores representativos de deuda emitidos por Fideicomisos de oferta pública","BANCO_CENTRAL-R3",0,2024,"Diciembre","tasas_2024_66.xlsx"
"1871","Valores representativos de deuda emitidos por Fideicomisos de oferta pública","FONDO_DE_SOLIDARIDAD_SOCIAL",0.001145,2024,"Diciembre","tasas_2024_66.xlsx"
"1872","Valores representativos de deuda emitidos por Fideicomisos de oferta pública","TOTAL_SISTEMA",0.00103276572973547,2024,"Diciembre","tasas_2024_66.xlsx"
"1873","Acciones de oferta pública 7","ATLÁNTICO",0.00075,2025,"Enero","tasas_2025_78.xlsx"
"1874","Acciones de oferta pública 7","CRECER",0.000729,2025,"Enero","tasas_2025_78.xlsx"
"1875","Acciones de oferta pública 7","JMMB_BDI",0.00075,2025,"Enero","tasas_2025_78.xlsx"
"1876","Acciones de oferta pública 7","POPULAR",0,2025,"Enero","tasas_2025_78.xlsx"
"1877","Acciones de oferta pública 7","RESERVAS",0.00075,2025,"Enero","tasas_2025_78.xlsx"
"1878","Acciones de oferta pública 7","ROMANA",0,2025,"Enero","tasas_2025_78.xlsx"
"1879","Acciones de oferta pública 7","SIEMBRA",0.00075,2025,"Enero","tasas_2025_78.xlsx"
"1880","Acciones de oferta pública 7","TOTAL_CCI",0.000742915372717149,2025,"Enero","tasas_2025_78.xlsx"
"1881","Acciones de oferta pública 7","RESERVAS-R3",0,2025,"Enero","tasas_2025_78.xlsx"
"1882","Acciones de oferta pública 7","BANCO_CENTRAL-R3",0.00075,2025,"Enero","tasas_2025_78.xlsx"
"1883","Acciones de oferta pública 7","FONDO_DE_SOLIDARIDAD_SOCIAL",0,2025,"Enero","tasas_2025_78.xlsx"
"1884","Acciones de oferta pública 7","TOTAL_SISTEMA",0.000742915424138737,2025,"Enero","tasas_2025_78.xlsx"
"1885","Bonos Ministerio de Hacienda","ATLÁNTICO",0.000591,2025,"Enero","tasas_2025_78.xlsx"
"1886","Bonos Ministerio de Hacienda","CRECER",0.000657,2025,"Enero","tasas_2025_78.xlsx"
"1887","Bonos Ministerio de Hacienda","JMMB_BDI",0.000542,2025,"Enero","tasas_2025_78.xlsx"
"1888","Bonos Ministerio de Hacienda","POPULAR",0.000638,2025,"Enero","tasas_2025_78.xlsx"
"1889","Bonos Ministerio de Hacienda","RESERVAS",0.000687,2025,"Enero","tasas_2025_78.xlsx"
"1890","Bonos Ministerio de Hacienda","ROMANA",0.000742,2025,"Enero","tasas_2025_78.xlsx"
"1891","Bonos Ministerio de Hacienda","SIEMBRA",0.000623,2025,"Enero","tasas_2025_78.xlsx"
"1892","Bonos Ministerio de Hacienda","TOTAL_CCI",0.000649936833829641,2025,"Enero","tasas_2025_78.xlsx"
"1893","Bonos Ministerio de Hacienda","RESERVAS-R3",0.000647,2025,"Enero","tasas_2025_78.xlsx"
"1894","Bonos Ministerio de Hacienda","BANCO_CENTRAL-R3",0.000694,2025,"Enero","tasas_2025_78.xlsx"
"1895","Bonos Ministerio de Hacienda","FONDO_DE_SOLIDARIDAD_SOCIAL",0.000627,2025,"Enero","tasas_2025_78.xlsx"
"1896","Bonos Ministerio de Hacienda","TOTAL_SISTEMA",0.000648853868496711,2025,"Enero","tasas_2025_78.xlsx"
"1897","Bonos EIF 1","ATLÁNTICO",0.001058,2025,"Enero","tasas_2025_78.xlsx"
"1898","Bonos EIF 1","CRECER",0.001012,2025,"Enero","tasas_2025_78.xlsx"
"1899","Bonos EIF 1","JMMB_BDI",0.001013,2025,"Enero","tasas_2025_78.xlsx"
"1900","Bonos EIF 1","POPULAR",0.001008,2025,"Enero","tasas_2025_78.xlsx"
"1901","Bonos EIF 1","RESERVAS",0.001001,2025,"Enero","tasas_2025_78.xlsx"
"1902","Bonos EIF 1","ROMANA",0.001,2025,"Enero","tasas_2025_78.xlsx"
"1903","Bonos EIF 1","SIEMBRA",0.001011,2025,"Enero","tasas_2025_78.xlsx"
"1904","Bonos EIF 1","TOTAL_CCI",0.00100947905136868,2025,"Enero","tasas_2025_78.xlsx"
"1905","Bonos EIF 1","RESERVAS-R3",0.001037,2025,"Enero","tasas_2025_78.xlsx"
"1906","Bonos EIF 1","BANCO_CENTRAL-R3",0.000952,2025,"Enero","tasas_2025_78.xlsx"
"1907","Bonos EIF 1","FONDO_DE_SOLIDARIDAD_SOCIAL",0.001001,2025,"Enero","tasas_2025_78.xlsx"
"1908","Bonos EIF 1","TOTAL_SISTEMA",0.0010090973732797,2025,"Enero","tasas_2025_78.xlsx"
"1909","Bonos Empresas","ATLÁNTICO",0.000995,2025,"Enero","tasas_2025_78.xlsx"
"1910","Bonos Empresas","CRECER",0.000986,2025,"Enero","tasas_2025_78.xlsx"
"1911","Bonos Empresas","JMMB_BDI",0.001092,2025,"Enero","tasas_2025_78.xlsx"
"1912","Bonos Empresas","POPULAR",0.000867,2025,"Enero","tasas_2025_78.xlsx"
"1913","Bonos Empresas","RESERVAS",0.000854,2025,"Enero","tasas_2025_78.xlsx"
"1914","Bonos Empresas","ROMANA",0,2025,"Enero","tasas_2025_78.xlsx"
"1915","Bonos Empresas","SIEMBRA",0.000624,2025,"Enero","tasas_2025_78.xlsx"
"1916","Bonos Empresas","TOTAL_CCI",0.000857841863958785,2025,"Enero","tasas_2025_78.xlsx"
"1917","Bonos Empresas","RESERVAS-R3",0.000889,2025,"Enero","tasas_2025_78.xlsx"
"1918","Bonos Empresas","BANCO_CENTRAL-R3",0.000864,2025,"Enero","tasas_2025_78.xlsx"
"1919","Bonos Empresas","FONDO_DE_SOLIDARIDAD_SOCIAL",0.000753,2025,"Enero","tasas_2025_78.xlsx"
"1920","Bonos Empresas","TOTAL_SISTEMA",0.000852933271433394,2025,"Enero","tasas_2025_78.xlsx"
"1921","Bonos de Hacienda para financiar desarrollo de  proyectos de infraestructura","ATLÁNTICO",0,2025,"Enero","tasas_2025_78.xlsx"
"1922","Bonos de Hacienda para financiar desarrollo de  proyectos de infraestructura","CRECER",0.000857,2025,"Enero","tasas_2025_78.xlsx"
"1923","Bonos de Hacienda para financiar desarrollo de  proyectos de infraestructura","JMMB_BDI",0,2025,"Enero","tasas_2025_78.xlsx"
"1924","Bonos de Hacienda para financiar desarrollo de  proyectos de infraestructura","POPULAR",0.000873,2025,"Enero","tasas_2025_78.xlsx"
"1925","Bonos de Hacienda para financiar desarrollo de  proyectos de infraestructura","RESERVAS",0.001049,2025,"Enero","tasas_2025_78.xlsx"
"1926","Bonos de Hacienda para financiar desarrollo de  proyectos de infraestructura","ROMANA",0,2025,"Enero","tasas_2025_78.xlsx"
"1927","Bonos de Hacienda para financiar desarrollo de  proyectos de infraestructura","SIEMBRA",0,2025,"Enero","tasas_2025_78.xlsx"
"1928","Bonos de Hacienda para financiar desarrollo de  proyectos de infraestructura","TOTAL_CCI",0.000895218309786128,2025,"Enero","tasas_2025_78.xlsx"
"1929","Bonos de Hacienda para financiar desarrollo de  proyectos de infraestructura","RESERVAS-R3",0,2025,"Enero","tasas_2025_78.xlsx"
"1930","Bonos de Hacienda para financiar desarrollo de  proyectos de infraestructura","BANCO_CENTRAL-R3",0,2025,"Enero","tasas_2025_78.xlsx"
"1931","Bonos de Hacienda para financiar desarrollo de  proyectos de infraestructura","FONDO_DE_SOLIDARIDAD_SOCIAL",0,2025,"Enero","tasas_2025_78.xlsx"
"1932","Bonos de Hacienda para financiar desarrollo de  proyectos de infraestructura","TOTAL_SISTEMA",0.000895218309786128,2025,"Enero","tasas_2025_78.xlsx"
"1933","Certificados de Depósito EIF1","ATLÁNTICO",0.001381,2025,"Enero","tasas_2025_78.xlsx"
"1934","Certificados de Depósito EIF1","CRECER",0.000985,2025,"Enero","tasas_2025_78.xlsx"
"1935","Certificados de Depósito EIF1","JMMB_BDI",0.001223,2025,"Enero","tasas_2025_78.xlsx"
"1936","Certificados de Depósito EIF1","POPULAR",0.001144,2025,"Enero","tasas_2025_78.xlsx"
"1937","Certificados de Depósito EIF1","RESERVAS",0.000956,2025,"Enero","tasas_2025_78.xlsx"
"1938","Certificados de Depósito EIF1","ROMANA",0.001269,2025,"Enero","tasas_2025_78.xlsx"
"1939","Certificados de Depósito EIF1","SIEMBRA",0.001076,2025,"Enero","tasas_2025_78.xlsx"
"1940","Certificados de Depósito EIF1","TOTAL_CCI",0.00108160395911366,2025,"Enero","tasas_2025_78.xlsx"
"1941","Certificados de Depósito EIF1","RESERVAS-R3",0.000958,2025,"Enero","tasas_2025_78.xlsx"
"1942","Certificados de Depósito EIF1","BANCO_CENTRAL-R3",0.001201,2025,"Enero","tasas_2025_78.xlsx"
"1943","Certificados de Depósito EIF1","FONDO_DE_SOLIDARIDAD_SOCIAL",0.000897,2025,"Enero","tasas_2025_78.xlsx"
"1944","Certificados de Depósito EIF1","TOTAL_SISTEMA",0.00107588398340163,2025,"Enero","tasas_2025_78.xlsx"
"1945","Certificados Inversión Especial BCRD2","ATLÁNTICO",0.000758,2025,"Enero","tasas_2025_78.xlsx"
"1946","Certificados Inversión Especial BCRD2","CRECER",0,2025,"Enero","tasas_2025_78.xlsx"
"1947","Certificados Inversión Especial BCRD2","JMMB_BDI",0.001172,2025,"Enero","tasas_2025_78.xlsx"
"1948","Certificados Inversión Especial BCRD2","POPULAR",0.00105,2025,"Enero","tasas_2025_78.xlsx"
"1949","Certificados Inversión Especial BCRD2","RESERVAS",0,2025,"Enero","tasas_2025_78.xlsx"
"1950","Certificados Inversión Especial BCRD2","ROMANA",0,2025,"Enero","tasas_2025_78.xlsx"
"1951","Certificados Inversión Especial BCRD2","SIEMBRA",0,2025,"Enero","tasas_2025_78.xlsx"
"1952","Certificados Inversión Especial BCRD2","TOTAL_CCI",0.00100279339733005,2025,"Enero","tasas_2025_78.xlsx"
"1953","Certificados Inversión Especial BCRD2","RESERVAS-R3",0,2025,"Enero","tasas_2025_78.xlsx"
"1954","Certificados Inversión Especial BCRD2","BANCO_CENTRAL-R3",0.001461,2025,"Enero","tasas_2025_78.xlsx"
"1955","Certificados Inversión Especial BCRD2","FONDO_DE_SOLIDARIDAD_SOCIAL",0,2025,"Enero","tasas_2025_78.xlsx"
"1956","Certificados Inversión Especial BCRD2","TOTAL_SISTEMA",0.0014403271498198,2025,"Enero","tasas_2025_78.xlsx"
"1957","Cuotas de Participación de Fondos de Inversión4","ATLÁNTICO",0.000783,2025,"Enero","tasas_2025_78.xlsx"
"1958","Cuotas de Participación de Fondos de Inversión4","CRECER",0.001712,2025,"Enero","tasas_2025_78.xlsx"
"1959","Cuotas de Participación de Fondos de Inversión4","JMMB_BDI",0.000417,2025,"Enero","tasas_2025_78.xlsx"
"1960","Cuotas de Participación de Fondos de Inversión4","POPULAR",0.000933,2025,"Enero","tasas_2025_78.xlsx"
"1961","Cuotas de Participación de Fondos de Inversión4","RESERVAS",0.000915,2025,"Enero","tasas_2025_78.xlsx"
"1962","Cuotas de Participación de Fondos de Inversión4","ROMANA",0,2025,"Enero","tasas_2025_78.xlsx"
"1963","Cuotas de Participación de Fondos de Inversión4","SIEMBRA",0.001329,2025,"Enero","tasas_2025_78.xlsx"
"1964","Cuotas de Participación de Fondos de Inversión4","TOTAL_CCI",0.00113561286914073,2025,"Enero","tasas_2025_78.xlsx"
"1965","Cuotas de Participación de Fondos de Inversión4","RESERVAS-R3",0.000738,2025,"Enero","tasas_2025_78.xlsx"
"1966","Cuotas de Participación de Fondos de Inversión4","BANCO_CENTRAL-R3",0,2025,"Enero","tasas_2025_78.xlsx"
"1967","Cuotas de Participación de Fondos de Inversión4","FONDO_DE_SOLIDARIDAD_SOCIAL",0.000773,2025,"Enero","tasas_2025_78.xlsx"
"1968","Cuotas de Participación de Fondos de Inversión4","TOTAL_SISTEMA",0.00109030995781865,2025,"Enero","tasas_2025_78.xlsx"
"1969","Cuotas de Participación de Fondos de Mutuos 6","ATLÁNTICO",0,2025,"Enero","tasas_2025_78.xlsx"
"1970","Cuotas de Participación de Fondos de Mutuos 6","CRECER",0,2025,"Enero","tasas_2025_78.xlsx"
"1971","Cuotas de Participación de Fondos de Mutuos 6","JMMB_BDI",0,2025,"Enero","tasas_2025_78.xlsx"
"1972","Cuotas de Participación de Fondos de Mutuos 6","POPULAR",0,2025,"Enero","tasas_2025_78.xlsx"
"1973","Cuotas de Participación de Fondos de Mutuos 6","RESERVAS",0,2025,"Enero","tasas_2025_78.xlsx"
"1974","Cuotas de Participación de Fondos de Mutuos 6","ROMANA",0,2025,"Enero","tasas_2025_78.xlsx"
"1975","Cuotas de Participación de Fondos de Mutuos 6","SIEMBRA",0,2025,"Enero","tasas_2025_78.xlsx"
"1976","Cuotas de Participación de Fondos de Mutuos 6","TOTAL_CCI",0,2025,"Enero","tasas_2025_78.xlsx"
"1977","Cuotas de Participación de Fondos de Mutuos 6","RESERVAS-R3",0,2025,"Enero","tasas_2025_78.xlsx"
"1978","Cuotas de Participación de Fondos de Mutuos 6","BANCO_CENTRAL-R3",0,2025,"Enero","tasas_2025_78.xlsx"
"1979","Cuotas de Participación de Fondos de Mutuos 6","FONDO_DE_SOLIDARIDAD_SOCIAL",0,2025,"Enero","tasas_2025_78.xlsx"
"1980","Cuotas de Participación de Fondos de Mutuos 6","TOTAL_SISTEMA",0,2025,"Enero","tasas_2025_78.xlsx"
"1981","Letras BCRD2","ATLÁNTICO",0,2025,"Enero","tasas_2025_78.xlsx"
"1982","Letras BCRD2","CRECER",0,2025,"Enero","tasas_2025_78.xlsx"
"1983","Letras BCRD2","JMMB_BDI",0,2025,"Enero","tasas_2025_78.xlsx"
"1984","Letras BCRD2","POPULAR",0,2025,"Enero","tasas_2025_78.xlsx"
"1985","Letras BCRD2","RESERVAS",0,2025,"Enero","tasas_2025_78.xlsx"
"1986","Letras BCRD2","ROMANA",0,2025,"Enero","tasas_2025_78.xlsx"
"1987","Letras BCRD2","SIEMBRA",0,2025,"Enero","tasas_2025_78.xlsx"
"1988","Letras BCRD2","TOTAL_CCI",0,2025,"Enero","tasas_2025_78.xlsx"
"1989","Letras BCRD2","RESERVAS-R3",0,2025,"Enero","tasas_2025_78.xlsx"
"1990","Letras BCRD2","BANCO_CENTRAL-R3",0,2025,"Enero","tasas_2025_78.xlsx"
"1991","Letras BCRD2","FONDO_DE_SOLIDARIDAD_SOCIAL",0,2025,"Enero","tasas_2025_78.xlsx"
"1992","Letras BCRD2","TOTAL_SISTEMA",0,2025,"Enero","tasas_2025_78.xlsx"
"1993","Notas BCRD2","ATLÁNTICO",0.000706,2025,"Enero","tasas_2025_78.xlsx"
"1994","Notas BCRD2","CRECER",0.000862,2025,"Enero","tasas_2025_78.xlsx"
"1995","Notas BCRD2","JMMB_BDI",0.000925,2025,"Enero","tasas_2025_78.xlsx"
"1996","Notas BCRD2","POPULAR",0.000902,2025,"Enero","tasas_2025_78.xlsx"
"1997","Notas BCRD2","RESERVAS",0.000811,2025,"Enero","tasas_2025_78.xlsx"
"1998","Notas BCRD2","ROMANA",9e-04,2025,"Enero","tasas_2025_78.xlsx"
"1999","Notas BCRD2","SIEMBRA",0.000906,2025,"Enero","tasas_2025_78.xlsx"
"2000","Notas BCRD2","TOTAL_CCI",0.000892698390949724,2025,"Enero","tasas_2025_78.xlsx"
"2001","Notas BCRD2","RESERVAS-R3",0.000763,2025,"Enero","tasas_2025_78.xlsx"
"2002","Notas BCRD2","BANCO_CENTRAL-R3",0.001233,2025,"Enero","tasas_2025_78.xlsx"
"2003","Notas BCRD2","FONDO_DE_SOLIDARIDAD_SOCIAL",0.000888,2025,"Enero","tasas_2025_78.xlsx"
"2004","Notas BCRD2","TOTAL_SISTEMA",0.000901033423998774,2025,"Enero","tasas_2025_78.xlsx"
"2005","Valores representativos de capital emitidos por Fideicomisos de oferta pública5","ATLÁNTICO",0.00139,2025,"Enero","tasas_2025_78.xlsx"
"2006","Valores representativos de capital emitidos por Fideicomisos de oferta pública5","CRECER",0.00139,2025,"Enero","tasas_2025_78.xlsx"
"2007","Valores representativos de capital emitidos por Fideicomisos de oferta pública5","JMMB_BDI",0.00139,2025,"Enero","tasas_2025_78.xlsx"
"2008","Valores representativos de capital emitidos por Fideicomisos de oferta pública5","POPULAR",0.00139,2025,"Enero","tasas_2025_78.xlsx"
"2009","Valores representativos de capital emitidos por Fideicomisos de oferta pública5","RESERVAS",0.00139,2025,"Enero","tasas_2025_78.xlsx"
"2010","Valores representativos de capital emitidos por Fideicomisos de oferta pública5","ROMANA",0,2025,"Enero","tasas_2025_78.xlsx"
"2011","Valores representativos de capital emitidos por Fideicomisos de oferta pública5","SIEMBRA",0.00139,2025,"Enero","tasas_2025_78.xlsx"
"2012","Valores representativos de capital emitidos por Fideicomisos de oferta pública5","TOTAL_CCI",0.00139,2025,"Enero","tasas_2025_78.xlsx"
"2013","Valores representativos de capital emitidos por Fideicomisos de oferta pública5","RESERVAS-R3",0,2025,"Enero","tasas_2025_78.xlsx"
"2014","Valores representativos de capital emitidos por Fideicomisos de oferta pública5","BANCO_CENTRAL-R3",0,2025,"Enero","tasas_2025_78.xlsx"
"2015","Valores representativos de capital emitidos por Fideicomisos de oferta pública5","FONDO_DE_SOLIDARIDAD_SOCIAL",0,2025,"Enero","tasas_2025_78.xlsx"
"2016","Valores representativos de capital emitidos por Fideicomisos de oferta pública5","TOTAL_SISTEMA",0.00139,2025,"Enero","tasas_2025_78.xlsx"
"2017","Valores representativos de deuda emitidos por Fideicomisos de oferta pública","ATLÁNTICO",0.001179,2025,"Enero","tasas_2025_78.xlsx"
"2018","Valores representativos de deuda emitidos por Fideicomisos de oferta pública","CRECER",0.000957,2025,"Enero","tasas_2025_78.xlsx"
"2019","Valores representativos de deuda emitidos por Fideicomisos de oferta pública","JMMB_BDI",0.000925,2025,"Enero","tasas_2025_78.xlsx"
"2020","Valores representativos de deuda emitidos por Fideicomisos de oferta pública","POPULAR",0.001114,2025,"Enero","tasas_2025_78.xlsx"
"2021","Valores representativos de deuda emitidos por Fideicomisos de oferta pública","RESERVAS",0.001144,2025,"Enero","tasas_2025_78.xlsx"
"2022","Valores representativos de deuda emitidos por Fideicomisos de oferta pública","ROMANA",0,2025,"Enero","tasas_2025_78.xlsx"
"2023","Valores representativos de deuda emitidos por Fideicomisos de oferta pública","SIEMBRA",0.001148,2025,"Enero","tasas_2025_78.xlsx"
"2024","Valores representativos de deuda emitidos por Fideicomisos de oferta pública","TOTAL_CCI",0.00102359546538319,2025,"Enero","tasas_2025_78.xlsx"
"2025","Valores representativos de deuda emitidos por Fideicomisos de oferta pública","RESERVAS-R3",0.000505,2025,"Enero","tasas_2025_78.xlsx"
"2026","Valores representativos de deuda emitidos por Fideicomisos de oferta pública","BANCO_CENTRAL-R3",0,2025,"Enero","tasas_2025_78.xlsx"
"2027","Valores representativos de deuda emitidos por Fideicomisos de oferta pública","FONDO_DE_SOLIDARIDAD_SOCIAL",0.001145,2025,"Enero","tasas_2025_78.xlsx"
"2028","Valores representativos de deuda emitidos por Fideicomisos de oferta pública","TOTAL_SISTEMA",0.00103284783175725,2025,"Enero","tasas_2025_78.xlsx"
"2029","Acciones de oferta pública 7","ATLÁNTICO",0.00075,2025,"Febrero","tasas_2025_78.xlsx"
"2030","Acciones de oferta pública 7","CRECER",0.000729,2025,"Febrero","tasas_2025_78.xlsx"
"2031","Acciones de oferta pública 7","JMMB_BDI",0.00075,2025,"Febrero","tasas_2025_78.xlsx"
"2032","Acciones de oferta pública 7","POPULAR",0,2025,"Febrero","tasas_2025_78.xlsx"
"2033","Acciones de oferta pública 7","RESERVAS",0.00075,2025,"Febrero","tasas_2025_78.xlsx"
"2034","Acciones de oferta pública 7","ROMANA",0,2025,"Febrero","tasas_2025_78.xlsx"
"2035","Acciones de oferta pública 7","SIEMBRA",0.00075,2025,"Febrero","tasas_2025_78.xlsx"
"2036","Acciones de oferta pública 7","TOTAL_CCI",0.000742915372717149,2025,"Febrero","tasas_2025_78.xlsx"
"2037","Acciones de oferta pública 7","RESERVAS-R3",0,2025,"Febrero","tasas_2025_78.xlsx"
"2038","Acciones de oferta pública 7","BANCO_CENTRAL-R3",0.00075,2025,"Febrero","tasas_2025_78.xlsx"
"2039","Acciones de oferta pública 7","FONDO_DE_SOLIDARIDAD_SOCIAL",0,2025,"Febrero","tasas_2025_78.xlsx"
"2040","Acciones de oferta pública 7","TOTAL_SISTEMA",0.000742915424138737,2025,"Febrero","tasas_2025_78.xlsx"
"2041","Bonos Ministerio de Hacienda","ATLÁNTICO",0.00059,2025,"Febrero","tasas_2025_78.xlsx"
"2042","Bonos Ministerio de Hacienda","CRECER",0.000655,2025,"Febrero","tasas_2025_78.xlsx"
"2043","Bonos Ministerio de Hacienda","JMMB_BDI",0.00052,2025,"Febrero","tasas_2025_78.xlsx"
"2044","Bonos Ministerio de Hacienda","POPULAR",0.000641,2025,"Febrero","tasas_2025_78.xlsx"
"2045","Bonos Ministerio de Hacienda","RESERVAS",0.000687,2025,"Febrero","tasas_2025_78.xlsx"
"2046","Bonos Ministerio de Hacienda","ROMANA",0.000742,2025,"Febrero","tasas_2025_78.xlsx"
"2047","Bonos Ministerio de Hacienda","SIEMBRA",0.000622,2025,"Febrero","tasas_2025_78.xlsx"
"2048","Bonos Ministerio de Hacienda","TOTAL_CCI",0.000649938561034917,2025,"Febrero","tasas_2025_78.xlsx"
"2049","Bonos Ministerio de Hacienda","RESERVAS-R3",0.000645,2025,"Febrero","tasas_2025_78.xlsx"
"2050","Bonos Ministerio de Hacienda","BANCO_CENTRAL-R3",0.000697,2025,"Febrero","tasas_2025_78.xlsx"
"2051","Bonos Ministerio de Hacienda","FONDO_DE_SOLIDARIDAD_SOCIAL",0.000627,2025,"Febrero","tasas_2025_78.xlsx"
"2052","Bonos Ministerio de Hacienda","TOTAL_SISTEMA",0.000648806139777856,2025,"Febrero","tasas_2025_78.xlsx"
"2053","Bonos EIF 1","ATLÁNTICO",0.001058,2025,"Febrero","tasas_2025_78.xlsx"
"2054","Bonos EIF 1","CRECER",0.001012,2025,"Febrero","tasas_2025_78.xlsx"
"2055","Bonos EIF 1","JMMB_BDI",0.001013,2025,"Febrero","tasas_2025_78.xlsx"
"2056","Bonos EIF 1","POPULAR",0.001012,2025,"Febrero","tasas_2025_78.xlsx"
"2057","Bonos EIF 1","RESERVAS",0.001006,2025,"Febrero","tasas_2025_78.xlsx"
"2058","Bonos EIF 1","ROMANA",0.001,2025,"Febrero","tasas_2025_78.xlsx"
"2059","Bonos EIF 1","SIEMBRA",0.001016,2025,"Febrero","tasas_2025_78.xlsx"
"2060","Bonos EIF 1","TOTAL_CCI",0.00101289585094185,2025,"Febrero","tasas_2025_78.xlsx"
"2061","Bonos EIF 1","RESERVAS-R3",0.001037,2025,"Febrero","tasas_2025_78.xlsx"
"2062","Bonos EIF 1","BANCO_CENTRAL-R3",0.000953,2025,"Febrero","tasas_2025_78.xlsx"
"2063","Bonos EIF 1","FONDO_DE_SOLIDARIDAD_SOCIAL",0.001025,2025,"Febrero","tasas_2025_78.xlsx"
"2064","Bonos EIF 1","TOTAL_SISTEMA",0.00101346080327066,2025,"Febrero","tasas_2025_78.xlsx"
"2065","Bonos Empresas","ATLÁNTICO",0.000998,2025,"Febrero","tasas_2025_78.xlsx"
"2066","Bonos Empresas","CRECER",0.000986,2025,"Febrero","tasas_2025_78.xlsx"
"2067","Bonos Empresas","JMMB_BDI",0.001095,2025,"Febrero","tasas_2025_78.xlsx"
"2068","Bonos Empresas","POPULAR",0.000865,2025,"Febrero","tasas_2025_78.xlsx"
"2069","Bonos Empresas","RESERVAS",0.000854,2025,"Febrero","tasas_2025_78.xlsx"
"2070","Bonos Empresas","ROMANA",0,2025,"Febrero","tasas_2025_78.xlsx"
"2071","Bonos Empresas","SIEMBRA",0.000624,2025,"Febrero","tasas_2025_78.xlsx"
"2072","Bonos Empresas","TOTAL_CCI",0.000859144728963,2025,"Febrero","tasas_2025_78.xlsx"
"2073","Bonos Empresas","RESERVAS-R3",0.000889,2025,"Febrero","tasas_2025_78.xlsx"
"2074","Bonos Empresas","BANCO_CENTRAL-R3",0.000847,2025,"Febrero","tasas_2025_78.xlsx"
"2075","Bonos Empresas","FONDO_DE_SOLIDARIDAD_SOCIAL",0.000753,2025,"Febrero","tasas_2025_78.xlsx"
"2076","Bonos Empresas","TOTAL_SISTEMA",0.000853563883117016,2025,"Febrero","tasas_2025_78.xlsx"
"2077","Bonos de Hacienda para financiar desarrollo de  proyectos de infraestructura","ATLÁNTICO",0,2025,"Febrero","tasas_2025_78.xlsx"
"2078","Bonos de Hacienda para financiar desarrollo de  proyectos de infraestructura","CRECER",0.000857,2025,"Febrero","tasas_2025_78.xlsx"
"2079","Bonos de Hacienda para financiar desarrollo de  proyectos de infraestructura","JMMB_BDI",0,2025,"Febrero","tasas_2025_78.xlsx"
"2080","Bonos de Hacienda para financiar desarrollo de  proyectos de infraestructura","POPULAR",0.000873,2025,"Febrero","tasas_2025_78.xlsx"
"2081","Bonos de Hacienda para financiar desarrollo de  proyectos de infraestructura","RESERVAS",0.001049,2025,"Febrero","tasas_2025_78.xlsx"
"2082","Bonos de Hacienda para financiar desarrollo de  proyectos de infraestructura","ROMANA",0,2025,"Febrero","tasas_2025_78.xlsx"
"2083","Bonos de Hacienda para financiar desarrollo de  proyectos de infraestructura","SIEMBRA",0,2025,"Febrero","tasas_2025_78.xlsx"
"2084","Bonos de Hacienda para financiar desarrollo de  proyectos de infraestructura","TOTAL_CCI",0.000895060415271691,2025,"Febrero","tasas_2025_78.xlsx"
"2085","Bonos de Hacienda para financiar desarrollo de  proyectos de infraestructura","RESERVAS-R3",0,2025,"Febrero","tasas_2025_78.xlsx"
"2086","Bonos de Hacienda para financiar desarrollo de  proyectos de infraestructura","BANCO_CENTRAL-R3",0,2025,"Febrero","tasas_2025_78.xlsx"
"2087","Bonos de Hacienda para financiar desarrollo de  proyectos de infraestructura","FONDO_DE_SOLIDARIDAD_SOCIAL",0,2025,"Febrero","tasas_2025_78.xlsx"
"2088","Bonos de Hacienda para financiar desarrollo de  proyectos de infraestructura","TOTAL_SISTEMA",0.000895060415271691,2025,"Febrero","tasas_2025_78.xlsx"
"2089","Certificados de Depósito EIF1","ATLÁNTICO",0.001055,2025,"Febrero","tasas_2025_78.xlsx"
"2090","Certificados de Depósito EIF1","CRECER",0.001005,2025,"Febrero","tasas_2025_78.xlsx"
"2091","Certificados de Depósito EIF1","JMMB_BDI",0.001121,2025,"Febrero","tasas_2025_78.xlsx"
"2092","Certificados de Depósito EIF1","POPULAR",0.000977,2025,"Febrero","tasas_2025_78.xlsx"
"2093","Certificados de Depósito EIF1","RESERVAS",0.000971,2025,"Febrero","tasas_2025_78.xlsx"
"2094","Certificados de Depósito EIF1","ROMANA",0.001264,2025,"Febrero","tasas_2025_78.xlsx"
"2095","Certificados de Depósito EIF1","SIEMBRA",0.001016,2025,"Febrero","tasas_2025_78.xlsx"
"2096","Certificados de Depósito EIF1","TOTAL_CCI",0.00101418964803332,2025,"Febrero","tasas_2025_78.xlsx"
"2097","Certificados de Depósito EIF1","RESERVAS-R3",0.00093,2025,"Febrero","tasas_2025_78.xlsx"
"2098","Certificados de Depósito EIF1","BANCO_CENTRAL-R3",0.001256,2025,"Febrero","tasas_2025_78.xlsx"
"2099","Certificados de Depósito EIF1","FONDO_DE_SOLIDARIDAD_SOCIAL",0.000859,2025,"Febrero","tasas_2025_78.xlsx"
"2100","Certificados de Depósito EIF1","TOTAL_SISTEMA",0.00101571011850783,2025,"Febrero","tasas_2025_78.xlsx"
"2101","Certificados Inversión Especial BCRD2","ATLÁNTICO",0,2025,"Febrero","tasas_2025_78.xlsx"
"2102","Certificados Inversión Especial BCRD2","CRECER",0,2025,"Febrero","tasas_2025_78.xlsx"
"2103","Certificados Inversión Especial BCRD2","JMMB_BDI",0.001172,2025,"Febrero","tasas_2025_78.xlsx"
"2104","Certificados Inversión Especial BCRD2","POPULAR",0.00105,2025,"Febrero","tasas_2025_78.xlsx"
"2105","Certificados Inversión Especial BCRD2","RESERVAS",0,2025,"Febrero","tasas_2025_78.xlsx"
"2106","Certificados Inversión Especial BCRD2","ROMANA",0,2025,"Febrero","tasas_2025_78.xlsx"
"2107","Certificados Inversión Especial BCRD2","SIEMBRA",0,2025,"Febrero","tasas_2025_78.xlsx"
"2108","Certificados Inversión Especial BCRD2","TOTAL_CCI",0.00105284162172686,2025,"Febrero","tasas_2025_78.xlsx"
"2109","Certificados Inversión Especial BCRD2","RESERVAS-R3",0,2025,"Febrero","tasas_2025_78.xlsx"
"2110","Certificados Inversión Especial BCRD2","BANCO_CENTRAL-R3",0.001461,2025,"Febrero","tasas_2025_78.xlsx"
"2111","Certificados Inversión Especial BCRD2","FONDO_DE_SOLIDARIDAD_SOCIAL",0,2025,"Febrero","tasas_2025_78.xlsx"
"2112","Certificados Inversión Especial BCRD2","TOTAL_SISTEMA",0.00144553423669381,2025,"Febrero","tasas_2025_78.xlsx"
"2113","Cuotas de Participación de Fondos de Inversión4","ATLÁNTICO",0.000816,2025,"Febrero","tasas_2025_78.xlsx"
"2114","Cuotas de Participación de Fondos de Inversión4","CRECER",0.001809,2025,"Febrero","tasas_2025_78.xlsx"
"2115","Cuotas de Participación de Fondos de Inversión4","JMMB_BDI",0.000511,2025,"Febrero","tasas_2025_78.xlsx"
"2116","Cuotas de Participación de Fondos de Inversión4","POPULAR",0.000935,2025,"Febrero","tasas_2025_78.xlsx"
"2117","Cuotas de Participación de Fondos de Inversión4","RESERVAS",0.000948,2025,"Febrero","tasas_2025_78.xlsx"
"2118","Cuotas de Participación de Fondos de Inversión4","ROMANA",0,2025,"Febrero","tasas_2025_78.xlsx"
"2119","Cuotas de Participación de Fondos de Inversión4","SIEMBRA",0.001338,2025,"Febrero","tasas_2025_78.xlsx"
"2120","Cuotas de Participación de Fondos de Inversión4","TOTAL_CCI",0.00116390316222428,2025,"Febrero","tasas_2025_78.xlsx"
"2121","Cuotas de Participación de Fondos de Inversión4","RESERVAS-R3",0.000735,2025,"Febrero","tasas_2025_78.xlsx"
"2122","Cuotas de Participación de Fondos de Inversión4","BANCO_CENTRAL-R3",0,2025,"Febrero","tasas_2025_78.xlsx"
"2123","Cuotas de Participación de Fondos de Inversión4","FONDO_DE_SOLIDARIDAD_SOCIAL",0.000772,2025,"Febrero","tasas_2025_78.xlsx"
"2124","Cuotas de Participación de Fondos de Inversión4","TOTAL_SISTEMA",0.0011147177407606,2025,"Febrero","tasas_2025_78.xlsx"
"2125","Cuotas de Participación de Fondos de Mutuos 6","ATLÁNTICO",0,2025,"Febrero","tasas_2025_78.xlsx"
"2126","Cuotas de Participación de Fondos de Mutuos 6","CRECER",0,2025,"Febrero","tasas_2025_78.xlsx"
"2127","Cuotas de Participación de Fondos de Mutuos 6","JMMB_BDI",0,2025,"Febrero","tasas_2025_78.xlsx"
"2128","Cuotas de Participación de Fondos de Mutuos 6","POPULAR",0,2025,"Febrero","tasas_2025_78.xlsx"
"2129","Cuotas de Participación de Fondos de Mutuos 6","RESERVAS",0,2025,"Febrero","tasas_2025_78.xlsx"
"2130","Cuotas de Participación de Fondos de Mutuos 6","ROMANA",0,2025,"Febrero","tasas_2025_78.xlsx"
"2131","Cuotas de Participación de Fondos de Mutuos 6","SIEMBRA",0,2025,"Febrero","tasas_2025_78.xlsx"
"2132","Cuotas de Participación de Fondos de Mutuos 6","TOTAL_CCI",0,2025,"Febrero","tasas_2025_78.xlsx"
"2133","Cuotas de Participación de Fondos de Mutuos 6","RESERVAS-R3",0,2025,"Febrero","tasas_2025_78.xlsx"
"2134","Cuotas de Participación de Fondos de Mutuos 6","BANCO_CENTRAL-R3",0,2025,"Febrero","tasas_2025_78.xlsx"
"2135","Cuotas de Participación de Fondos de Mutuos 6","FONDO_DE_SOLIDARIDAD_SOCIAL",0,2025,"Febrero","tasas_2025_78.xlsx"
"2136","Cuotas de Participación de Fondos de Mutuos 6","TOTAL_SISTEMA",0,2025,"Febrero","tasas_2025_78.xlsx"
"2137","Letras BCRD2","ATLÁNTICO",0,2025,"Febrero","tasas_2025_78.xlsx"
"2138","Letras BCRD2","CRECER",0,2025,"Febrero","tasas_2025_78.xlsx"
"2139","Letras BCRD2","JMMB_BDI",0,2025,"Febrero","tasas_2025_78.xlsx"
"2140","Letras BCRD2","POPULAR",0,2025,"Febrero","tasas_2025_78.xlsx"
"2141","Letras BCRD2","RESERVAS",0,2025,"Febrero","tasas_2025_78.xlsx"
"2142","Letras BCRD2","ROMANA",0,2025,"Febrero","tasas_2025_78.xlsx"
"2143","Letras BCRD2","SIEMBRA",0,2025,"Febrero","tasas_2025_78.xlsx"
"2144","Letras BCRD2","TOTAL_CCI",0,2025,"Febrero","tasas_2025_78.xlsx"
"2145","Letras BCRD2","RESERVAS-R3",0,2025,"Febrero","tasas_2025_78.xlsx"
"2146","Letras BCRD2","BANCO_CENTRAL-R3",0,2025,"Febrero","tasas_2025_78.xlsx"
"2147","Letras BCRD2","FONDO_DE_SOLIDARIDAD_SOCIAL",0,2025,"Febrero","tasas_2025_78.xlsx"
"2148","Letras BCRD2","TOTAL_SISTEMA",0,2025,"Febrero","tasas_2025_78.xlsx"
"2149","Notas BCRD2","ATLÁNTICO",0.000706,2025,"Febrero","tasas_2025_78.xlsx"
"2150","Notas BCRD2","CRECER",0.000859,2025,"Febrero","tasas_2025_78.xlsx"
"2151","Notas BCRD2","JMMB_BDI",0.000946,2025,"Febrero","tasas_2025_78.xlsx"
"2152","Notas BCRD2","POPULAR",0.000892,2025,"Febrero","tasas_2025_78.xlsx"
"2153","Notas BCRD2","RESERVAS",0.000837,2025,"Febrero","tasas_2025_78.xlsx"
"2154","Notas BCRD2","ROMANA",0.000902,2025,"Febrero","tasas_2025_78.xlsx"
"2155","Notas BCRD2","SIEMBRA",0.000878,2025,"Febrero","tasas_2025_78.xlsx"
"2156","Notas BCRD2","TOTAL_CCI",0.000879487196280723,2025,"Febrero","tasas_2025_78.xlsx"
"2157","Notas BCRD2","RESERVAS-R3",0.000702,2025,"Febrero","tasas_2025_78.xlsx"
"2158","Notas BCRD2","BANCO_CENTRAL-R3",0.001231,2025,"Febrero","tasas_2025_78.xlsx"
"2159","Notas BCRD2","FONDO_DE_SOLIDARIDAD_SOCIAL",0.000738,2025,"Febrero","tasas_2025_78.xlsx"
"2160","Notas BCRD2","TOTAL_SISTEMA",0.000888923107308997,2025,"Febrero","tasas_2025_78.xlsx"
"2161","Valores representativos de capital emitidos por Fideicomisos de oferta pública5","ATLÁNTICO",0.00082,2025,"Febrero","tasas_2025_78.xlsx"
"2162","Valores representativos de capital emitidos por Fideicomisos de oferta pública5","CRECER",0.00082,2025,"Febrero","tasas_2025_78.xlsx"
"2163","Valores representativos de capital emitidos por Fideicomisos de oferta pública5","JMMB_BDI",0.00082,2025,"Febrero","tasas_2025_78.xlsx"
"2164","Valores representativos de capital emitidos por Fideicomisos de oferta pública5","POPULAR",0.00082,2025,"Febrero","tasas_2025_78.xlsx"
"2165","Valores representativos de capital emitidos por Fideicomisos de oferta pública5","RESERVAS",0.00082,2025,"Febrero","tasas_2025_78.xlsx"
"2166","Valores representativos de capital emitidos por Fideicomisos de oferta pública5","ROMANA",0,2025,"Febrero","tasas_2025_78.xlsx"
"2167","Valores representativos de capital emitidos por Fideicomisos de oferta pública5","SIEMBRA",0.00082,2025,"Febrero","tasas_2025_78.xlsx"
"2168","Valores representativos de capital emitidos por Fideicomisos de oferta pública5","TOTAL_CCI",0.00082,2025,"Febrero","tasas_2025_78.xlsx"
"2169","Valores representativos de capital emitidos por Fideicomisos de oferta pública5","RESERVAS-R3",0,2025,"Febrero","tasas_2025_78.xlsx"
"2170","Valores representativos de capital emitidos por Fideicomisos de oferta pública5","BANCO_CENTRAL-R3",0,2025,"Febrero","tasas_2025_78.xlsx"
"2171","Valores representativos de capital emitidos por Fideicomisos de oferta pública5","FONDO_DE_SOLIDARIDAD_SOCIAL",0,2025,"Febrero","tasas_2025_78.xlsx"
"2172","Valores representativos de capital emitidos por Fideicomisos de oferta pública5","TOTAL_SISTEMA",0.00082,2025,"Febrero","tasas_2025_78.xlsx"
"2173","Valores representativos de deuda emitidos por Fideicomisos de oferta pública","ATLÁNTICO",0.001179,2025,"Febrero","tasas_2025_78.xlsx"
"2174","Valores representativos de deuda emitidos por Fideicomisos de oferta pública","CRECER",0.000956,2025,"Febrero","tasas_2025_78.xlsx"
"2175","Valores representativos de deuda emitidos por Fideicomisos de oferta pública","JMMB_BDI",0.000925,2025,"Febrero","tasas_2025_78.xlsx"
"2176","Valores representativos de deuda emitidos por Fideicomisos de oferta pública","POPULAR",0.001114,2025,"Febrero","tasas_2025_78.xlsx"
"2177","Valores representativos de deuda emitidos por Fideicomisos de oferta pública","RESERVAS",0.001145,2025,"Febrero","tasas_2025_78.xlsx"
"2178","Valores representativos de deuda emitidos por Fideicomisos de oferta pública","ROMANA",0,2025,"Febrero","tasas_2025_78.xlsx"
"2179","Valores representativos de deuda emitidos por Fideicomisos de oferta pública","SIEMBRA",0.001149,2025,"Febrero","tasas_2025_78.xlsx"
"2180","Valores representativos de deuda emitidos por Fideicomisos de oferta pública","TOTAL_CCI",0.00102344212108473,2025,"Febrero","tasas_2025_78.xlsx"
"2181","Valores representativos de deuda emitidos por Fideicomisos de oferta pública","RESERVAS-R3",0.000505,2025,"Febrero","tasas_2025_78.xlsx"
"2182","Valores representativos de deuda emitidos por Fideicomisos de oferta pública","BANCO_CENTRAL-R3",0,2025,"Febrero","tasas_2025_78.xlsx"
"2183","Valores representativos de deuda emitidos por Fideicomisos de oferta pública","FONDO_DE_SOLIDARIDAD_SOCIAL",0.001145,2025,"Febrero","tasas_2025_78.xlsx"
"2184","Valores representativos de deuda emitidos por Fideicomisos de oferta pública","TOTAL_SISTEMA",0.00103255732338978,2025,"Febrero","tasas_2025_78.xlsx"
"2185","Acciones de oferta pública 7","ATLÁNTICO",0.000593,2025,"Marzo","tasas_2025_78.xlsx"
"2186","Acciones de oferta pública 7","CRECER",0.000573,2025,"Marzo","tasas_2025_78.xlsx"
"2187","Acciones de oferta pública 7","JMMB_BDI",0.000593,2025,"Marzo","tasas_2025_78.xlsx"
"2188","Acciones de oferta pública 7","POPULAR",0,2025,"Marzo","tasas_2025_78.xlsx"
"2189","Acciones de oferta pública 7","RESERVAS",0.000593,2025,"Marzo","tasas_2025_78.xlsx"
"2190","Acciones de oferta pública 7","ROMANA",0,2025,"Marzo","tasas_2025_78.xlsx"
"2191","Acciones de oferta pública 7","SIEMBRA",0.000593,2025,"Marzo","tasas_2025_78.xlsx"
"2192","Acciones de oferta pública 7","TOTAL_CCI",0.00058625273592112,2025,"Marzo","tasas_2025_78.xlsx"
"2193","Acciones de oferta pública 7","RESERVAS-R3",0,2025,"Marzo","tasas_2025_78.xlsx"
"2194","Acciones de oferta pública 7","BANCO_CENTRAL-R3",0.000593,2025,"Marzo","tasas_2025_78.xlsx"
"2195","Acciones de oferta pública 7","FONDO_DE_SOLIDARIDAD_SOCIAL",0,2025,"Marzo","tasas_2025_78.xlsx"
"2196","Acciones de oferta pública 7","TOTAL_SISTEMA",0.000586252784894067,2025,"Marzo","tasas_2025_78.xlsx"
"2197","Bonos Ministerio de Hacienda","ATLÁNTICO",0.000592,2025,"Marzo","tasas_2025_78.xlsx"
"2198","Bonos Ministerio de Hacienda","CRECER",0.000649,2025,"Marzo","tasas_2025_78.xlsx"
"2199","Bonos Ministerio de Hacienda","JMMB_BDI",0.000556,2025,"Marzo","tasas_2025_78.xlsx"
"2200","Bonos Ministerio de Hacienda","POPULAR",0.00064,2025,"Marzo","tasas_2025_78.xlsx"
"2201","Bonos Ministerio de Hacienda","RESERVAS",0.000676,2025,"Marzo","tasas_2025_78.xlsx"
"2202","Bonos Ministerio de Hacienda","ROMANA",0.000743,2025,"Marzo","tasas_2025_78.xlsx"
"2203","Bonos Ministerio de Hacienda","SIEMBRA",0.000624,2025,"Marzo","tasas_2025_78.xlsx"
"2204","Bonos Ministerio de Hacienda","TOTAL_CCI",0.00064593576138573,2025,"Marzo","tasas_2025_78.xlsx"
"2205","Bonos Ministerio de Hacienda","RESERVAS-R3",0.000649,2025,"Marzo","tasas_2025_78.xlsx"
"2206","Bonos Ministerio de Hacienda","BANCO_CENTRAL-R3",0.000697,2025,"Marzo","tasas_2025_78.xlsx"
"2207","Bonos Ministerio de Hacienda","FONDO_DE_SOLIDARIDAD_SOCIAL",0.000629,2025,"Marzo","tasas_2025_78.xlsx"
"2208","Bonos Ministerio de Hacienda","TOTAL_SISTEMA",0.00064558992771948,2025,"Marzo","tasas_2025_78.xlsx"
"2209","Bonos EIF 1","ATLÁNTICO",0.001058,2025,"Marzo","tasas_2025_78.xlsx"
"2210","Bonos EIF 1","CRECER",0.001015,2025,"Marzo","tasas_2025_78.xlsx"
"2211","Bonos EIF 1","JMMB_BDI",0.001015,2025,"Marzo","tasas_2025_78.xlsx"
"2212","Bonos EIF 1","POPULAR",0.001013,2025,"Marzo","tasas_2025_78.xlsx"
"2213","Bonos EIF 1","RESERVAS",0.001006,2025,"Marzo","tasas_2025_78.xlsx"
"2214","Bonos EIF 1","ROMANA",0.001,2025,"Marzo","tasas_2025_78.xlsx"
"2215","Bonos EIF 1","SIEMBRA",0.001017,2025,"Marzo","tasas_2025_78.xlsx"
"2216","Bonos EIF 1","TOTAL_CCI",0.00101420229850113,2025,"Marzo","tasas_2025_78.xlsx"
"2217","Bonos EIF 1","RESERVAS-R3",0.001037,2025,"Marzo","tasas_2025_78.xlsx"
"2218","Bonos EIF 1","BANCO_CENTRAL-R3",0.000953,2025,"Marzo","tasas_2025_78.xlsx"
"2219","Bonos EIF 1","FONDO_DE_SOLIDARIDAD_SOCIAL",0.001025,2025,"Marzo","tasas_2025_78.xlsx"
"2220","Bonos EIF 1","TOTAL_SISTEMA",0.00101467522081418,2025,"Marzo","tasas_2025_78.xlsx"
"2221","Bonos Empresas","ATLÁNTICO",0.001009,2025,"Marzo","tasas_2025_78.xlsx"
"2222","Bonos Empresas","CRECER",0.000985,2025,"Marzo","tasas_2025_78.xlsx"
"2223","Bonos Empresas","JMMB_BDI",0.001095,2025,"Marzo","tasas_2025_78.xlsx"
"2224","Bonos Empresas","POPULAR",0.000863,2025,"Marzo","tasas_2025_78.xlsx"
"2225","Bonos Empresas","RESERVAS",0.000854,2025,"Marzo","tasas_2025_78.xlsx"
"2226","Bonos Empresas","ROMANA",0,2025,"Marzo","tasas_2025_78.xlsx"
"2227","Bonos Empresas","SIEMBRA",0.000623,2025,"Marzo","tasas_2025_78.xlsx"
"2228","Bonos Empresas","TOTAL_CCI",0.0008585806739051,2025,"Marzo","tasas_2025_78.xlsx"
"2229","Bonos Empresas","RESERVAS-R3",0.000884,2025,"Marzo","tasas_2025_78.xlsx"
"2230","Bonos Empresas","BANCO_CENTRAL-R3",0.000844,2025,"Marzo","tasas_2025_78.xlsx"
"2231","Bonos Empresas","FONDO_DE_SOLIDARIDAD_SOCIAL",0.000752,2025,"Marzo","tasas_2025_78.xlsx"
"2232","Bonos Empresas","TOTAL_SISTEMA",0.000852896359511131,2025,"Marzo","tasas_2025_78.xlsx"
"2233","Bonos de Hacienda para financiar desarrollo de  proyectos de infraestructura","ATLÁNTICO",0,2025,"Marzo","tasas_2025_78.xlsx"
"2234","Bonos de Hacienda para financiar desarrollo de  proyectos de infraestructura","CRECER",0.000857,2025,"Marzo","tasas_2025_78.xlsx"
"2235","Bonos de Hacienda para financiar desarrollo de  proyectos de infraestructura","JMMB_BDI",0,2025,"Marzo","tasas_2025_78.xlsx"
"2236","Bonos de Hacienda para financiar desarrollo de  proyectos de infraestructura","POPULAR",0.000873,2025,"Marzo","tasas_2025_78.xlsx"
"2237","Bonos de Hacienda para financiar desarrollo de  proyectos de infraestructura","RESERVAS",0.001029,2025,"Marzo","tasas_2025_78.xlsx"
"2238","Bonos de Hacienda para financiar desarrollo de  proyectos de infraestructura","ROMANA",0,2025,"Marzo","tasas_2025_78.xlsx"
"2239","Bonos de Hacienda para financiar desarrollo de  proyectos de infraestructura","SIEMBRA",0,2025,"Marzo","tasas_2025_78.xlsx"
"2240","Bonos de Hacienda para financiar desarrollo de  proyectos de infraestructura","TOTAL_CCI",0.000891240089505346,2025,"Marzo","tasas_2025_78.xlsx"
"2241","Bonos de Hacienda para financiar desarrollo de  proyectos de infraestructura","RESERVAS-R3",0,2025,"Marzo","tasas_2025_78.xlsx"
"2242","Bonos de Hacienda para financiar desarrollo de  proyectos de infraestructura","BANCO_CENTRAL-R3",0,2025,"Marzo","tasas_2025_78.xlsx"
"2243","Bonos de Hacienda para financiar desarrollo de  proyectos de infraestructura","FONDO_DE_SOLIDARIDAD_SOCIAL",0,2025,"Marzo","tasas_2025_78.xlsx"
"2244","Bonos de Hacienda para financiar desarrollo de  proyectos de infraestructura","TOTAL_SISTEMA",0.000891240089505346,2025,"Marzo","tasas_2025_78.xlsx"
"2245","Certificados de Depósito EIF1","ATLÁNTICO",0.000905,2025,"Marzo","tasas_2025_78.xlsx"
"2246","Certificados de Depósito EIF1","CRECER",0.000943,2025,"Marzo","tasas_2025_78.xlsx"
"2247","Certificados de Depósito EIF1","JMMB_BDI",0.001125,2025,"Marzo","tasas_2025_78.xlsx"
"2248","Certificados de Depósito EIF1","POPULAR",0.000901,2025,"Marzo","tasas_2025_78.xlsx"
"2249","Certificados de Depósito EIF1","RESERVAS",0.000998,2025,"Marzo","tasas_2025_78.xlsx"
"2250","Certificados de Depósito EIF1","ROMANA",0.00125,2025,"Marzo","tasas_2025_78.xlsx"
"2251","Certificados de Depósito EIF1","SIEMBRA",0.000944,2025,"Marzo","tasas_2025_78.xlsx"
"2252","Certificados de Depósito EIF1","TOTAL_CCI",0.000973031431016604,2025,"Marzo","tasas_2025_78.xlsx"
"2253","Certificados de Depósito EIF1","RESERVAS-R3",0.000912,2025,"Marzo","tasas_2025_78.xlsx"
"2254","Certificados de Depósito EIF1","BANCO_CENTRAL-R3",0.001144,2025,"Marzo","tasas_2025_78.xlsx"
"2255","Certificados de Depósito EIF1","FONDO_DE_SOLIDARIDAD_SOCIAL",0.000849,2025,"Marzo","tasas_2025_78.xlsx"
"2256","Certificados de Depósito EIF1","TOTAL_SISTEMA",0.000972109937910122,2025,"Marzo","tasas_2025_78.xlsx"
"2257","Certificados Inversión Especial BCRD2","ATLÁNTICO",0,2025,"Marzo","tasas_2025_78.xlsx"
"2258","Certificados Inversión Especial BCRD2","CRECER",0,2025,"Marzo","tasas_2025_78.xlsx"
"2259","Certificados Inversión Especial BCRD2","JMMB_BDI",0.001172,2025,"Marzo","tasas_2025_78.xlsx"
"2260","Certificados Inversión Especial BCRD2","POPULAR",0.00105,2025,"Marzo","tasas_2025_78.xlsx"
"2261","Certificados Inversión Especial BCRD2","RESERVAS",0,2025,"Marzo","tasas_2025_78.xlsx"
"2262","Certificados Inversión Especial BCRD2","ROMANA",0,2025,"Marzo","tasas_2025_78.xlsx"
"2263","Certificados Inversión Especial BCRD2","SIEMBRA",0,2025,"Marzo","tasas_2025_78.xlsx"
"2264","Certificados Inversión Especial BCRD2","TOTAL_CCI",0.00105285498627467,2025,"Marzo","tasas_2025_78.xlsx"
"2265","Certificados Inversión Especial BCRD2","RESERVAS-R3",0,2025,"Marzo","tasas_2025_78.xlsx"
"2266","Certificados Inversión Especial BCRD2","BANCO_CENTRAL-R3",0.001465,2025,"Marzo","tasas_2025_78.xlsx"
"2267","Certificados Inversión Especial BCRD2","FONDO_DE_SOLIDARIDAD_SOCIAL",0,2025,"Marzo","tasas_2025_78.xlsx"
"2268","Certificados Inversión Especial BCRD2","TOTAL_SISTEMA",0.00144931816000385,2025,"Marzo","tasas_2025_78.xlsx"
"2269","Cuotas de Participación de Fondos de Inversión4","ATLÁNTICO",0.000826,2025,"Marzo","tasas_2025_78.xlsx"
"2270","Cuotas de Participación de Fondos de Inversión4","CRECER",0.001371,2025,"Marzo","tasas_2025_78.xlsx"
"2271","Cuotas de Participación de Fondos de Inversión4","JMMB_BDI",0.000635,2025,"Marzo","tasas_2025_78.xlsx"
"2272","Cuotas de Participación de Fondos de Inversión4","POPULAR",0.000952,2025,"Marzo","tasas_2025_78.xlsx"
"2273","Cuotas de Participación de Fondos de Inversión4","RESERVAS",0.00095,2025,"Marzo","tasas_2025_78.xlsx"
"2274","Cuotas de Participación de Fondos de Inversión4","ROMANA",0,2025,"Marzo","tasas_2025_78.xlsx"
"2275","Cuotas de Participación de Fondos de Inversión4","SIEMBRA",0.001319,2025,"Marzo","tasas_2025_78.xlsx"
"2276","Cuotas de Participación de Fondos de Inversión4","TOTAL_CCI",0.00107825564856302,2025,"Marzo","tasas_2025_78.xlsx"
"2277","Cuotas de Participación de Fondos de Inversión4","RESERVAS-R3",0.000722,2025,"Marzo","tasas_2025_78.xlsx"
"2278","Cuotas de Participación de Fondos de Inversión4","BANCO_CENTRAL-R3",0,2025,"Marzo","tasas_2025_78.xlsx"
"2279","Cuotas de Participación de Fondos de Inversión4","FONDO_DE_SOLIDARIDAD_SOCIAL",0.000757,2025,"Marzo","tasas_2025_78.xlsx"
"2280","Cuotas de Participación de Fondos de Inversión4","TOTAL_SISTEMA",0.00103783981258827,2025,"Marzo","tasas_2025_78.xlsx"
"2281","Cuotas de Participación de Fondos de Mutuos 6","ATLÁNTICO",0,2025,"Marzo","tasas_2025_78.xlsx"
"2282","Cuotas de Participación de Fondos de Mutuos 6","CRECER",0,2025,"Marzo","tasas_2025_78.xlsx"
"2283","Cuotas de Participación de Fondos de Mutuos 6","JMMB_BDI",0,2025,"Marzo","tasas_2025_78.xlsx"
"2284","Cuotas de Participación de Fondos de Mutuos 6","POPULAR",0,2025,"Marzo","tasas_2025_78.xlsx"
"2285","Cuotas de Participación de Fondos de Mutuos 6","RESERVAS",0,2025,"Marzo","tasas_2025_78.xlsx"
"2286","Cuotas de Participación de Fondos de Mutuos 6","ROMANA",0,2025,"Marzo","tasas_2025_78.xlsx"
"2287","Cuotas de Participación de Fondos de Mutuos 6","SIEMBRA",0,2025,"Marzo","tasas_2025_78.xlsx"
"2288","Cuotas de Participación de Fondos de Mutuos 6","TOTAL_CCI",0,2025,"Marzo","tasas_2025_78.xlsx"
"2289","Cuotas de Participación de Fondos de Mutuos 6","RESERVAS-R3",0,2025,"Marzo","tasas_2025_78.xlsx"
"2290","Cuotas de Participación de Fondos de Mutuos 6","BANCO_CENTRAL-R3",0,2025,"Marzo","tasas_2025_78.xlsx"
"2291","Cuotas de Participación de Fondos de Mutuos 6","FONDO_DE_SOLIDARIDAD_SOCIAL",0,2025,"Marzo","tasas_2025_78.xlsx"
"2292","Cuotas de Participación de Fondos de Mutuos 6","TOTAL_SISTEMA",0,2025,"Marzo","tasas_2025_78.xlsx"
"2293","Letras BCRD2","ATLÁNTICO",0,2025,"Marzo","tasas_2025_78.xlsx"
"2294","Letras BCRD2","CRECER",0,2025,"Marzo","tasas_2025_78.xlsx"
"2295","Letras BCRD2","JMMB_BDI",0,2025,"Marzo","tasas_2025_78.xlsx"
"2296","Letras BCRD2","POPULAR",0,2025,"Marzo","tasas_2025_78.xlsx"
"2297","Letras BCRD2","RESERVAS",0,2025,"Marzo","tasas_2025_78.xlsx"
"2298","Letras BCRD2","ROMANA",0,2025,"Marzo","tasas_2025_78.xlsx"
"2299","Letras BCRD2","SIEMBRA",0,2025,"Marzo","tasas_2025_78.xlsx"
"2300","Letras BCRD2","TOTAL_CCI",0,2025,"Marzo","tasas_2025_78.xlsx"
"2301","Letras BCRD2","RESERVAS-R3",0,2025,"Marzo","tasas_2025_78.xlsx"
"2302","Letras BCRD2","BANCO_CENTRAL-R3",0,2025,"Marzo","tasas_2025_78.xlsx"
"2303","Letras BCRD2","FONDO_DE_SOLIDARIDAD_SOCIAL",0,2025,"Marzo","tasas_2025_78.xlsx"
"2304","Letras BCRD2","TOTAL_SISTEMA",0,2025,"Marzo","tasas_2025_78.xlsx"
"2305","Notas BCRD2","ATLÁNTICO",0.000673,2025,"Marzo","tasas_2025_78.xlsx"
"2306","Notas BCRD2","CRECER",0.000861,2025,"Marzo","tasas_2025_78.xlsx"
"2307","Notas BCRD2","JMMB_BDI",0.000912,2025,"Marzo","tasas_2025_78.xlsx"
"2308","Notas BCRD2","POPULAR",0.000925,2025,"Marzo","tasas_2025_78.xlsx"
"2309","Notas BCRD2","RESERVAS",0.000869,2025,"Marzo","tasas_2025_78.xlsx"
"2310","Notas BCRD2","ROMANA",0.000901,2025,"Marzo","tasas_2025_78.xlsx"
"2311","Notas BCRD2","SIEMBRA",0.001024,2025,"Marzo","tasas_2025_78.xlsx"
"2312","Notas BCRD2","TOTAL_CCI",0.00094976336173007,2025,"Marzo","tasas_2025_78.xlsx"
"2313","Notas BCRD2","RESERVAS-R3",0.000701,2025,"Marzo","tasas_2025_78.xlsx"
"2314","Notas BCRD2","BANCO_CENTRAL-R3",0.001246,2025,"Marzo","tasas_2025_78.xlsx"
"2315","Notas BCRD2","FONDO_DE_SOLIDARIDAD_SOCIAL",0.000738,2025,"Marzo","tasas_2025_78.xlsx"
"2316","Notas BCRD2","TOTAL_SISTEMA",0.000956657531735145,2025,"Marzo","tasas_2025_78.xlsx"
"2317","Valores representativos de capital emitidos por Fideicomisos de oferta pública5","ATLÁNTICO",0.000665,2025,"Marzo","tasas_2025_78.xlsx"
"2318","Valores representativos de capital emitidos por Fideicomisos de oferta pública5","CRECER",0.000665,2025,"Marzo","tasas_2025_78.xlsx"
"2319","Valores representativos de capital emitidos por Fideicomisos de oferta pública5","JMMB_BDI",0.000665,2025,"Marzo","tasas_2025_78.xlsx"
"2320","Valores representativos de capital emitidos por Fideicomisos de oferta pública5","POPULAR",0.000665,2025,"Marzo","tasas_2025_78.xlsx"
"2321","Valores representativos de capital emitidos por Fideicomisos de oferta pública5","RESERVAS",0.000665,2025,"Marzo","tasas_2025_78.xlsx"
"2322","Valores representativos de capital emitidos por Fideicomisos de oferta pública5","ROMANA",0,2025,"Marzo","tasas_2025_78.xlsx"
"2323","Valores representativos de capital emitidos por Fideicomisos de oferta pública5","SIEMBRA",0.000665,2025,"Marzo","tasas_2025_78.xlsx"
"2324","Valores representativos de capital emitidos por Fideicomisos de oferta pública5","TOTAL_CCI",0.000665,2025,"Marzo","tasas_2025_78.xlsx"
"2325","Valores representativos de capital emitidos por Fideicomisos de oferta pública5","RESERVAS-R3",0,2025,"Marzo","tasas_2025_78.xlsx"
"2326","Valores representativos de capital emitidos por Fideicomisos de oferta pública5","BANCO_CENTRAL-R3",0,2025,"Marzo","tasas_2025_78.xlsx"
"2327","Valores representativos de capital emitidos por Fideicomisos de oferta pública5","FONDO_DE_SOLIDARIDAD_SOCIAL",0,2025,"Marzo","tasas_2025_78.xlsx"
"2328","Valores representativos de capital emitidos por Fideicomisos de oferta pública5","TOTAL_SISTEMA",0.000665,2025,"Marzo","tasas_2025_78.xlsx"
"2329","Valores representativos de deuda emitidos por Fideicomisos de oferta pública","ATLÁNTICO",0.001179,2025,"Marzo","tasas_2025_78.xlsx"
"2330","Valores representativos de deuda emitidos por Fideicomisos de oferta pública","CRECER",0.000956,2025,"Marzo","tasas_2025_78.xlsx"
"2331","Valores representativos de deuda emitidos por Fideicomisos de oferta pública","JMMB_BDI",0.000925,2025,"Marzo","tasas_2025_78.xlsx"
"2332","Valores representativos de deuda emitidos por Fideicomisos de oferta pública","POPULAR",0.001114,2025,"Marzo","tasas_2025_78.xlsx"
"2333","Valores representativos de deuda emitidos por Fideicomisos de oferta pública","RESERVAS",0.001144,2025,"Marzo","tasas_2025_78.xlsx"
"2334","Valores representativos de deuda emitidos por Fideicomisos de oferta pública","ROMANA",0,2025,"Marzo","tasas_2025_78.xlsx"
"2335","Valores representativos de deuda emitidos por Fideicomisos de oferta pública","SIEMBRA",0.001149,2025,"Marzo","tasas_2025_78.xlsx"
"2336","Valores representativos de deuda emitidos por Fideicomisos de oferta pública","TOTAL_CCI",0.00102341014060447,2025,"Marzo","tasas_2025_78.xlsx"
"2337","Valores representativos de deuda emitidos por Fideicomisos de oferta pública","RESERVAS-R3",0.000505,2025,"Marzo","tasas_2025_78.xlsx"
"2338","Valores representativos de deuda emitidos por Fideicomisos de oferta pública","BANCO_CENTRAL-R3",0,2025,"Marzo","tasas_2025_78.xlsx"
"2339","Valores representativos de deuda emitidos por Fideicomisos de oferta pública","FONDO_DE_SOLIDARIDAD_SOCIAL",0.001144,2025,"Marzo","tasas_2025_78.xlsx"
"2340","Valores representativos de deuda emitidos por Fideicomisos de oferta pública","TOTAL_SISTEMA",0.00103244072622792,2025,"Marzo","tasas_2025_78.xlsx"
"2341","* Datos preliminares.","ATLÁNTICO",NA,2025,"Marzo","tasas_2025_78.xlsx"
"2342","* Datos preliminares.","CRECER",NA,2025,"Marzo","tasas_2025_78.xlsx"
"2343","* Datos preliminares.","JMMB_BDI",NA,2025,"Marzo","tasas_2025_78.xlsx"
"2344","* Datos preliminares.","POPULAR",NA,2025,"Marzo","tasas_2025_78.xlsx"
"2345","* Datos preliminares.","RESERVAS",NA,2025,"Marzo","tasas_2025_78.xlsx"
"2346","* Datos preliminares.","ROMANA",NA,2025,"Marzo","tasas_2025_78.xlsx"
"2347","* Datos preliminares.","SIEMBRA",NA,2025,"Marzo","tasas_2025_78.xlsx"
"2348","* Datos preliminares.","TOTAL_CCI",NA,2025,"Marzo","tasas_2025_78.xlsx"
"2349","* Datos preliminares.","RESERVAS-R3",NA,2025,"Marzo","tasas_2025_78.xlsx"
"2350","* Datos preliminares.","BANCO_CENTRAL-R3",NA,2025,"Marzo","tasas_2025_78.xlsx"
"2351","* Datos preliminares.","FONDO_DE_SOLIDARIDAD_SOCIAL",NA,2025,"Marzo","tasas_2025_78.xlsx"
"2352","* Datos preliminares.","TOTAL_SISTEMA",NA,2025,"Marzo","tasas_2025_78.xlsx"
"2353","Acciones de oferta pública 6","ATLÁNTICO",0.000593,2025,"Abril","tasas_2025_78.xlsx"
"2354","Acciones de oferta pública 6","CRECER",0.000573,2025,"Abril","tasas_2025_78.xlsx"
"2355","Acciones de oferta pública 6","JMMB_BDI",0.000593,2025,"Abril","tasas_2025_78.xlsx"
"2356","Acciones de oferta pública 6","POPULAR",0,2025,"Abril","tasas_2025_78.xlsx"
"2357","Acciones de oferta pública 6","RESERVAS",0.000593,2025,"Abril","tasas_2025_78.xlsx"
"2358","Acciones de oferta pública 6","ROMANA",0,2025,"Abril","tasas_2025_78.xlsx"
"2359","Acciones de oferta pública 6","SIEMBRA",0.000593,2025,"Abril","tasas_2025_78.xlsx"
"2360","Acciones de oferta pública 6","TOTAL_CCI",0.000586252735921091,2025,"Abril","tasas_2025_78.xlsx"
"2361","Acciones de oferta pública 6","RESERVAS-R3",0.000593,2025,"Abril","tasas_2025_78.xlsx"
"2362","Acciones de oferta pública 6","BANCO_CENTRAL-R3",0.000593,2025,"Abril","tasas_2025_78.xlsx"
"2363","Acciones de oferta pública 6","FONDO_DE_SOLIDARIDAD_SOCIAL",0.000593,2025,"Abril","tasas_2025_78.xlsx"
"2364","Acciones de oferta pública 6","TOTAL_SISTEMA",0.000586252784894038,2025,"Abril","tasas_2025_78.xlsx"
"2365","Bonos Ministerio de Hacienda","ATLÁNTICO",6e-04,2025,"Abril","tasas_2025_78.xlsx"
"2366","Bonos Ministerio de Hacienda","CRECER",0.000651,2025,"Abril","tasas_2025_78.xlsx"
"2367","Bonos Ministerio de Hacienda","JMMB_BDI",0.000552,2025,"Abril","tasas_2025_78.xlsx"
"2368","Bonos Ministerio de Hacienda","POPULAR",0.00064,2025,"Abril","tasas_2025_78.xlsx"
"2369","Bonos Ministerio de Hacienda","RESERVAS",0.000629,2025,"Abril","tasas_2025_78.xlsx"
"2370","Bonos Ministerio de Hacienda","ROMANA",0.000772,2025,"Abril","tasas_2025_78.xlsx"
"2371","Bonos Ministerio de Hacienda","SIEMBRA",0.000624,2025,"Abril","tasas_2025_78.xlsx"
"2372","Bonos Ministerio de Hacienda","TOTAL_CCI",0.000636689700252655,2025,"Abril","tasas_2025_78.xlsx"
"2373","Bonos Ministerio de Hacienda","RESERVAS-R3",0.000649,2025,"Abril","tasas_2025_78.xlsx"
"2374","Bonos Ministerio de Hacienda","BANCO_CENTRAL-R3",0.000697,2025,"Abril","tasas_2025_78.xlsx"
"2375","Bonos Ministerio de Hacienda","FONDO_DE_SOLIDARIDAD_SOCIAL",0.000629,2025,"Abril","tasas_2025_78.xlsx"
"2376","Bonos Ministerio de Hacienda","TOTAL_SISTEMA",0.000637511932209351,2025,"Abril","tasas_2025_78.xlsx"
"2377","Bonos EIF 1","ATLÁNTICO",0.001056,2025,"Abril","tasas_2025_78.xlsx"
"2378","Bonos EIF 1","CRECER",0.001015,2025,"Abril","tasas_2025_78.xlsx"
"2379","Bonos EIF 1","JMMB_BDI",0.001012,2025,"Abril","tasas_2025_78.xlsx"
"2380","Bonos EIF 1","POPULAR",0.001013,2025,"Abril","tasas_2025_78.xlsx"
"2381","Bonos EIF 1","RESERVAS",0.001006,2025,"Abril","tasas_2025_78.xlsx"
"2382","Bonos EIF 1","ROMANA",0.001,2025,"Abril","tasas_2025_78.xlsx"
"2383","Bonos EIF 1","SIEMBRA",0.001017,2025,"Abril","tasas_2025_78.xlsx"
"2384","Bonos EIF 1","TOTAL_CCI",0.00101414655847022,2025,"Abril","tasas_2025_78.xlsx"
"2385","Bonos EIF 1","RESERVAS-R3",0.001036,2025,"Abril","tasas_2025_78.xlsx"
"2386","Bonos EIF 1","BANCO_CENTRAL-R3",0.000953,2025,"Abril","tasas_2025_78.xlsx"
"2387","Bonos EIF 1","FONDO_DE_SOLIDARIDAD_SOCIAL",0.001025,2025,"Abril","tasas_2025_78.xlsx"
"2388","Bonos EIF 1","TOTAL_SISTEMA",0.00101461098734531,2025,"Abril","tasas_2025_78.xlsx"
"2389","Bonos Empresas","ATLÁNTICO",0.00101,2025,"Abril","tasas_2025_78.xlsx"
"2390","Bonos Empresas","CRECER",0.000986,2025,"Abril","tasas_2025_78.xlsx"
"2391","Bonos Empresas","JMMB_BDI",0.001096,2025,"Abril","tasas_2025_78.xlsx"
"2392","Bonos Empresas","POPULAR",0.000862,2025,"Abril","tasas_2025_78.xlsx"
"2393","Bonos Empresas","RESERVAS",0.000855,2025,"Abril","tasas_2025_78.xlsx"
"2394","Bonos Empresas","ROMANA",0,2025,"Abril","tasas_2025_78.xlsx"
"2395","Bonos Empresas","SIEMBRA",0.000623,2025,"Abril","tasas_2025_78.xlsx"
"2396","Bonos Empresas","TOTAL_CCI",0.000858661122475957,2025,"Abril","tasas_2025_78.xlsx"
"2397","Bonos Empresas","RESERVAS-R3",0.000885,2025,"Abril","tasas_2025_78.xlsx"
"2398","Bonos Empresas","BANCO_CENTRAL-R3",0.000846,2025,"Abril","tasas_2025_78.xlsx"
"2399","Bonos Empresas","FONDO_DE_SOLIDARIDAD_SOCIAL",0.000752,2025,"Abril","tasas_2025_78.xlsx"
"2400","Bonos Empresas","TOTAL_SISTEMA",0.000853077861612837,2025,"Abril","tasas_2025_78.xlsx"
"2401","Bonos de Hacienda para financiar desarrollo de  proyectos de infraestructura","ATLÁNTICO",0,2025,"Abril","tasas_2025_78.xlsx"
"2402","Bonos de Hacienda para financiar desarrollo de  proyectos de infraestructura","CRECER",0.000857,2025,"Abril","tasas_2025_78.xlsx"
"2403","Bonos de Hacienda para financiar desarrollo de  proyectos de infraestructura","JMMB_BDI",0,2025,"Abril","tasas_2025_78.xlsx"
"2404","Bonos de Hacienda para financiar desarrollo de  proyectos de infraestructura","POPULAR",0.000873,2025,"Abril","tasas_2025_78.xlsx"
"2405","Bonos de Hacienda para financiar desarrollo de  proyectos de infraestructura","RESERVAS",0.001029,2025,"Abril","tasas_2025_78.xlsx"
"2406","Bonos de Hacienda para financiar desarrollo de  proyectos de infraestructura","ROMANA",0,2025,"Abril","tasas_2025_78.xlsx"
"2407","Bonos de Hacienda para financiar desarrollo de  proyectos de infraestructura","SIEMBRA",0,2025,"Abril","tasas_2025_78.xlsx"
"2408","Bonos de Hacienda para financiar desarrollo de  proyectos de infraestructura","TOTAL_CCI",0.000891278303067725,2025,"Abril","tasas_2025_78.xlsx"
"2409","Bonos de Hacienda para financiar desarrollo de  proyectos de infraestructura","RESERVAS-R3",0,2025,"Abril","tasas_2025_78.xlsx"
"2410","Bonos de Hacienda para financiar desarrollo de  proyectos de infraestructura","BANCO_CENTRAL-R3",0,2025,"Abril","tasas_2025_78.xlsx"
"2411","Bonos de Hacienda para financiar desarrollo de  proyectos de infraestructura","FONDO_DE_SOLIDARIDAD_SOCIAL",0,2025,"Abril","tasas_2025_78.xlsx"
"2412","Bonos de Hacienda para financiar desarrollo de  proyectos de infraestructura","TOTAL_SISTEMA",0.000891278303067725,2025,"Abril","tasas_2025_78.xlsx"
"2413","Certificados de Depósito EIF1","ATLÁNTICO",0.001106,2025,"Abril","tasas_2025_78.xlsx"
"2414","Certificados de Depósito EIF1","CRECER",0.001046,2025,"Abril","tasas_2025_78.xlsx"
"2415","Certificados de Depósito EIF1","JMMB_BDI",0.001176,2025,"Abril","tasas_2025_78.xlsx"
"2416","Certificados de Depósito EIF1","POPULAR",0.000946,2025,"Abril","tasas_2025_78.xlsx"
"2417","Certificados de Depósito EIF1","RESERVAS",0.001013,2025,"Abril","tasas_2025_78.xlsx"
"2418","Certificados de Depósito EIF1","ROMANA",0.001243,2025,"Abril","tasas_2025_78.xlsx"
"2419","Certificados de Depósito EIF1","SIEMBRA",0.000955,2025,"Abril","tasas_2025_78.xlsx"
"2420","Certificados de Depósito EIF1","TOTAL_CCI",0.000998897357730159,2025,"Abril","tasas_2025_78.xlsx"
"2421","Certificados de Depósito EIF1","RESERVAS-R3",0.000825,2025,"Abril","tasas_2025_78.xlsx"
"2422","Certificados de Depósito EIF1","BANCO_CENTRAL-R3",0.001174,2025,"Abril","tasas_2025_78.xlsx"
"2423","Certificados de Depósito EIF1","FONDO_DE_SOLIDARIDAD_SOCIAL",0.000852,2025,"Abril","tasas_2025_78.xlsx"
"2424","Certificados de Depósito EIF1","TOTAL_SISTEMA",0.00098903387554705,2025,"Abril","tasas_2025_78.xlsx"
"2425","Certificados Inversión Especial BCRD2","ATLÁNTICO",0,2025,"Abril","tasas_2025_78.xlsx"
"2426","Certificados Inversión Especial BCRD2","CRECER",0,2025,"Abril","tasas_2025_78.xlsx"
"2427","Certificados Inversión Especial BCRD2","JMMB_BDI",0.001172,2025,"Abril","tasas_2025_78.xlsx"
"2428","Certificados Inversión Especial BCRD2","POPULAR",0.00105,2025,"Abril","tasas_2025_78.xlsx"
"2429","Certificados Inversión Especial BCRD2","RESERVAS",0,2025,"Abril","tasas_2025_78.xlsx"
"2430","Certificados Inversión Especial BCRD2","ROMANA",0,2025,"Abril","tasas_2025_78.xlsx"
"2431","Certificados Inversión Especial BCRD2","SIEMBRA",0,2025,"Abril","tasas_2025_78.xlsx"
"2432","Certificados Inversión Especial BCRD2","TOTAL_CCI",0.00105286797816074,2025,"Abril","tasas_2025_78.xlsx"
"2433","Certificados Inversión Especial BCRD2","RESERVAS-R3",0,2025,"Abril","tasas_2025_78.xlsx"
"2434","Certificados Inversión Especial BCRD2","BANCO_CENTRAL-R3",0.001467,2025,"Abril","tasas_2025_78.xlsx"
"2435","Certificados Inversión Especial BCRD2","FONDO_DE_SOLIDARIDAD_SOCIAL",0,2025,"Abril","tasas_2025_78.xlsx"
"2436","Certificados Inversión Especial BCRD2","TOTAL_SISTEMA",0.00145117940045535,2025,"Abril","tasas_2025_78.xlsx"
"2437","Cuotas de Participación de Fondos de Inversión4","ATLÁNTICO",8e-04,2025,"Abril","tasas_2025_78.xlsx"
"2438","Cuotas de Participación de Fondos de Inversión4","CRECER",0.001034,2025,"Abril","tasas_2025_78.xlsx"
"2439","Cuotas de Participación de Fondos de Inversión4","JMMB_BDI",0.000403,2025,"Abril","tasas_2025_78.xlsx"
"2440","Cuotas de Participación de Fondos de Inversión4","POPULAR",0.000854,2025,"Abril","tasas_2025_78.xlsx"
"2441","Cuotas de Participación de Fondos de Inversión4","RESERVAS",0.000854,2025,"Abril","tasas_2025_78.xlsx"
"2442","Cuotas de Participación de Fondos de Inversión4","ROMANA",0,2025,"Abril","tasas_2025_78.xlsx"
"2443","Cuotas de Participación de Fondos de Inversión4","SIEMBRA",0.001197,2025,"Abril","tasas_2025_78.xlsx"
"2444","Cuotas de Participación de Fondos de Inversión4","TOTAL_CCI",0.000928319846785744,2025,"Abril","tasas_2025_78.xlsx"
"2445","Cuotas de Participación de Fondos de Inversión4","RESERVAS-R3",0.000716,2025,"Abril","tasas_2025_78.xlsx"
"2446","Cuotas de Participación de Fondos de Inversión4","BANCO_CENTRAL-R3",0,2025,"Abril","tasas_2025_78.xlsx"
"2447","Cuotas de Participación de Fondos de Inversión4","FONDO_DE_SOLIDARIDAD_SOCIAL",0.000715,2025,"Abril","tasas_2025_78.xlsx"
"2448","Cuotas de Participación de Fondos de Inversión4","TOTAL_SISTEMA",0.000901363611379615,2025,"Abril","tasas_2025_78.xlsx"
"2449","Cuotas de Participación de Fondos de Mutuos","ATLÁNTICO",0,2025,"Abril","tasas_2025_78.xlsx"
"2450","Cuotas de Participación de Fondos de Mutuos","CRECER",0,2025,"Abril","tasas_2025_78.xlsx"
"2451","Cuotas de Participación de Fondos de Mutuos","JMMB_BDI",0,2025,"Abril","tasas_2025_78.xlsx"
"2452","Cuotas de Participación de Fondos de Mutuos","POPULAR",0,2025,"Abril","tasas_2025_78.xlsx"
"2453","Cuotas de Participación de Fondos de Mutuos","RESERVAS",0,2025,"Abril","tasas_2025_78.xlsx"
"2454","Cuotas de Participación de Fondos de Mutuos","ROMANA",0,2025,"Abril","tasas_2025_78.xlsx"
"2455","Cuotas de Participación de Fondos de Mutuos","SIEMBRA",0,2025,"Abril","tasas_2025_78.xlsx"
"2456","Cuotas de Participación de Fondos de Mutuos","TOTAL_CCI",0,2025,"Abril","tasas_2025_78.xlsx"
"2457","Cuotas de Participación de Fondos de Mutuos","RESERVAS-R3",0,2025,"Abril","tasas_2025_78.xlsx"
"2458","Cuotas de Participación de Fondos de Mutuos","BANCO_CENTRAL-R3",0,2025,"Abril","tasas_2025_78.xlsx"
"2459","Cuotas de Participación de Fondos de Mutuos","FONDO_DE_SOLIDARIDAD_SOCIAL",0,2025,"Abril","tasas_2025_78.xlsx"
"2460","Cuotas de Participación de Fondos de Mutuos","TOTAL_SISTEMA",0,2025,"Abril","tasas_2025_78.xlsx"
"2461","Letras BCRD2","ATLÁNTICO",0,2025,"Abril","tasas_2025_78.xlsx"
"2462","Letras BCRD2","CRECER",0,2025,"Abril","tasas_2025_78.xlsx"
"2463","Letras BCRD2","JMMB_BDI",0,2025,"Abril","tasas_2025_78.xlsx"
"2464","Letras BCRD2","POPULAR",0,2025,"Abril","tasas_2025_78.xlsx"
"2465","Letras BCRD2","RESERVAS",0,2025,"Abril","tasas_2025_78.xlsx"
"2466","Letras BCRD2","ROMANA",0,2025,"Abril","tasas_2025_78.xlsx"
"2467","Letras BCRD2","SIEMBRA",0,2025,"Abril","tasas_2025_78.xlsx"
"2468","Letras BCRD2","TOTAL_CCI",0,2025,"Abril","tasas_2025_78.xlsx"
"2469","Letras BCRD2","RESERVAS-R3",0,2025,"Abril","tasas_2025_78.xlsx"
"2470","Letras BCRD2","BANCO_CENTRAL-R3",0,2025,"Abril","tasas_2025_78.xlsx"
"2471","Letras BCRD2","FONDO_DE_SOLIDARIDAD_SOCIAL",0,2025,"Abril","tasas_2025_78.xlsx"
"2472","Letras BCRD2","TOTAL_SISTEMA",0,2025,"Abril","tasas_2025_78.xlsx"
"2473","Notas BCRD2","ATLÁNTICO",0.000682,2025,"Abril","tasas_2025_78.xlsx"
"2474","Notas BCRD2","CRECER",0.000862,2025,"Abril","tasas_2025_78.xlsx"
"2475","Notas BCRD2","JMMB_BDI",0.001073,2025,"Abril","tasas_2025_78.xlsx"
"2476","Notas BCRD2","POPULAR",0.00093,2025,"Abril","tasas_2025_78.xlsx"
"2477","Notas BCRD2","RESERVAS",0.000894,2025,"Abril","tasas_2025_78.xlsx"
"2478","Notas BCRD2","ROMANA",0.000791,2025,"Abril","tasas_2025_78.xlsx"
"2479","Notas BCRD2","SIEMBRA",0.001029,2025,"Abril","tasas_2025_78.xlsx"
"2480","Notas BCRD2","TOTAL_CCI",0.000955599635867721,2025,"Abril","tasas_2025_78.xlsx"
"2481","Notas BCRD2","RESERVAS-R3",0.000702,2025,"Abril","tasas_2025_78.xlsx"
"2482","Notas BCRD2","BANCO_CENTRAL-R3",0.001245,2025,"Abril","tasas_2025_78.xlsx"
"2483","Notas BCRD2","FONDO_DE_SOLIDARIDAD_SOCIAL",0.000738,2025,"Abril","tasas_2025_78.xlsx"
"2484","Notas BCRD2","TOTAL_SISTEMA",0.000963528561494345,2025,"Abril","tasas_2025_78.xlsx"
"2485","Valores representativos de capital emitidos por Fideicomisos de oferta pública5","ATLÁNTICO",0.001141,2025,"Abril","tasas_2025_78.xlsx"
"2486","Valores representativos de capital emitidos por Fideicomisos de oferta pública5","CRECER",0.001141,2025,"Abril","tasas_2025_78.xlsx"
"2487","Valores representativos de capital emitidos por Fideicomisos de oferta pública5","JMMB_BDI",0.001141,2025,"Abril","tasas_2025_78.xlsx"
"2488","Valores representativos de capital emitidos por Fideicomisos de oferta pública5","POPULAR",0.001141,2025,"Abril","tasas_2025_78.xlsx"
"2489","Valores representativos de capital emitidos por Fideicomisos de oferta pública5","RESERVAS",0.001141,2025,"Abril","tasas_2025_78.xlsx"
"2490","Valores representativos de capital emitidos por Fideicomisos de oferta pública5","ROMANA",0,2025,"Abril","tasas_2025_78.xlsx"
"2491","Valores representativos de capital emitidos por Fideicomisos de oferta pública5","SIEMBRA",0.001141,2025,"Abril","tasas_2025_78.xlsx"
"2492","Valores representativos de capital emitidos por Fideicomisos de oferta pública5","TOTAL_CCI",0.001141,2025,"Abril","tasas_2025_78.xlsx"
"2493","Valores representativos de capital emitidos por Fideicomisos de oferta pública5","RESERVAS-R3",0,2025,"Abril","tasas_2025_78.xlsx"
"2494","Valores representativos de capital emitidos por Fideicomisos de oferta pública5","BANCO_CENTRAL-R3",0,2025,"Abril","tasas_2025_78.xlsx"
"2495","Valores representativos de capital emitidos por Fideicomisos de oferta pública5","FONDO_DE_SOLIDARIDAD_SOCIAL",0,2025,"Abril","tasas_2025_78.xlsx"
"2496","Valores representativos de capital emitidos por Fideicomisos de oferta pública5","TOTAL_SISTEMA",0.001141,2025,"Abril","tasas_2025_78.xlsx"
"2497","Valores representativos de deuda emitidos por Fideicomisos de oferta pública","ATLÁNTICO",0.001179,2025,"Abril","tasas_2025_78.xlsx"
"2498","Valores representativos de deuda emitidos por Fideicomisos de oferta pública","CRECER",0.000956,2025,"Abril","tasas_2025_78.xlsx"
"2499","Valores representativos de deuda emitidos por Fideicomisos de oferta pública","JMMB_BDI",0.000925,2025,"Abril","tasas_2025_78.xlsx"
"2500","Valores representativos de deuda emitidos por Fideicomisos de oferta pública","POPULAR",0.001115,2025,"Abril","tasas_2025_78.xlsx"
"2501","Valores representativos de deuda emitidos por Fideicomisos de oferta pública","RESERVAS",0.001145,2025,"Abril","tasas_2025_78.xlsx"
"2502","Valores representativos de deuda emitidos por Fideicomisos de oferta pública","ROMANA",0,2025,"Abril","tasas_2025_78.xlsx"
"2503","Valores representativos de deuda emitidos por Fideicomisos de oferta pública","SIEMBRA",0.001149,2025,"Abril","tasas_2025_78.xlsx"
"2504","Valores representativos de deuda emitidos por Fideicomisos de oferta pública","TOTAL_CCI",0.00102372997082746,2025,"Abril","tasas_2025_78.xlsx"
"2505","Valores representativos de deuda emitidos por Fideicomisos de oferta pública","RESERVAS-R3",0.000505,2025,"Abril","tasas_2025_78.xlsx"
"2506","Valores representativos de deuda emitidos por Fideicomisos de oferta pública","BANCO_CENTRAL-R3",0,2025,"Abril","tasas_2025_78.xlsx"
"2507","Valores representativos de deuda emitidos por Fideicomisos de oferta pública","FONDO_DE_SOLIDARIDAD_SOCIAL",0.001145,2025,"Abril","tasas_2025_78.xlsx"
"2508","Valores representativos de deuda emitidos por Fideicomisos de oferta pública","TOTAL_SISTEMA",0.00103282889716407,2025,"Abril","tasas_2025_78.xlsx"
"2509","* Datos preliminares.","ATLÁNTICO",NA,2025,"Abril","tasas_2025_78.xlsx"
"2510","* Datos preliminares.","CRECER",NA,2025,"Abril","tasas_2025_78.xlsx"
"2511","* Datos preliminares.","JMMB_BDI",NA,2025,"Abril","tasas_2025_78.xlsx"
"2512","* Datos preliminares.","POPULAR",NA,2025,"Abril","tasas_2025_78.xlsx"
"2513","* Datos preliminares.","RESERVAS",NA,2025,"Abril","tasas_2025_78.xlsx"
"2514","* Datos preliminares.","ROMANA",NA,2025,"Abril","tasas_2025_78.xlsx"
"2515","* Datos preliminares.","SIEMBRA",NA,2025,"Abril","tasas_2025_78.xlsx"
"2516","* Datos preliminares.","TOTAL_CCI",NA,2025,"Abril","tasas_2025_78.xlsx"
"2517","* Datos preliminares.","RESERVAS-R3",NA,2025,"Abril","tasas_2025_78.xlsx"
"2518","* Datos preliminares.","BANCO_CENTRAL-R3",NA,2025,"Abril","tasas_2025_78.xlsx"
"2519","* Datos preliminares.","FONDO_DE_SOLIDARIDAD_SOCIAL",NA,2025,"Abril","tasas_2025_78.xlsx"
"2520","* Datos preliminares.","TOTAL_SISTEMA",NA,2025,"Abril","tasas_2025_78.xlsx"
"2521","Acciones de oferta pública 6","ATLÁNTICO",0.000593,2025,"Mayo","tasas_2025_78.xlsx"
"2522","Acciones de oferta pública 6","CRECER",0.000573,2025,"Mayo","tasas_2025_78.xlsx"
"2523","Acciones de oferta pública 6","JMMB_BDI",0.000593,2025,"Mayo","tasas_2025_78.xlsx"
"2524","Acciones de oferta pública 6","POPULAR",0,2025,"Mayo","tasas_2025_78.xlsx"
"2525","Acciones de oferta pública 6","RESERVAS",0.000593,2025,"Mayo","tasas_2025_78.xlsx"
"2526","Acciones de oferta pública 6","ROMANA",0,2025,"Mayo","tasas_2025_78.xlsx"
"2527","Acciones de oferta pública 6","SIEMBRA",0.000593,2025,"Mayo","tasas_2025_78.xlsx"
"2528","Acciones de oferta pública 6","TOTAL_CCI",0.000586252735921091,2025,"Mayo","tasas_2025_78.xlsx"
"2529","Acciones de oferta pública 6","RESERVAS-R3",0,2025,"Mayo","tasas_2025_78.xlsx"
"2530","Acciones de oferta pública 6","BANCO_CENTRAL-R3",0,2025,"Mayo","tasas_2025_78.xlsx"
"2531","Acciones de oferta pública 6","FONDO_DE_SOLIDARIDAD_SOCIAL",0,2025,"Mayo","tasas_2025_78.xlsx"
"2532","Acciones de oferta pública 6","TOTAL_SISTEMA",0.000586248480785347,2025,"Mayo","tasas_2025_78.xlsx"
"2533","Bonos Ministerio de Hacienda","ATLÁNTICO",0.000602,2025,"Mayo","tasas_2025_78.xlsx"
"2534","Bonos Ministerio de Hacienda","CRECER",0.000651,2025,"Mayo","tasas_2025_78.xlsx"
"2535","Bonos Ministerio de Hacienda","JMMB_BDI",0.000549,2025,"Mayo","tasas_2025_78.xlsx"
"2536","Bonos Ministerio de Hacienda","POPULAR",0.000641,2025,"Mayo","tasas_2025_78.xlsx"
"2537","Bonos Ministerio de Hacienda","RESERVAS",0.000677,2025,"Mayo","tasas_2025_78.xlsx"
"2538","Bonos Ministerio de Hacienda","ROMANA",0.000773,2025,"Mayo","tasas_2025_78.xlsx"
"2539","Bonos Ministerio de Hacienda","SIEMBRA",0.000622,2025,"Mayo","tasas_2025_78.xlsx"
"2540","Bonos Ministerio de Hacienda","TOTAL_CCI",0.000646658780162783,2025,"Mayo","tasas_2025_78.xlsx"
"2541","Bonos Ministerio de Hacienda","RESERVAS-R3",0.00065,2025,"Mayo","tasas_2025_78.xlsx"
"2542","Bonos Ministerio de Hacienda","BANCO_CENTRAL-R3",0.000698,2025,"Mayo","tasas_2025_78.xlsx"
"2543","Bonos Ministerio de Hacienda","FONDO_DE_SOLIDARIDAD_SOCIAL",0.00063,2025,"Mayo","tasas_2025_78.xlsx"
"2544","Bonos Ministerio de Hacienda","TOTAL_SISTEMA",0.000646366809039305,2025,"Mayo","tasas_2025_78.xlsx"
"2545","Bonos EIF 1","ATLÁNTICO",0.001113,2025,"Mayo","tasas_2025_78.xlsx"
"2546","Bonos EIF 1","CRECER",0.001015,2025,"Mayo","tasas_2025_78.xlsx"
"2547","Bonos EIF 1","JMMB_BDI",0.001012,2025,"Mayo","tasas_2025_78.xlsx"
"2548","Bonos EIF 1","POPULAR",0.001017,2025,"Mayo","tasas_2025_78.xlsx"
"2549","Bonos EIF 1","RESERVAS",0.001014,2025,"Mayo","tasas_2025_78.xlsx"
"2550","Bonos EIF 1","ROMANA",0.001,2025,"Mayo","tasas_2025_78.xlsx"
"2551","Bonos EIF 1","SIEMBRA",0.001017,2025,"Mayo","tasas_2025_78.xlsx"
"2552","Bonos EIF 1","TOTAL_CCI",0.0010175617970404,2025,"Mayo","tasas_2025_78.xlsx"
"2553","Bonos EIF 1","RESERVAS-R3",0.001037,2025,"Mayo","tasas_2025_78.xlsx"
"2554","Bonos EIF 1","BANCO_CENTRAL-R3",0.000952,2025,"Mayo","tasas_2025_78.xlsx"
"2555","Bonos EIF 1","FONDO_DE_SOLIDARIDAD_SOCIAL",0.001026,2025,"Mayo","tasas_2025_78.xlsx"
"2556","Bonos EIF 1","TOTAL_SISTEMA",0.00101785974802383,2025,"Mayo","tasas_2025_78.xlsx"
"2557","Bonos Empresas","ATLÁNTICO",0.001009,2025,"Mayo","tasas_2025_78.xlsx"
"2558","Bonos Empresas","CRECER",0.000986,2025,"Mayo","tasas_2025_78.xlsx"
"2559","Bonos Empresas","JMMB_BDI",0.001095,2025,"Mayo","tasas_2025_78.xlsx"
"2560","Bonos Empresas","POPULAR",0.000863,2025,"Mayo","tasas_2025_78.xlsx"
"2561","Bonos Empresas","RESERVAS",0.000855,2025,"Mayo","tasas_2025_78.xlsx"
"2562","Bonos Empresas","ROMANA",0,2025,"Mayo","tasas_2025_78.xlsx"
"2563","Bonos Empresas","SIEMBRA",0.000623,2025,"Mayo","tasas_2025_78.xlsx"
"2564","Bonos Empresas","TOTAL_CCI",0.000859380163482728,2025,"Mayo","tasas_2025_78.xlsx"
"2565","Bonos Empresas","RESERVAS-R3",0.000887,2025,"Mayo","tasas_2025_78.xlsx"
"2566","Bonos Empresas","BANCO_CENTRAL-R3",0.000845,2025,"Mayo","tasas_2025_78.xlsx"
"2567","Bonos Empresas","FONDO_DE_SOLIDARIDAD_SOCIAL",0.000753,2025,"Mayo","tasas_2025_78.xlsx"
"2568","Bonos Empresas","TOTAL_SISTEMA",0.000853751258015875,2025,"Mayo","tasas_2025_78.xlsx"
"2569","Bonos de Hacienda para financiar desarrollo de  proyectos de infraestructura","ATLÁNTICO",0,2025,"Mayo","tasas_2025_78.xlsx"
"2570","Bonos de Hacienda para financiar desarrollo de  proyectos de infraestructura","CRECER",0.000857,2025,"Mayo","tasas_2025_78.xlsx"
"2571","Bonos de Hacienda para financiar desarrollo de  proyectos de infraestructura","JMMB_BDI",0,2025,"Mayo","tasas_2025_78.xlsx"
"2572","Bonos de Hacienda para financiar desarrollo de  proyectos de infraestructura","POPULAR",0.000873,2025,"Mayo","tasas_2025_78.xlsx"
"2573","Bonos de Hacienda para financiar desarrollo de  proyectos de infraestructura","RESERVAS",0.001029,2025,"Mayo","tasas_2025_78.xlsx"
"2574","Bonos de Hacienda para financiar desarrollo de  proyectos de infraestructura","ROMANA",0,2025,"Mayo","tasas_2025_78.xlsx"
"2575","Bonos de Hacienda para financiar desarrollo de  proyectos de infraestructura","SIEMBRA",0,2025,"Mayo","tasas_2025_78.xlsx"
"2576","Bonos de Hacienda para financiar desarrollo de  proyectos de infraestructura","TOTAL_CCI",0.00089131656691428,2025,"Mayo","tasas_2025_78.xlsx"
"2577","Bonos de Hacienda para financiar desarrollo de  proyectos de infraestructura","RESERVAS-R3",0,2025,"Mayo","tasas_2025_78.xlsx"
"2578","Bonos de Hacienda para financiar desarrollo de  proyectos de infraestructura","BANCO_CENTRAL-R3",0,2025,"Mayo","tasas_2025_78.xlsx"
"2579","Bonos de Hacienda para financiar desarrollo de  proyectos de infraestructura","FONDO_DE_SOLIDARIDAD_SOCIAL",0,2025,"Mayo","tasas_2025_78.xlsx"
"2580","Bonos de Hacienda para financiar desarrollo de  proyectos de infraestructura","TOTAL_SISTEMA",0.00089131656691428,2025,"Mayo","tasas_2025_78.xlsx"
"2581","Certificados de Depósito EIF1","ATLÁNTICO",0.001177,2025,"Mayo","tasas_2025_78.xlsx"
"2582","Certificados de Depósito EIF1","CRECER",0.001058,2025,"Mayo","tasas_2025_78.xlsx"
"2583","Certificados de Depósito EIF1","JMMB_BDI",0.001383,2025,"Mayo","tasas_2025_78.xlsx"
"2584","Certificados de Depósito EIF1","POPULAR",0.001061,2025,"Mayo","tasas_2025_78.xlsx"
"2585","Certificados de Depósito EIF1","RESERVAS",0.001015,2025,"Mayo","tasas_2025_78.xlsx"
"2586","Certificados de Depósito EIF1","ROMANA",0.001254,2025,"Mayo","tasas_2025_78.xlsx"
"2587","Certificados de Depósito EIF1","SIEMBRA",0.00097,2025,"Mayo","tasas_2025_78.xlsx"
"2588","Certificados de Depósito EIF1","TOTAL_CCI",0.00104364887176162,2025,"Mayo","tasas_2025_78.xlsx"
"2589","Certificados de Depósito EIF1","RESERVAS-R3",0.000826,2025,"Mayo","tasas_2025_78.xlsx"
"2590","Certificados de Depósito EIF1","BANCO_CENTRAL-R3",0.001272,2025,"Mayo","tasas_2025_78.xlsx"
"2591","Certificados de Depósito EIF1","FONDO_DE_SOLIDARIDAD_SOCIAL",0.001073,2025,"Mayo","tasas_2025_78.xlsx"
"2592","Certificados de Depósito EIF1","TOTAL_SISTEMA",0.00104713112466687,2025,"Mayo","tasas_2025_78.xlsx"
"2593","Certificados Inversión Especial BCRD2","ATLÁNTICO",0,2025,"Mayo","tasas_2025_78.xlsx"
"2594","Certificados Inversión Especial BCRD2","CRECER",0,2025,"Mayo","tasas_2025_78.xlsx"
"2595","Certificados Inversión Especial BCRD2","JMMB_BDI",0,2025,"Mayo","tasas_2025_78.xlsx"
"2596","Certificados Inversión Especial BCRD2","POPULAR",0,2025,"Mayo","tasas_2025_78.xlsx"
"2597","Certificados Inversión Especial BCRD2","RESERVAS",0,2025,"Mayo","tasas_2025_78.xlsx"
"2598","Certificados Inversión Especial BCRD2","ROMANA",0,2025,"Mayo","tasas_2025_78.xlsx"
"2599","Certificados Inversión Especial BCRD2","SIEMBRA",0,2025,"Mayo","tasas_2025_78.xlsx"
"2600","Certificados Inversión Especial BCRD2","TOTAL_CCI",0,2025,"Mayo","tasas_2025_78.xlsx"
"2601","Certificados Inversión Especial BCRD2","RESERVAS-R3",0,2025,"Mayo","tasas_2025_78.xlsx"
"2602","Certificados Inversión Especial BCRD2","BANCO_CENTRAL-R3",0.001466,2025,"Mayo","tasas_2025_78.xlsx"
"2603","Certificados Inversión Especial BCRD2","FONDO_DE_SOLIDARIDAD_SOCIAL",0,2025,"Mayo","tasas_2025_78.xlsx"
"2604","Certificados Inversión Especial BCRD2","TOTAL_SISTEMA",0.001466,2025,"Mayo","tasas_2025_78.xlsx"
"2605","Cuotas de Participación de Fondos de Inversión4","ATLÁNTICO",0.000761,2025,"Mayo","tasas_2025_78.xlsx"
"2606","Cuotas de Participación de Fondos de Inversión4","CRECER",0.001187,2025,"Mayo","tasas_2025_78.xlsx"
"2607","Cuotas de Participación de Fondos de Inversión4","JMMB_BDI",0.000481,2025,"Mayo","tasas_2025_78.xlsx"
"2608","Cuotas de Participación de Fondos de Inversión4","POPULAR",0.000839,2025,"Mayo","tasas_2025_78.xlsx"
"2609","Cuotas de Participación de Fondos de Inversión4","RESERVAS",0.000847,2025,"Mayo","tasas_2025_78.xlsx"
"2610","Cuotas de Participación de Fondos de Inversión4","ROMANA",0,2025,"Mayo","tasas_2025_78.xlsx"
"2611","Cuotas de Participación de Fondos de Inversión4","SIEMBRA",0.001423,2025,"Mayo","tasas_2025_78.xlsx"
"2612","Cuotas de Participación de Fondos de Inversión4","TOTAL_CCI",0.000976523126828894,2025,"Mayo","tasas_2025_78.xlsx"
"2613","Cuotas de Participación de Fondos de Inversión4","RESERVAS-R3",0.000708,2025,"Mayo","tasas_2025_78.xlsx"
"2614","Cuotas de Participación de Fondos de Inversión4","BANCO_CENTRAL-R3",0,2025,"Mayo","tasas_2025_78.xlsx"
"2615","Cuotas de Participación de Fondos de Inversión4","FONDO_DE_SOLIDARIDAD_SOCIAL",0.000725,2025,"Mayo","tasas_2025_78.xlsx"
"2616","Cuotas de Participación de Fondos de Inversión4","TOTAL_SISTEMA",0.000943994580450273,2025,"Mayo","tasas_2025_78.xlsx"
"2617","Cuotas de Participación de Fondos de Mutuos","ATLÁNTICO",0,2025,"Mayo","tasas_2025_78.xlsx"
"2618","Cuotas de Participación de Fondos de Mutuos","CRECER",0,2025,"Mayo","tasas_2025_78.xlsx"
"2619","Cuotas de Participación de Fondos de Mutuos","JMMB_BDI",0,2025,"Mayo","tasas_2025_78.xlsx"
"2620","Cuotas de Participación de Fondos de Mutuos","POPULAR",0,2025,"Mayo","tasas_2025_78.xlsx"
"2621","Cuotas de Participación de Fondos de Mutuos","RESERVAS",0,2025,"Mayo","tasas_2025_78.xlsx"
"2622","Cuotas de Participación de Fondos de Mutuos","ROMANA",0,2025,"Mayo","tasas_2025_78.xlsx"
"2623","Cuotas de Participación de Fondos de Mutuos","SIEMBRA",0,2025,"Mayo","tasas_2025_78.xlsx"
"2624","Cuotas de Participación de Fondos de Mutuos","TOTAL_CCI",0,2025,"Mayo","tasas_2025_78.xlsx"
"2625","Cuotas de Participación de Fondos de Mutuos","RESERVAS-R3",0,2025,"Mayo","tasas_2025_78.xlsx"
"2626","Cuotas de Participación de Fondos de Mutuos","BANCO_CENTRAL-R3",0,2025,"Mayo","tasas_2025_78.xlsx"
"2627","Cuotas de Participación de Fondos de Mutuos","FONDO_DE_SOLIDARIDAD_SOCIAL",0,2025,"Mayo","tasas_2025_78.xlsx"
"2628","Cuotas de Participación de Fondos de Mutuos","TOTAL_SISTEMA",0,2025,"Mayo","tasas_2025_78.xlsx"
"2629","Letras BCRD2","ATLÁNTICO",0,2025,"Mayo","tasas_2025_78.xlsx"
"2630","Letras BCRD2","CRECER",0,2025,"Mayo","tasas_2025_78.xlsx"
"2631","Letras BCRD2","JMMB_BDI",0,2025,"Mayo","tasas_2025_78.xlsx"
"2632","Letras BCRD2","POPULAR",0,2025,"Mayo","tasas_2025_78.xlsx"
"2633","Letras BCRD2","RESERVAS",0,2025,"Mayo","tasas_2025_78.xlsx"
"2634","Letras BCRD2","ROMANA",0,2025,"Mayo","tasas_2025_78.xlsx"
"2635","Letras BCRD2","SIEMBRA",0,2025,"Mayo","tasas_2025_78.xlsx"
"2636","Letras BCRD2","TOTAL_CCI",0,2025,"Mayo","tasas_2025_78.xlsx"
"2637","Letras BCRD2","RESERVAS-R3",0,2025,"Mayo","tasas_2025_78.xlsx"
"2638","Letras BCRD2","BANCO_CENTRAL-R3",0,2025,"Mayo","tasas_2025_78.xlsx"
"2639","Letras BCRD2","FONDO_DE_SOLIDARIDAD_SOCIAL",0,2025,"Mayo","tasas_2025_78.xlsx"
"2640","Letras BCRD2","TOTAL_SISTEMA",0,2025,"Mayo","tasas_2025_78.xlsx"
"2641","Notas BCRD2","ATLÁNTICO",0.00068,2025,"Mayo","tasas_2025_78.xlsx"
"2642","Notas BCRD2","CRECER",0.000862,2025,"Mayo","tasas_2025_78.xlsx"
"2643","Notas BCRD2","JMMB_BDI",0.001089,2025,"Mayo","tasas_2025_78.xlsx"
"2644","Notas BCRD2","POPULAR",0.000952,2025,"Mayo","tasas_2025_78.xlsx"
"2645","Notas BCRD2","RESERVAS",0.000894,2025,"Mayo","tasas_2025_78.xlsx"
"2646","Notas BCRD2","ROMANA",0.00079,2025,"Mayo","tasas_2025_78.xlsx"
"2647","Notas BCRD2","SIEMBRA",0.001029,2025,"Mayo","tasas_2025_78.xlsx"
"2648","Notas BCRD2","TOTAL_CCI",0.000965060970999022,2025,"Mayo","tasas_2025_78.xlsx"
"2649","Notas BCRD2","RESERVAS-R3",0.000702,2025,"Mayo","tasas_2025_78.xlsx"
"2650","Notas BCRD2","BANCO_CENTRAL-R3",0.001245,2025,"Mayo","tasas_2025_78.xlsx"
"2651","Notas BCRD2","FONDO_DE_SOLIDARIDAD_SOCIAL",0.000738,2025,"Mayo","tasas_2025_78.xlsx"
"2652","Notas BCRD2","TOTAL_SISTEMA",0.000972606325492533,2025,"Mayo","tasas_2025_78.xlsx"
"2653","Valores representativos de capital emitidos por Fideicomisos de oferta pública5","ATLÁNTICO",0.001218,2025,"Mayo","tasas_2025_78.xlsx"
"2654","Valores representativos de capital emitidos por Fideicomisos de oferta pública5","CRECER",0.001218,2025,"Mayo","tasas_2025_78.xlsx"
"2655","Valores representativos de capital emitidos por Fideicomisos de oferta pública5","JMMB_BDI",0.001218,2025,"Mayo","tasas_2025_78.xlsx"
"2656","Valores representativos de capital emitidos por Fideicomisos de oferta pública5","POPULAR",0.001218,2025,"Mayo","tasas_2025_78.xlsx"
"2657","Valores representativos de capital emitidos por Fideicomisos de oferta pública5","RESERVAS",0.001218,2025,"Mayo","tasas_2025_78.xlsx"
"2658","Valores representativos de capital emitidos por Fideicomisos de oferta pública5","ROMANA",0,2025,"Mayo","tasas_2025_78.xlsx"
"2659","Valores representativos de capital emitidos por Fideicomisos de oferta pública5","SIEMBRA",0.001218,2025,"Mayo","tasas_2025_78.xlsx"
"2660","Valores representativos de capital emitidos por Fideicomisos de oferta pública5","TOTAL_CCI",0.001218,2025,"Mayo","tasas_2025_78.xlsx"
"2661","Valores representativos de capital emitidos por Fideicomisos de oferta pública5","RESERVAS-R3",0,2025,"Mayo","tasas_2025_78.xlsx"
"2662","Valores representativos de capital emitidos por Fideicomisos de oferta pública5","BANCO_CENTRAL-R3",0,2025,"Mayo","tasas_2025_78.xlsx"
"2663","Valores representativos de capital emitidos por Fideicomisos de oferta pública5","FONDO_DE_SOLIDARIDAD_SOCIAL",0,2025,"Mayo","tasas_2025_78.xlsx"
"2664","Valores representativos de capital emitidos por Fideicomisos de oferta pública5","TOTAL_SISTEMA",0.001218,2025,"Mayo","tasas_2025_78.xlsx"
"2665","Valores representativos de deuda emitidos por Fideicomisos de oferta pública","ATLÁNTICO",0.001179,2025,"Mayo","tasas_2025_78.xlsx"
"2666","Valores representativos de deuda emitidos por Fideicomisos de oferta pública","CRECER",0.000955,2025,"Mayo","tasas_2025_78.xlsx"
"2667","Valores representativos de deuda emitidos por Fideicomisos de oferta pública","JMMB_BDI",0.000925,2025,"Mayo","tasas_2025_78.xlsx"
"2668","Valores representativos de deuda emitidos por Fideicomisos de oferta pública","POPULAR",0.001114,2025,"Mayo","tasas_2025_78.xlsx"
"2669","Valores representativos de deuda emitidos por Fideicomisos de oferta pública","RESERVAS",0.001143,2025,"Mayo","tasas_2025_78.xlsx"
"2670","Valores representativos de deuda emitidos por Fideicomisos de oferta pública","ROMANA",0,2025,"Mayo","tasas_2025_78.xlsx"
"2671","Valores representativos de deuda emitidos por Fideicomisos de oferta pública","SIEMBRA",0.001147,2025,"Mayo","tasas_2025_78.xlsx"
"2672","Valores representativos de deuda emitidos por Fideicomisos de oferta pública","TOTAL_CCI",0.00102084361427309,2025,"Mayo","tasas_2025_78.xlsx"
"2673","Valores representativos de deuda emitidos por Fideicomisos de oferta pública","RESERVAS-R3",0.000505,2025,"Mayo","tasas_2025_78.xlsx"
"2674","Valores representativos de deuda emitidos por Fideicomisos de oferta pública","BANCO_CENTRAL-R3",0,2025,"Mayo","tasas_2025_78.xlsx"
"2675","Valores representativos de deuda emitidos por Fideicomisos de oferta pública","FONDO_DE_SOLIDARIDAD_SOCIAL",0.001145,2025,"Mayo","tasas_2025_78.xlsx"
"2676","Valores representativos de deuda emitidos por Fideicomisos de oferta pública","TOTAL_SISTEMA",0.00103012719326648,2025,"Mayo","tasas_2025_78.xlsx"
"2677","* Datos preliminares.","ATLÁNTICO",NA,2025,"Mayo","tasas_2025_78.xlsx"
"2678","* Datos preliminares.","CRECER",NA,2025,"Mayo","tasas_2025_78.xlsx"
"2679","* Datos preliminares.","JMMB_BDI",NA,2025,"Mayo","tasas_2025_78.xlsx"
"2680","* Datos preliminares.","POPULAR",NA,2025,"Mayo","tasas_2025_78.xlsx"
"2681","* Datos preliminares.","RESERVAS",NA,2025,"Mayo","tasas_2025_78.xlsx"
"2682","* Datos preliminares.","ROMANA",NA,2025,"Mayo","tasas_2025_78.xlsx"
"2683","* Datos preliminares.","SIEMBRA",NA,2025,"Mayo","tasas_2025_78.xlsx"
"2684","* Datos preliminares.","TOTAL_CCI",NA,2025,"Mayo","tasas_2025_78.xlsx"
"2685","* Datos preliminares.","RESERVAS-R3",NA,2025,"Mayo","tasas_2025_78.xlsx"
"2686","* Datos preliminares.","BANCO_CENTRAL-R3",NA,2025,"Mayo","tasas_2025_78.xlsx"
"2687","* Datos preliminares.","FONDO_DE_SOLIDARIDAD_SOCIAL",NA,2025,"Mayo","tasas_2025_78.xlsx"
"2688","* Datos preliminares.","TOTAL_SISTEMA",NA,2025,"Mayo","tasas_2025_78.xlsx"
"2689","Acciones de oferta pública 6","ATLÁNTICO",0.000593,2025,"Junio","tasas_2025_78.xlsx"
"2690","Acciones de oferta pública 6","CRECER",0.000573,2025,"Junio","tasas_2025_78.xlsx"
"2691","Acciones de oferta pública 6","JMMB_BDI",0.000593,2025,"Junio","tasas_2025_78.xlsx"
"2692","Acciones de oferta pública 6","POPULAR",0,2025,"Junio","tasas_2025_78.xlsx"
"2693","Acciones de oferta pública 6","RESERVAS",0.000593,2025,"Junio","tasas_2025_78.xlsx"
"2694","Acciones de oferta pública 6","ROMANA",0,2025,"Junio","tasas_2025_78.xlsx"
"2695","Acciones de oferta pública 6","SIEMBRA",0.000593,2025,"Junio","tasas_2025_78.xlsx"
"2696","Acciones de oferta pública 6","TOTAL_CCI",0.000586252735921091,2025,"Junio","tasas_2025_78.xlsx"
"2697","Acciones de oferta pública 6","RESERVAS-R3",0,2025,"Junio","tasas_2025_78.xlsx"
"2698","Acciones de oferta pública 6","BANCO_CENTRAL-R3",0.000593,2025,"Junio","tasas_2025_78.xlsx"
"2699","Acciones de oferta pública 6","FONDO_DE_SOLIDARIDAD_SOCIAL",0,2025,"Junio","tasas_2025_78.xlsx"
"2700","Acciones de oferta pública 6","TOTAL_SISTEMA",0.000586252784894038,2025,"Junio","tasas_2025_78.xlsx"
"2701","Bonos Ministerio de Hacienda","ATLÁNTICO",0.000601,2025,"Junio","tasas_2025_78.xlsx"
"2702","Bonos Ministerio de Hacienda","CRECER",0.000653,2025,"Junio","tasas_2025_78.xlsx"
"2703","Bonos Ministerio de Hacienda","JMMB_BDI",0.000544,2025,"Junio","tasas_2025_78.xlsx"
"2704","Bonos Ministerio de Hacienda","POPULAR",0.00066,2025,"Junio","tasas_2025_78.xlsx"
"2705","Bonos Ministerio de Hacienda","RESERVAS",0.000681,2025,"Junio","tasas_2025_78.xlsx"
"2706","Bonos Ministerio de Hacienda","ROMANA",0.000772,2025,"Junio","tasas_2025_78.xlsx"
"2707","Bonos Ministerio de Hacienda","SIEMBRA",0.000647,2025,"Junio","tasas_2025_78.xlsx"
"2708","Bonos Ministerio de Hacienda","TOTAL_CCI",0.000657928862658159,2025,"Junio","tasas_2025_78.xlsx"
"2709","Bonos Ministerio de Hacienda","RESERVAS-R3",0.00065,2025,"Junio","tasas_2025_78.xlsx"
"2710","Bonos Ministerio de Hacienda","BANCO_CENTRAL-R3",0.000697,2025,"Junio","tasas_2025_78.xlsx"
"2711","Bonos Ministerio de Hacienda","FONDO_DE_SOLIDARIDAD_SOCIAL",0.000645,2025,"Junio","tasas_2025_78.xlsx"
"2712","Bonos Ministerio de Hacienda","TOTAL_SISTEMA",0.000657420696205015,2025,"Junio","tasas_2025_78.xlsx"
"2713","Bonos EIF 1","ATLÁNTICO",0.001115,2025,"Junio","tasas_2025_78.xlsx"
"2714","Bonos EIF 1","CRECER",0.001015,2025,"Junio","tasas_2025_78.xlsx"
"2715","Bonos EIF 1","JMMB_BDI",0.001014,2025,"Junio","tasas_2025_78.xlsx"
"2716","Bonos EIF 1","POPULAR",0.001017,2025,"Junio","tasas_2025_78.xlsx"
"2717","Bonos EIF 1","RESERVAS",0.001014,2025,"Junio","tasas_2025_78.xlsx"
"2718","Bonos EIF 1","ROMANA",0.001,2025,"Junio","tasas_2025_78.xlsx"
"2719","Bonos EIF 1","SIEMBRA",0.001018,2025,"Junio","tasas_2025_78.xlsx"
"2720","Bonos EIF 1","TOTAL_CCI",0.00101786746228915,2025,"Junio","tasas_2025_78.xlsx"
"2721","Bonos EIF 1","RESERVAS-R3",0.001037,2025,"Junio","tasas_2025_78.xlsx"
"2722","Bonos EIF 1","BANCO_CENTRAL-R3",0.000952,2025,"Junio","tasas_2025_78.xlsx"
"2723","Bonos EIF 1","FONDO_DE_SOLIDARIDAD_SOCIAL",0.001026,2025,"Junio","tasas_2025_78.xlsx"
"2724","Bonos EIF 1","TOTAL_SISTEMA",0.00101814621438839,2025,"Junio","tasas_2025_78.xlsx"
"2725","Bonos Empresas","ATLÁNTICO",0.001009,2025,"Junio","tasas_2025_78.xlsx"
"2726","Bonos Empresas","CRECER",0.000985,2025,"Junio","tasas_2025_78.xlsx"
"2727","Bonos Empresas","JMMB_BDI",0.001095,2025,"Junio","tasas_2025_78.xlsx"
"2728","Bonos Empresas","POPULAR",0.000861,2025,"Junio","tasas_2025_78.xlsx"
"2729","Bonos Empresas","RESERVAS",0.000853,2025,"Junio","tasas_2025_78.xlsx"
"2730","Bonos Empresas","ROMANA",0,2025,"Junio","tasas_2025_78.xlsx"
"2731","Bonos Empresas","SIEMBRA",0.000623,2025,"Junio","tasas_2025_78.xlsx"
"2732","Bonos Empresas","TOTAL_CCI",0.000858759818772307,2025,"Junio","tasas_2025_78.xlsx"
"2733","Bonos Empresas","RESERVAS-R3",0.000884,2025,"Junio","tasas_2025_78.xlsx"
"2734","Bonos Empresas","BANCO_CENTRAL-R3",0.000847,2025,"Junio","tasas_2025_78.xlsx"
"2735","Bonos Empresas","FONDO_DE_SOLIDARIDAD_SOCIAL",0.000749,2025,"Junio","tasas_2025_78.xlsx"
"2736","Bonos Empresas","TOTAL_SISTEMA",0.000852952245520888,2025,"Junio","tasas_2025_78.xlsx"
"2737","Bonos de Hacienda para financiar desarrollo de  proyectos de infraestructura","ATLÁNTICO",0,2025,"Junio","tasas_2025_78.xlsx"
"2738","Bonos de Hacienda para financiar desarrollo de  proyectos de infraestructura","CRECER",0.000857,2025,"Junio","tasas_2025_78.xlsx"
"2739","Bonos de Hacienda para financiar desarrollo de  proyectos de infraestructura","JMMB_BDI",0,2025,"Junio","tasas_2025_78.xlsx"
"2740","Bonos de Hacienda para financiar desarrollo de  proyectos de infraestructura","POPULAR",0.000873,2025,"Junio","tasas_2025_78.xlsx"
"2741","Bonos de Hacienda para financiar desarrollo de  proyectos de infraestructura","RESERVAS",0.001029,2025,"Junio","tasas_2025_78.xlsx"
"2742","Bonos de Hacienda para financiar desarrollo de  proyectos de infraestructura","ROMANA",0,2025,"Junio","tasas_2025_78.xlsx"
"2743","Bonos de Hacienda para financiar desarrollo de  proyectos de infraestructura","SIEMBRA",0,2025,"Junio","tasas_2025_78.xlsx"
"2744","Bonos de Hacienda para financiar desarrollo de  proyectos de infraestructura","TOTAL_CCI",0.000891356159081134,2025,"Junio","tasas_2025_78.xlsx"
"2745","Bonos de Hacienda para financiar desarrollo de  proyectos de infraestructura","RESERVAS-R3",0,2025,"Junio","tasas_2025_78.xlsx"
"2746","Bonos de Hacienda para financiar desarrollo de  proyectos de infraestructura","BANCO_CENTRAL-R3",0,2025,"Junio","tasas_2025_78.xlsx"
"2747","Bonos de Hacienda para financiar desarrollo de  proyectos de infraestructura","FONDO_DE_SOLIDARIDAD_SOCIAL",0,2025,"Junio","tasas_2025_78.xlsx"
"2748","Bonos de Hacienda para financiar desarrollo de  proyectos de infraestructura","TOTAL_SISTEMA",0.000891356159081134,2025,"Junio","tasas_2025_78.xlsx"
"2749","Certificados de Depósito EIF1","ATLÁNTICO",0.001029,2025,"Junio","tasas_2025_78.xlsx"
"2750","Certificados de Depósito EIF1","CRECER",0.001058,2025,"Junio","tasas_2025_78.xlsx"
"2751","Certificados de Depósito EIF1","JMMB_BDI",0.001393,2025,"Junio","tasas_2025_78.xlsx"
"2752","Certificados de Depósito EIF1","POPULAR",0.001195,2025,"Junio","tasas_2025_78.xlsx"
"2753","Certificados de Depósito EIF1","RESERVAS",0.001166,2025,"Junio","tasas_2025_78.xlsx"
"2754","Certificados de Depósito EIF1","ROMANA",0.001256,2025,"Junio","tasas_2025_78.xlsx"
"2755","Certificados de Depósito EIF1","SIEMBRA",0.001151,2025,"Junio","tasas_2025_78.xlsx"
"2756","Certificados de Depósito EIF1","TOTAL_CCI",0.00117829787027944,2025,"Junio","tasas_2025_78.xlsx"
"2757","Certificados de Depósito EIF1","RESERVAS-R3",0.001078,2025,"Junio","tasas_2025_78.xlsx"
"2758","Certificados de Depósito EIF1","BANCO_CENTRAL-R3",0.001275,2025,"Junio","tasas_2025_78.xlsx"
"2759","Certificados de Depósito EIF1","FONDO_DE_SOLIDARIDAD_SOCIAL",0.000686,2025,"Junio","tasas_2025_78.xlsx"
"2760","Certificados de Depósito EIF1","TOTAL_SISTEMA",0.00116890852331448,2025,"Junio","tasas_2025_78.xlsx"
"2761","Certificados Inversión Especial BCRD2","ATLÁNTICO",0,2025,"Junio","tasas_2025_78.xlsx"
"2762","Certificados Inversión Especial BCRD2","CRECER",0,2025,"Junio","tasas_2025_78.xlsx"
"2763","Certificados Inversión Especial BCRD2","JMMB_BDI",0,2025,"Junio","tasas_2025_78.xlsx"
"2764","Certificados Inversión Especial BCRD2","POPULAR",0,2025,"Junio","tasas_2025_78.xlsx"
"2765","Certificados Inversión Especial BCRD2","RESERVAS",0,2025,"Junio","tasas_2025_78.xlsx"
"2766","Certificados Inversión Especial BCRD2","ROMANA",0,2025,"Junio","tasas_2025_78.xlsx"
"2767","Certificados Inversión Especial BCRD2","SIEMBRA",0,2025,"Junio","tasas_2025_78.xlsx"
"2768","Certificados Inversión Especial BCRD2","TOTAL_CCI",0,2025,"Junio","tasas_2025_78.xlsx"
"2769","Certificados Inversión Especial BCRD2","RESERVAS-R3",0,2025,"Junio","tasas_2025_78.xlsx"
"2770","Certificados Inversión Especial BCRD2","BANCO_CENTRAL-R3",0.001481,2025,"Junio","tasas_2025_78.xlsx"
"2771","Certificados Inversión Especial BCRD2","FONDO_DE_SOLIDARIDAD_SOCIAL",0,2025,"Junio","tasas_2025_78.xlsx"
"2772","Certificados Inversión Especial BCRD2","TOTAL_SISTEMA",0.001481,2025,"Junio","tasas_2025_78.xlsx"
"2773","Cuotas de Participación de Fondos de Inversión4","ATLÁNTICO",0.000752,2025,"Junio","tasas_2025_78.xlsx"
"2774","Cuotas de Participación de Fondos de Inversión4","CRECER",0.000425,2025,"Junio","tasas_2025_78.xlsx"
"2775","Cuotas de Participación de Fondos de Inversión4","JMMB_BDI",0.000546,2025,"Junio","tasas_2025_78.xlsx"
"2776","Cuotas de Participación de Fondos de Inversión4","POPULAR",0.000985,2025,"Junio","tasas_2025_78.xlsx"
"2777","Cuotas de Participación de Fondos de Inversión4","RESERVAS",0.000876,2025,"Junio","tasas_2025_78.xlsx"
"2778","Cuotas de Participación de Fondos de Inversión4","ROMANA",0,2025,"Junio","tasas_2025_78.xlsx"
"2779","Cuotas de Participación de Fondos de Inversión4","SIEMBRA",0.00063,2025,"Junio","tasas_2025_78.xlsx"
"2780","Cuotas de Participación de Fondos de Inversión4","TOTAL_CCI",0.0007976845388784,2025,"Junio","tasas_2025_78.xlsx"
"2781","Cuotas de Participación de Fondos de Inversión4","RESERVAS-R3",0.000673,2025,"Junio","tasas_2025_78.xlsx"
"2782","Cuotas de Participación de Fondos de Inversión4","BANCO_CENTRAL-R3",0,2025,"Junio","tasas_2025_78.xlsx"
"2783","Cuotas de Participación de Fondos de Inversión4","FONDO_DE_SOLIDARIDAD_SOCIAL",0.000727,2025,"Junio","tasas_2025_78.xlsx"
"2784","Cuotas de Participación de Fondos de Inversión4","TOTAL_SISTEMA",0.000787363086006471,2025,"Junio","tasas_2025_78.xlsx"
"2785","Cuotas de Participación de Fondos de Mutuos","ATLÁNTICO",0,2025,"Junio","tasas_2025_78.xlsx"
"2786","Cuotas de Participación de Fondos de Mutuos","CRECER",0.001314,2025,"Junio","tasas_2025_78.xlsx"
"2787","Cuotas de Participación de Fondos de Mutuos","JMMB_BDI",0,2025,"Junio","tasas_2025_78.xlsx"
"2788","Cuotas de Participación de Fondos de Mutuos","POPULAR",0,2025,"Junio","tasas_2025_78.xlsx"
"2789","Cuotas de Participación de Fondos de Mutuos","RESERVAS",0,2025,"Junio","tasas_2025_78.xlsx"
"2790","Cuotas de Participación de Fondos de Mutuos","ROMANA",0,2025,"Junio","tasas_2025_78.xlsx"
"2791","Cuotas de Participación de Fondos de Mutuos","SIEMBRA",0,2025,"Junio","tasas_2025_78.xlsx"
"2792","Cuotas de Participación de Fondos de Mutuos","TOTAL_CCI",0.001314,2025,"Junio","tasas_2025_78.xlsx"
"2793","Cuotas de Participación de Fondos de Mutuos","RESERVAS-R3",0,2025,"Junio","tasas_2025_78.xlsx"
"2794","Cuotas de Participación de Fondos de Mutuos","BANCO_CENTRAL-R3",0,2025,"Junio","tasas_2025_78.xlsx"
"2795","Cuotas de Participación de Fondos de Mutuos","FONDO_DE_SOLIDARIDAD_SOCIAL",0,2025,"Junio","tasas_2025_78.xlsx"
"2796","Cuotas de Participación de Fondos de Mutuos","TOTAL_SISTEMA",0.001314,2025,"Junio","tasas_2025_78.xlsx"
"2797","Letras BCRD2","ATLÁNTICO",0,2025,"Junio","tasas_2025_78.xlsx"
"2798","Letras BCRD2","CRECER",0,2025,"Junio","tasas_2025_78.xlsx"
"2799","Letras BCRD2","JMMB_BDI",0,2025,"Junio","tasas_2025_78.xlsx"
"2800","Letras BCRD2","POPULAR",0,2025,"Junio","tasas_2025_78.xlsx"
"2801","Letras BCRD2","RESERVAS",0,2025,"Junio","tasas_2025_78.xlsx"
"2802","Letras BCRD2","ROMANA",0,2025,"Junio","tasas_2025_78.xlsx"
"2803","Letras BCRD2","SIEMBRA",0,2025,"Junio","tasas_2025_78.xlsx"
"2804","Letras BCRD2","TOTAL_CCI",0,2025,"Junio","tasas_2025_78.xlsx"
"2805","Letras BCRD2","RESERVAS-R3",0,2025,"Junio","tasas_2025_78.xlsx"
"2806","Letras BCRD2","BANCO_CENTRAL-R3",0,2025,"Junio","tasas_2025_78.xlsx"
"2807","Letras BCRD2","FONDO_DE_SOLIDARIDAD_SOCIAL",0,2025,"Junio","tasas_2025_78.xlsx"
"2808","Letras BCRD2","TOTAL_SISTEMA",0,2025,"Junio","tasas_2025_78.xlsx"
"2809","Notas BCRD2","ATLÁNTICO",0.00068,2025,"Junio","tasas_2025_78.xlsx"
"2810","Notas BCRD2","CRECER",0.000862,2025,"Junio","tasas_2025_78.xlsx"
"2811","Notas BCRD2","JMMB_BDI",0.001023,2025,"Junio","tasas_2025_78.xlsx"
"2812","Notas BCRD2","POPULAR",0.000999,2025,"Junio","tasas_2025_78.xlsx"
"2813","Notas BCRD2","RESERVAS",0.000894,2025,"Junio","tasas_2025_78.xlsx"
"2814","Notas BCRD2","ROMANA",0.000791,2025,"Junio","tasas_2025_78.xlsx"
"2815","Notas BCRD2","SIEMBRA",0.001033,2025,"Junio","tasas_2025_78.xlsx"
"2816","Notas BCRD2","TOTAL_CCI",0.000981536575977013,2025,"Junio","tasas_2025_78.xlsx"
"2817","Notas BCRD2","RESERVAS-R3",0.000701,2025,"Junio","tasas_2025_78.xlsx"
"2818","Notas BCRD2","BANCO_CENTRAL-R3",0.001237,2025,"Junio","tasas_2025_78.xlsx"
"2819","Notas BCRD2","FONDO_DE_SOLIDARIDAD_SOCIAL",0.000738,2025,"Junio","tasas_2025_78.xlsx"
"2820","Notas BCRD2","TOTAL_SISTEMA",0.000988776436790726,2025,"Junio","tasas_2025_78.xlsx"
"2821","Valores representativos de capital emitidos por Fideicomisos de oferta pública5","ATLÁNTICO",0.001189,2025,"Junio","tasas_2025_78.xlsx"
"2822","Valores representativos de capital emitidos por Fideicomisos de oferta pública5","CRECER",0.001189,2025,"Junio","tasas_2025_78.xlsx"
"2823","Valores representativos de capital emitidos por Fideicomisos de oferta pública5","JMMB_BDI",0.001189,2025,"Junio","tasas_2025_78.xlsx"
"2824","Valores representativos de capital emitidos por Fideicomisos de oferta pública5","POPULAR",0.001189,2025,"Junio","tasas_2025_78.xlsx"
"2825","Valores representativos de capital emitidos por Fideicomisos de oferta pública5","RESERVAS",0.001189,2025,"Junio","tasas_2025_78.xlsx"
"2826","Valores representativos de capital emitidos por Fideicomisos de oferta pública5","ROMANA",0,2025,"Junio","tasas_2025_78.xlsx"
"2827","Valores representativos de capital emitidos por Fideicomisos de oferta pública5","SIEMBRA",0.001189,2025,"Junio","tasas_2025_78.xlsx"
"2828","Valores representativos de capital emitidos por Fideicomisos de oferta pública5","TOTAL_CCI",0.001189,2025,"Junio","tasas_2025_78.xlsx"
"2829","Valores representativos de capital emitidos por Fideicomisos de oferta pública5","RESERVAS-R3",0,2025,"Junio","tasas_2025_78.xlsx"
"2830","Valores representativos de capital emitidos por Fideicomisos de oferta pública5","BANCO_CENTRAL-R3",0,2025,"Junio","tasas_2025_78.xlsx"
"2831","Valores representativos de capital emitidos por Fideicomisos de oferta pública5","FONDO_DE_SOLIDARIDAD_SOCIAL",0,2025,"Junio","tasas_2025_78.xlsx"
"2832","Valores representativos de capital emitidos por Fideicomisos de oferta pública5","TOTAL_SISTEMA",0.001189,2025,"Junio","tasas_2025_78.xlsx"
"2833","Valores representativos de deuda emitidos por Fideicomisos de oferta pública","ATLÁNTICO",0.001179,2025,"Junio","tasas_2025_78.xlsx"
"2834","Valores representativos de deuda emitidos por Fideicomisos de oferta pública","CRECER",0.000956,2025,"Junio","tasas_2025_78.xlsx"
"2835","Valores representativos de deuda emitidos por Fideicomisos de oferta pública","JMMB_BDI",0.000925,2025,"Junio","tasas_2025_78.xlsx"
"2836","Valores representativos de deuda emitidos por Fideicomisos de oferta pública","POPULAR",0.001114,2025,"Junio","tasas_2025_78.xlsx"
"2837","Valores representativos de deuda emitidos por Fideicomisos de oferta pública","RESERVAS",0.001144,2025,"Junio","tasas_2025_78.xlsx"
"2838","Valores representativos de deuda emitidos por Fideicomisos de oferta pública","ROMANA",0,2025,"Junio","tasas_2025_78.xlsx"
"2839","Valores representativos de deuda emitidos por Fideicomisos de oferta pública","SIEMBRA",0.001148,2025,"Junio","tasas_2025_78.xlsx"
"2840","Valores representativos de deuda emitidos por Fideicomisos de oferta pública","TOTAL_CCI",0.00102308422032185,2025,"Junio","tasas_2025_78.xlsx"
"2841","Valores representativos de deuda emitidos por Fideicomisos de oferta pública","RESERVAS-R3",0.000505,2025,"Junio","tasas_2025_78.xlsx"
"2842","Valores representativos de deuda emitidos por Fideicomisos de oferta pública","BANCO_CENTRAL-R3",0,2025,"Junio","tasas_2025_78.xlsx"
"2843","Valores representativos de deuda emitidos por Fideicomisos de oferta pública","FONDO_DE_SOLIDARIDAD_SOCIAL",0.001145,2025,"Junio","tasas_2025_78.xlsx"
"2844","Valores representativos de deuda emitidos por Fideicomisos de oferta pública","TOTAL_SISTEMA",0.00103238189637522,2025,"Junio","tasas_2025_78.xlsx"
"2845","* Datos preliminares.","ATLÁNTICO",NA,2025,"Junio","tasas_2025_78.xlsx"
"2846","* Datos preliminares.","CRECER",NA,2025,"Junio","tasas_2025_78.xlsx"
"2847","* Datos preliminares.","JMMB_BDI",NA,2025,"Junio","tasas_2025_78.xlsx"
"2848","* Datos preliminares.","POPULAR",NA,2025,"Junio","tasas_2025_78.xlsx"
"2849","* Datos preliminares.","RESERVAS",NA,2025,"Junio","tasas_2025_78.xlsx"
"2850","* Datos preliminares.","ROMANA",NA,2025,"Junio","tasas_2025_78.xlsx"
"2851","* Datos preliminares.","SIEMBRA",NA,2025,"Junio","tasas_2025_78.xlsx"
"2852","* Datos preliminares.","TOTAL_CCI",NA,2025,"Junio","tasas_2025_78.xlsx"
"2853","* Datos preliminares.","RESERVAS-R3",NA,2025,"Junio","tasas_2025_78.xlsx"
"2854","* Datos preliminares.","BANCO_CENTRAL-R3",NA,2025,"Junio","tasas_2025_78.xlsx"
"2855","* Datos preliminares.","FONDO_DE_SOLIDARIDAD_SOCIAL",NA,2025,"Junio","tasas_2025_78.xlsx"
"2856","* Datos preliminares.","TOTAL_SISTEMA",NA,2025,"Junio","tasas_2025_78.xlsx"
"2857","Acciones de oferta pública 6","ATLÁNTICO",0.000593,2025,"Julio","tasas_2025_78.xlsx"
"2858","Acciones de oferta pública 6","CRECER",0.000573,2025,"Julio","tasas_2025_78.xlsx"
"2859","Acciones de oferta pública 6","JMMB_BDI",0.000593,2025,"Julio","tasas_2025_78.xlsx"
"2860","Acciones de oferta pública 6","POPULAR",0,2025,"Julio","tasas_2025_78.xlsx"
"2861","Acciones de oferta pública 6","RESERVAS",0.000593,2025,"Julio","tasas_2025_78.xlsx"
"2862","Acciones de oferta pública 6","ROMANA",0,2025,"Julio","tasas_2025_78.xlsx"
"2863","Acciones de oferta pública 6","SIEMBRA",0.000593,2025,"Julio","tasas_2025_78.xlsx"
"2864","Acciones de oferta pública 6","TOTAL_CCI",0.000586252735921091,2025,"Julio","tasas_2025_78.xlsx"
"2865","Acciones de oferta pública 6","RESERVAS-R3",0,2025,"Julio","tasas_2025_78.xlsx"
"2866","Acciones de oferta pública 6","BANCO_CENTRAL-R3",0.000593,2025,"Julio","tasas_2025_78.xlsx"
"2867","Acciones de oferta pública 6","FONDO_DE_SOLIDARIDAD_SOCIAL",0,2025,"Julio","tasas_2025_78.xlsx"
"2868","Acciones de oferta pública 6","TOTAL_SISTEMA",0.000586252784894038,2025,"Julio","tasas_2025_78.xlsx"
"2869","Bonos Ministerio de Hacienda","ATLÁNTICO",0.000602,2025,"Julio","tasas_2025_78.xlsx"
"2870","Bonos Ministerio de Hacienda","CRECER",0.000671,2025,"Julio","tasas_2025_78.xlsx"
"2871","Bonos Ministerio de Hacienda","JMMB_BDI",0.000552,2025,"Julio","tasas_2025_78.xlsx"
"2872","Bonos Ministerio de Hacienda","POPULAR",0.000661,2025,"Julio","tasas_2025_78.xlsx"
"2873","Bonos Ministerio de Hacienda","RESERVAS",0.000697,2025,"Julio","tasas_2025_78.xlsx"
"2874","Bonos Ministerio de Hacienda","ROMANA",0.000773,2025,"Julio","tasas_2025_78.xlsx"
"2875","Bonos Ministerio de Hacienda","SIEMBRA",0.000671,2025,"Julio","tasas_2025_78.xlsx"
"2876","Bonos Ministerio de Hacienda","TOTAL_CCI",0.000671179850641976,2025,"Julio","tasas_2025_78.xlsx"
"2877","Bonos Ministerio de Hacienda","RESERVAS-R3",0.00065,2025,"Julio","tasas_2025_78.xlsx"
"2878","Bonos Ministerio de Hacienda","BANCO_CENTRAL-R3",0.000699,2025,"Julio","tasas_2025_78.xlsx"
"2879","Bonos Ministerio de Hacienda","FONDO_DE_SOLIDARIDAD_SOCIAL",0.000647,2025,"Julio","tasas_2025_78.xlsx"
"2880","Bonos Ministerio de Hacienda","TOTAL_SISTEMA",0.000669337338999073,2025,"Julio","tasas_2025_78.xlsx"
"2881","Bonos EIF 1","ATLÁNTICO",0.001116,2025,"Julio","tasas_2025_78.xlsx"
"2882","Bonos EIF 1","CRECER",0.001015,2025,"Julio","tasas_2025_78.xlsx"
"2883","Bonos EIF 1","JMMB_BDI",0.001008,2025,"Julio","tasas_2025_78.xlsx"
"2884","Bonos EIF 1","POPULAR",0.001018,2025,"Julio","tasas_2025_78.xlsx"
"2885","Bonos EIF 1","RESERVAS",0.001015,2025,"Julio","tasas_2025_78.xlsx"
"2886","Bonos EIF 1","ROMANA",0.001,2025,"Julio","tasas_2025_78.xlsx"
"2887","Bonos EIF 1","SIEMBRA",0.001018,2025,"Julio","tasas_2025_78.xlsx"
"2888","Bonos EIF 1","TOTAL_CCI",0.00101833906587184,2025,"Julio","tasas_2025_78.xlsx"
"2889","Bonos EIF 1","RESERVAS-R3",0.001037,2025,"Julio","tasas_2025_78.xlsx"
"2890","Bonos EIF 1","BANCO_CENTRAL-R3",0.000952,2025,"Julio","tasas_2025_78.xlsx"
"2891","Bonos EIF 1","FONDO_DE_SOLIDARIDAD_SOCIAL",0.001026,2025,"Julio","tasas_2025_78.xlsx"
"2892","Bonos EIF 1","TOTAL_SISTEMA",0.00101858841514842,2025,"Julio","tasas_2025_78.xlsx"
"2893","Bonos Empresas","ATLÁNTICO",0.00101,2025,"Julio","tasas_2025_78.xlsx"
"2894","Bonos Empresas","CRECER",0.000986,2025,"Julio","tasas_2025_78.xlsx"
"2895","Bonos Empresas","JMMB_BDI",0.001092,2025,"Julio","tasas_2025_78.xlsx"
"2896","Bonos Empresas","POPULAR",0.000864,2025,"Julio","tasas_2025_78.xlsx"
"2897","Bonos Empresas","RESERVAS",0.000854,2025,"Julio","tasas_2025_78.xlsx"
"2898","Bonos Empresas","ROMANA",0,2025,"Julio","tasas_2025_78.xlsx"
"2899","Bonos Empresas","SIEMBRA",0.000623,2025,"Julio","tasas_2025_78.xlsx"
"2900","Bonos Empresas","TOTAL_CCI",0.00085748895202745,2025,"Julio","tasas_2025_78.xlsx"
"2901","Bonos Empresas","RESERVAS-R3",0.000886,2025,"Julio","tasas_2025_78.xlsx"
"2902","Bonos Empresas","BANCO_CENTRAL-R3",0.000847,2025,"Julio","tasas_2025_78.xlsx"
"2903","Bonos Empresas","FONDO_DE_SOLIDARIDAD_SOCIAL",0.00075,2025,"Julio","tasas_2025_78.xlsx"
"2904","Bonos Empresas","TOTAL_SISTEMA",0.000851818034266326,2025,"Julio","tasas_2025_78.xlsx"
"2905","Bonos de Hacienda para financiar desarrollo de  proyectos de infraestructura","ATLÁNTICO",0,2025,"Julio","tasas_2025_78.xlsx"
"2906","Bonos de Hacienda para financiar desarrollo de  proyectos de infraestructura","CRECER",0.000857,2025,"Julio","tasas_2025_78.xlsx"
"2907","Bonos de Hacienda para financiar desarrollo de  proyectos de infraestructura","JMMB_BDI",0,2025,"Julio","tasas_2025_78.xlsx"
"2908","Bonos de Hacienda para financiar desarrollo de  proyectos de infraestructura","POPULAR",0.000873,2025,"Julio","tasas_2025_78.xlsx"
"2909","Bonos de Hacienda para financiar desarrollo de  proyectos de infraestructura","RESERVAS",0.001029,2025,"Julio","tasas_2025_78.xlsx"
"2910","Bonos de Hacienda para financiar desarrollo de  proyectos de infraestructura","ROMANA",0,2025,"Julio","tasas_2025_78.xlsx"
"2911","Bonos de Hacienda para financiar desarrollo de  proyectos de infraestructura","SIEMBRA",0,2025,"Julio","tasas_2025_78.xlsx"
"2912","Bonos de Hacienda para financiar desarrollo de  proyectos de infraestructura","TOTAL_CCI",0.00089139580524483,2025,"Julio","tasas_2025_78.xlsx"
"2913","Bonos de Hacienda para financiar desarrollo de  proyectos de infraestructura","RESERVAS-R3",0,2025,"Julio","tasas_2025_78.xlsx"
"2914","Bonos de Hacienda para financiar desarrollo de  proyectos de infraestructura","BANCO_CENTRAL-R3",0,2025,"Julio","tasas_2025_78.xlsx"
"2915","Bonos de Hacienda para financiar desarrollo de  proyectos de infraestructura","FONDO_DE_SOLIDARIDAD_SOCIAL",0,2025,"Julio","tasas_2025_78.xlsx"
"2916","Bonos de Hacienda para financiar desarrollo de  proyectos de infraestructura","TOTAL_SISTEMA",0.00089139580524483,2025,"Julio","tasas_2025_78.xlsx"
"2917","Certificados de Depósito EIF1","ATLÁNTICO",0.001155,2025,"Julio","tasas_2025_78.xlsx"
"2918","Certificados de Depósito EIF1","CRECER",0.000991,2025,"Julio","tasas_2025_78.xlsx"
"2919","Certificados de Depósito EIF1","JMMB_BDI",0.001275,2025,"Julio","tasas_2025_78.xlsx"
"2920","Certificados de Depósito EIF1","POPULAR",0.001193,2025,"Julio","tasas_2025_78.xlsx"
"2921","Certificados de Depósito EIF1","RESERVAS",0.001134,2025,"Julio","tasas_2025_78.xlsx"
"2922","Certificados de Depósito EIF1","ROMANA",0.001161,2025,"Julio","tasas_2025_78.xlsx"
"2923","Certificados de Depósito EIF1","SIEMBRA",0.001138,2025,"Julio","tasas_2025_78.xlsx"
"2924","Certificados de Depósito EIF1","TOTAL_CCI",0.00115614162495202,2025,"Julio","tasas_2025_78.xlsx"
"2925","Certificados de Depósito EIF1","RESERVAS-R3",0.001085,2025,"Julio","tasas_2025_78.xlsx"
"2926","Certificados de Depósito EIF1","BANCO_CENTRAL-R3",0.001269,2025,"Julio","tasas_2025_78.xlsx"
"2927","Certificados de Depósito EIF1","FONDO_DE_SOLIDARIDAD_SOCIAL",0.000782,2025,"Julio","tasas_2025_78.xlsx"
"2928","Certificados de Depósito EIF1","TOTAL_SISTEMA",0.00113973590493997,2025,"Julio","tasas_2025_78.xlsx"
"2929","Certificados Inversión Especial BCRD2","ATLÁNTICO",0,2025,"Julio","tasas_2025_78.xlsx"
"2930","Certificados Inversión Especial BCRD2","CRECER",0,2025,"Julio","tasas_2025_78.xlsx"
"2931","Certificados Inversión Especial BCRD2","JMMB_BDI",0,2025,"Julio","tasas_2025_78.xlsx"
"2932","Certificados Inversión Especial BCRD2","POPULAR",0,2025,"Julio","tasas_2025_78.xlsx"
"2933","Certificados Inversión Especial BCRD2","RESERVAS",0,2025,"Julio","tasas_2025_78.xlsx"
"2934","Certificados Inversión Especial BCRD2","ROMANA",0,2025,"Julio","tasas_2025_78.xlsx"
"2935","Certificados Inversión Especial BCRD2","SIEMBRA",0,2025,"Julio","tasas_2025_78.xlsx"
"2936","Certificados Inversión Especial BCRD2","TOTAL_CCI",0,2025,"Julio","tasas_2025_78.xlsx"
"2937","Certificados Inversión Especial BCRD2","RESERVAS-R3",0,2025,"Julio","tasas_2025_78.xlsx"
"2938","Certificados Inversión Especial BCRD2","BANCO_CENTRAL-R3",0.001481,2025,"Julio","tasas_2025_78.xlsx"
"2939","Certificados Inversión Especial BCRD2","FONDO_DE_SOLIDARIDAD_SOCIAL",0,2025,"Julio","tasas_2025_78.xlsx"
"2940","Certificados Inversión Especial BCRD2","TOTAL_SISTEMA",0.001481,2025,"Julio","tasas_2025_78.xlsx"
"2941","Cuotas de Participación de Fondos de Inversión4","ATLÁNTICO",0.000767,2025,"Julio","tasas_2025_78.xlsx"
"2942","Cuotas de Participación de Fondos de Inversión4","CRECER",0.000654,2025,"Julio","tasas_2025_78.xlsx"
"2943","Cuotas de Participación de Fondos de Inversión4","JMMB_BDI",0.000511,2025,"Julio","tasas_2025_78.xlsx"
"2944","Cuotas de Participación de Fondos de Inversión4","POPULAR",0.000964,2025,"Julio","tasas_2025_78.xlsx"
"2945","Cuotas de Participación de Fondos de Inversión4","RESERVAS",0.000902,2025,"Julio","tasas_2025_78.xlsx"
"2946","Cuotas de Participación de Fondos de Inversión4","ROMANA",0,2025,"Julio","tasas_2025_78.xlsx"
"2947","Cuotas de Participación de Fondos de Inversión4","SIEMBRA",0.00091,2025,"Julio","tasas_2025_78.xlsx"
"2948","Cuotas de Participación de Fondos de Inversión4","TOTAL_CCI",0.000877304248791967,2025,"Julio","tasas_2025_78.xlsx"
"2949","Cuotas de Participación de Fondos de Inversión4","RESERVAS-R3",0.000694,2025,"Julio","tasas_2025_78.xlsx"
"2950","Cuotas de Participación de Fondos de Inversión4","BANCO_CENTRAL-R3",0,2025,"Julio","tasas_2025_78.xlsx"
"2951","Cuotas de Participación de Fondos de Inversión4","FONDO_DE_SOLIDARIDAD_SOCIAL",0.000755,2025,"Julio","tasas_2025_78.xlsx"
"2952","Cuotas de Participación de Fondos de Inversión4","TOTAL_SISTEMA",0.000860601735053694,2025,"Julio","tasas_2025_78.xlsx"
"2953","Cuotas de Participación de Fondos de Mutuos","ATLÁNTICO",0,2025,"Julio","tasas_2025_78.xlsx"
"2954","Cuotas de Participación de Fondos de Mutuos","CRECER",0.001131,2025,"Julio","tasas_2025_78.xlsx"
"2955","Cuotas de Participación de Fondos de Mutuos","JMMB_BDI",0,2025,"Julio","tasas_2025_78.xlsx"
"2956","Cuotas de Participación de Fondos de Mutuos","POPULAR",0,2025,"Julio","tasas_2025_78.xlsx"
"2957","Cuotas de Participación de Fondos de Mutuos","RESERVAS",0,2025,"Julio","tasas_2025_78.xlsx"
"2958","Cuotas de Participación de Fondos de Mutuos","ROMANA",0,2025,"Julio","tasas_2025_78.xlsx"
"2959","Cuotas de Participación de Fondos de Mutuos","SIEMBRA",0,2025,"Julio","tasas_2025_78.xlsx"
"2960","Cuotas de Participación de Fondos de Mutuos","TOTAL_CCI",0.001131,2025,"Julio","tasas_2025_78.xlsx"
"2961","Cuotas de Participación de Fondos de Mutuos","RESERVAS-R3",0,2025,"Julio","tasas_2025_78.xlsx"
"2962","Cuotas de Participación de Fondos de Mutuos","BANCO_CENTRAL-R3",0,2025,"Julio","tasas_2025_78.xlsx"
"2963","Cuotas de Participación de Fondos de Mutuos","FONDO_DE_SOLIDARIDAD_SOCIAL",0,2025,"Julio","tasas_2025_78.xlsx"
"2964","Cuotas de Participación de Fondos de Mutuos","TOTAL_SISTEMA",0.001131,2025,"Julio","tasas_2025_78.xlsx"
"2965","Letras BCRD2","ATLÁNTICO",0,2025,"Julio","tasas_2025_78.xlsx"
"2966","Letras BCRD2","CRECER",0,2025,"Julio","tasas_2025_78.xlsx"
"2967","Letras BCRD2","JMMB_BDI",0,2025,"Julio","tasas_2025_78.xlsx"
"2968","Letras BCRD2","POPULAR",0,2025,"Julio","tasas_2025_78.xlsx"
"2969","Letras BCRD2","RESERVAS",0,2025,"Julio","tasas_2025_78.xlsx"
"2970","Letras BCRD2","ROMANA",0,2025,"Julio","tasas_2025_78.xlsx"
"2971","Letras BCRD2","SIEMBRA",0,2025,"Julio","tasas_2025_78.xlsx"
"2972","Letras BCRD2","TOTAL_CCI",0,2025,"Julio","tasas_2025_78.xlsx"
"2973","Letras BCRD2","RESERVAS-R3",0,2025,"Julio","tasas_2025_78.xlsx"
"2974","Letras BCRD2","BANCO_CENTRAL-R3",0,2025,"Julio","tasas_2025_78.xlsx"
"2975","Letras BCRD2","FONDO_DE_SOLIDARIDAD_SOCIAL",0,2025,"Julio","tasas_2025_78.xlsx"
"2976","Letras BCRD2","TOTAL_SISTEMA",0,2025,"Julio","tasas_2025_78.xlsx"
"2977","Notas BCRD2","ATLÁNTICO",0.000752,2025,"Julio","tasas_2025_78.xlsx"
"2978","Notas BCRD2","CRECER",0.001291,2025,"Julio","tasas_2025_78.xlsx"
"2979","Notas BCRD2","JMMB_BDI",0.000951,2025,"Julio","tasas_2025_78.xlsx"
"2980","Notas BCRD2","POPULAR",0.001089,2025,"Julio","tasas_2025_78.xlsx"
"2981","Notas BCRD2","RESERVAS",0.00074,2025,"Julio","tasas_2025_78.xlsx"
"2982","Notas BCRD2","ROMANA",0.000817,2025,"Julio","tasas_2025_78.xlsx"
"2983","Notas BCRD2","SIEMBRA",0.001112,2025,"Julio","tasas_2025_78.xlsx"
"2984","Notas BCRD2","TOTAL_CCI",0.00109114667244061,2025,"Julio","tasas_2025_78.xlsx"
"2985","Notas BCRD2","RESERVAS-R3",0.001112,2025,"Julio","tasas_2025_78.xlsx"
"2986","Notas BCRD2","BANCO_CENTRAL-R3",0.001237,2025,"Julio","tasas_2025_78.xlsx"
"2987","Notas BCRD2","FONDO_DE_SOLIDARIDAD_SOCIAL",0.000738,2025,"Julio","tasas_2025_78.xlsx"
"2988","Notas BCRD2","TOTAL_SISTEMA",0.00109729429653691,2025,"Julio","tasas_2025_78.xlsx"
"2989","Valores representativos de capital emitidos por Fideicomisos de oferta pública5","ATLÁNTICO",0.001139,2025,"Julio","tasas_2025_78.xlsx"
"2990","Valores representativos de capital emitidos por Fideicomisos de oferta pública5","CRECER",0.001139,2025,"Julio","tasas_2025_78.xlsx"
"2991","Valores representativos de capital emitidos por Fideicomisos de oferta pública5","JMMB_BDI",0.001139,2025,"Julio","tasas_2025_78.xlsx"
"2992","Valores representativos de capital emitidos por Fideicomisos de oferta pública5","POPULAR",0.001139,2025,"Julio","tasas_2025_78.xlsx"
"2993","Valores representativos de capital emitidos por Fideicomisos de oferta pública5","RESERVAS",0.001139,2025,"Julio","tasas_2025_78.xlsx"
"2994","Valores representativos de capital emitidos por Fideicomisos de oferta pública5","ROMANA",0,2025,"Julio","tasas_2025_78.xlsx"
"2995","Valores representativos de capital emitidos por Fideicomisos de oferta pública5","SIEMBRA",0.001139,2025,"Julio","tasas_2025_78.xlsx"
"2996","Valores representativos de capital emitidos por Fideicomisos de oferta pública5","TOTAL_CCI",0.001139,2025,"Julio","tasas_2025_78.xlsx"
"2997","Valores representativos de capital emitidos por Fideicomisos de oferta pública5","RESERVAS-R3",0,2025,"Julio","tasas_2025_78.xlsx"
"2998","Valores representativos de capital emitidos por Fideicomisos de oferta pública5","BANCO_CENTRAL-R3",0,2025,"Julio","tasas_2025_78.xlsx"
"2999","Valores representativos de capital emitidos por Fideicomisos de oferta pública5","FONDO_DE_SOLIDARIDAD_SOCIAL",0,2025,"Julio","tasas_2025_78.xlsx"
"3000","Valores representativos de capital emitidos por Fideicomisos de oferta pública5","TOTAL_SISTEMA",0.001139,2025,"Julio","tasas_2025_78.xlsx"
"3001","Valores representativos de deuda emitidos por Fideicomisos de oferta pública","ATLÁNTICO",0.001179,2025,"Julio","tasas_2025_78.xlsx"
"3002","Valores representativos de deuda emitidos por Fideicomisos de oferta pública","CRECER",0.000956,2025,"Julio","tasas_2025_78.xlsx"
"3003","Valores representativos de deuda emitidos por Fideicomisos de oferta pública","JMMB_BDI",0.000925,2025,"Julio","tasas_2025_78.xlsx"
"3004","Valores representativos de deuda emitidos por Fideicomisos de oferta pública","POPULAR",0.001117,2025,"Julio","tasas_2025_78.xlsx"
"3005","Valores representativos de deuda emitidos por Fideicomisos de oferta pública","RESERVAS",0.001148,2025,"Julio","tasas_2025_78.xlsx"
"3006","Valores representativos de deuda emitidos por Fideicomisos de oferta pública","ROMANA",0,2025,"Julio","tasas_2025_78.xlsx"
"3007","Valores representativos de deuda emitidos por Fideicomisos de oferta pública","SIEMBRA",0.001149,2025,"Julio","tasas_2025_78.xlsx"
"3008","Valores representativos de deuda emitidos por Fideicomisos de oferta pública","TOTAL_CCI",0.00102385114134516,2025,"Julio","tasas_2025_78.xlsx"
"3009","Valores representativos de deuda emitidos por Fideicomisos de oferta pública","RESERVAS-R3",0.000505,2025,"Julio","tasas_2025_78.xlsx"
"3010","Valores representativos de deuda emitidos por Fideicomisos de oferta pública","BANCO_CENTRAL-R3",0,2025,"Julio","tasas_2025_78.xlsx"
"3011","Valores representativos de deuda emitidos por Fideicomisos de oferta pública","FONDO_DE_SOLIDARIDAD_SOCIAL",0.001147,2025,"Julio","tasas_2025_78.xlsx"
"3012","Valores representativos de deuda emitidos por Fideicomisos de oferta pública","TOTAL_SISTEMA",0.0010333776119578,2025,"Julio","tasas_2025_78.xlsx"
"3013","* Datos preliminares.","ATLÁNTICO",NA,2025,"Julio","tasas_2025_78.xlsx"
"3014","* Datos preliminares.","CRECER",NA,2025,"Julio","tasas_2025_78.xlsx"
"3015","* Datos preliminares.","JMMB_BDI",NA,2025,"Julio","tasas_2025_78.xlsx"
"3016","* Datos preliminares.","POPULAR",NA,2025,"Julio","tasas_2025_78.xlsx"
"3017","* Datos preliminares.","RESERVAS",NA,2025,"Julio","tasas_2025_78.xlsx"
"3018","* Datos preliminares.","ROMANA",NA,2025,"Julio","tasas_2025_78.xlsx"
"3019","* Datos preliminares.","SIEMBRA",NA,2025,"Julio","tasas_2025_78.xlsx"
"3020","* Datos preliminares.","TOTAL_CCI",NA,2025,"Julio","tasas_2025_78.xlsx"
"3021","* Datos preliminares.","RESERVAS-R3",NA,2025,"Julio","tasas_2025_78.xlsx"
"3022","* Datos preliminares.","BANCO_CENTRAL-R3",NA,2025,"Julio","tasas_2025_78.xlsx"
"3023","* Datos preliminares.","FONDO_DE_SOLIDARIDAD_SOCIAL",NA,2025,"Julio","tasas_2025_78.xlsx"
"3024","* Datos preliminares.","TOTAL_SISTEMA",NA,2025,"Julio","tasas_2025_78.xlsx"
"3025","Acciones de oferta pública 6","ATLÁNTICO",0.000593,2025,"Agosto","tasas_2025_78.xlsx"
"3026","Acciones de oferta pública 6","CRECER",0.000573,2025,"Agosto","tasas_2025_78.xlsx"
"3027","Acciones de oferta pública 6","JMMB_BDI",0.000593,2025,"Agosto","tasas_2025_78.xlsx"
"3028","Acciones de oferta pública 6","POPULAR",0,2025,"Agosto","tasas_2025_78.xlsx"
"3029","Acciones de oferta pública 6","RESERVAS",0.000593,2025,"Agosto","tasas_2025_78.xlsx"
"3030","Acciones de oferta pública 6","ROMANA",0,2025,"Agosto","tasas_2025_78.xlsx"
"3031","Acciones de oferta pública 6","SIEMBRA",0.000593,2025,"Agosto","tasas_2025_78.xlsx"
"3032","Acciones de oferta pública 6","TOTAL_CCI",0.000586252735921091,2025,"Agosto","tasas_2025_78.xlsx"
"3033","Acciones de oferta pública 6","RESERVAS-R3",0,2025,"Agosto","tasas_2025_78.xlsx"
"3034","Acciones de oferta pública 6","BANCO_CENTRAL-R3",0.000593,2025,"Agosto","tasas_2025_78.xlsx"
"3035","Acciones de oferta pública 6","FONDO_DE_SOLIDARIDAD_SOCIAL",0,2025,"Agosto","tasas_2025_78.xlsx"
"3036","Acciones de oferta pública 6","TOTAL_SISTEMA",0.000586252784894038,2025,"Agosto","tasas_2025_78.xlsx"
"3037","Bonos Ministerio de Hacienda","ATLÁNTICO",0.000605,2025,"Agosto","tasas_2025_78.xlsx"
"3038","Bonos Ministerio de Hacienda","CRECER",0.000668,2025,"Agosto","tasas_2025_78.xlsx"
"3039","Bonos Ministerio de Hacienda","JMMB_BDI",0.00055,2025,"Agosto","tasas_2025_78.xlsx"
"3040","Bonos Ministerio de Hacienda","POPULAR",0.000672,2025,"Agosto","tasas_2025_78.xlsx"
"3041","Bonos Ministerio de Hacienda","RESERVAS",0.000699,2025,"Agosto","tasas_2025_78.xlsx"
"3042","Bonos Ministerio de Hacienda","ROMANA",0.000772,2025,"Agosto","tasas_2025_78.xlsx"
"3043","Bonos Ministerio de Hacienda","SIEMBRA",0.000705,2025,"Agosto","tasas_2025_78.xlsx"
"3044","Bonos Ministerio de Hacienda","TOTAL_CCI",0.000681660113998741,2025,"Agosto","tasas_2025_78.xlsx"
"3045","Bonos Ministerio de Hacienda","RESERVAS-R3",0.000648,2025,"Agosto","tasas_2025_78.xlsx"
"3046","Bonos Ministerio de Hacienda","BANCO_CENTRAL-R3",0.000698,2025,"Agosto","tasas_2025_78.xlsx"
"3047","Bonos Ministerio de Hacienda","FONDO_DE_SOLIDARIDAD_SOCIAL",0.000645,2025,"Agosto","tasas_2025_78.xlsx"
"3048","Bonos Ministerio de Hacienda","TOTAL_SISTEMA",0.000678712288722426,2025,"Agosto","tasas_2025_78.xlsx"
"3049","Bonos EIF 1","ATLÁNTICO",0.001116,2025,"Agosto","tasas_2025_78.xlsx"
"3050","Bonos EIF 1","CRECER",0.001015,2025,"Agosto","tasas_2025_78.xlsx"
"3051","Bonos EIF 1","JMMB_BDI",0.000995,2025,"Agosto","tasas_2025_78.xlsx"
"3052","Bonos EIF 1","POPULAR",0.001018,2025,"Agosto","tasas_2025_78.xlsx"
"3053","Bonos EIF 1","RESERVAS",0.001015,2025,"Agosto","tasas_2025_78.xlsx"
"3054","Bonos EIF 1","ROMANA",0.001,2025,"Agosto","tasas_2025_78.xlsx"
"3055","Bonos EIF 1","SIEMBRA",0.001017,2025,"Agosto","tasas_2025_78.xlsx"
"3056","Bonos EIF 1","TOTAL_CCI",0.00101794482642716,2025,"Agosto","tasas_2025_78.xlsx"
"3057","Bonos EIF 1","RESERVAS-R3",0.001037,2025,"Agosto","tasas_2025_78.xlsx"
"3058","Bonos EIF 1","BANCO_CENTRAL-R3",0.000953,2025,"Agosto","tasas_2025_78.xlsx"
"3059","Bonos EIF 1","FONDO_DE_SOLIDARIDAD_SOCIAL",0.001025,2025,"Agosto","tasas_2025_78.xlsx"
"3060","Bonos EIF 1","TOTAL_SISTEMA",0.0010181678072866,2025,"Agosto","tasas_2025_78.xlsx"
"3061","Bonos Empresas","ATLÁNTICO",0.001011,2025,"Agosto","tasas_2025_78.xlsx"
"3062","Bonos Empresas","CRECER",0.001459,2025,"Agosto","tasas_2025_78.xlsx"
"3063","Bonos Empresas","JMMB_BDI",0.001091,2025,"Agosto","tasas_2025_78.xlsx"
"3064","Bonos Empresas","POPULAR",0.001049,2025,"Agosto","tasas_2025_78.xlsx"
"3065","Bonos Empresas","RESERVAS",0.001318,2025,"Agosto","tasas_2025_78.xlsx"
"3066","Bonos Empresas","ROMANA",0,2025,"Agosto","tasas_2025_78.xlsx"
"3067","Bonos Empresas","SIEMBRA",0.000623,2025,"Agosto","tasas_2025_78.xlsx"
"3068","Bonos Empresas","TOTAL_CCI",0.00109255396886699,2025,"Agosto","tasas_2025_78.xlsx"
"3069","Bonos Empresas","RESERVAS-R3",0.000886,2025,"Agosto","tasas_2025_78.xlsx"
"3070","Bonos Empresas","BANCO_CENTRAL-R3",0.00084,2025,"Agosto","tasas_2025_78.xlsx"
"3071","Bonos Empresas","FONDO_DE_SOLIDARIDAD_SOCIAL",0.000751,2025,"Agosto","tasas_2025_78.xlsx"
"3072","Bonos Empresas","TOTAL_SISTEMA",0.00106741420286319,2025,"Agosto","tasas_2025_78.xlsx"
"3073","Bonos de Hacienda para financiar desarrollo de  proyectos de infraestructura","ATLÁNTICO",0,2025,"Agosto","tasas_2025_78.xlsx"
"3074","Bonos de Hacienda para financiar desarrollo de  proyectos de infraestructura","CRECER",0.000857,2025,"Agosto","tasas_2025_78.xlsx"
"3075","Bonos de Hacienda para financiar desarrollo de  proyectos de infraestructura","JMMB_BDI",0,2025,"Agosto","tasas_2025_78.xlsx"
"3076","Bonos de Hacienda para financiar desarrollo de  proyectos de infraestructura","POPULAR",0.000873,2025,"Agosto","tasas_2025_78.xlsx"
"3077","Bonos de Hacienda para financiar desarrollo de  proyectos de infraestructura","RESERVAS",0.001029,2025,"Agosto","tasas_2025_78.xlsx"
"3078","Bonos de Hacienda para financiar desarrollo de  proyectos de infraestructura","ROMANA",0,2025,"Agosto","tasas_2025_78.xlsx"
"3079","Bonos de Hacienda para financiar desarrollo de  proyectos de infraestructura","SIEMBRA",0,2025,"Agosto","tasas_2025_78.xlsx"
"3080","Bonos de Hacienda para financiar desarrollo de  proyectos de infraestructura","TOTAL_CCI",0.00089126020745579,2025,"Agosto","tasas_2025_78.xlsx"
"3081","Bonos de Hacienda para financiar desarrollo de  proyectos de infraestructura","RESERVAS-R3",0,2025,"Agosto","tasas_2025_78.xlsx"
"3082","Bonos de Hacienda para financiar desarrollo de  proyectos de infraestructura","BANCO_CENTRAL-R3",0,2025,"Agosto","tasas_2025_78.xlsx"
"3083","Bonos de Hacienda para financiar desarrollo de  proyectos de infraestructura","FONDO_DE_SOLIDARIDAD_SOCIAL",0,2025,"Agosto","tasas_2025_78.xlsx"
"3084","Bonos de Hacienda para financiar desarrollo de  proyectos de infraestructura","TOTAL_SISTEMA",0.00089126020745579,2025,"Agosto","tasas_2025_78.xlsx"
"3085","Certificados de Depósito EIF1","ATLÁNTICO",0.001068,2025,"Agosto","tasas_2025_78.xlsx"
"3086","Certificados de Depósito EIF1","CRECER",0.000889,2025,"Agosto","tasas_2025_78.xlsx"
"3087","Certificados de Depósito EIF1","JMMB_BDI",0.000961,2025,"Agosto","tasas_2025_78.xlsx"
"3088","Certificados de Depósito EIF1","POPULAR",0.001006,2025,"Agosto","tasas_2025_78.xlsx"
"3089","Certificados de Depósito EIF1","RESERVAS",0.000739,2025,"Agosto","tasas_2025_78.xlsx"
"3090","Certificados de Depósito EIF1","ROMANA",0.001143,2025,"Agosto","tasas_2025_78.xlsx"
"3091","Certificados de Depósito EIF1","SIEMBRA",0.000997,2025,"Agosto","tasas_2025_78.xlsx"
"3092","Certificados de Depósito EIF1","TOTAL_CCI",0.000987037664124387,2025,"Agosto","tasas_2025_78.xlsx"
"3093","Certificados de Depósito EIF1","RESERVAS-R3",0.000915,2025,"Agosto","tasas_2025_78.xlsx"
"3094","Certificados de Depósito EIF1","BANCO_CENTRAL-R3",0.001262,2025,"Agosto","tasas_2025_78.xlsx"
"3095","Certificados de Depósito EIF1","FONDO_DE_SOLIDARIDAD_SOCIAL",0.00099,2025,"Agosto","tasas_2025_78.xlsx"
"3096","Certificados de Depósito EIF1","TOTAL_SISTEMA",0.000992460865646062,2025,"Agosto","tasas_2025_78.xlsx"
"3097","Certificados Inversión Especial BCRD2","ATLÁNTICO",0,2025,"Agosto","tasas_2025_78.xlsx"
"3098","Certificados Inversión Especial BCRD2","CRECER",0,2025,"Agosto","tasas_2025_78.xlsx"
"3099","Certificados Inversión Especial BCRD2","JMMB_BDI",0,2025,"Agosto","tasas_2025_78.xlsx"
"3100","Certificados Inversión Especial BCRD2","POPULAR",0,2025,"Agosto","tasas_2025_78.xlsx"
"3101","Certificados Inversión Especial BCRD2","RESERVAS",0,2025,"Agosto","tasas_2025_78.xlsx"
"3102","Certificados Inversión Especial BCRD2","ROMANA",0,2025,"Agosto","tasas_2025_78.xlsx"
"3103","Certificados Inversión Especial BCRD2","SIEMBRA",0,2025,"Agosto","tasas_2025_78.xlsx"
"3104","Certificados Inversión Especial BCRD2","TOTAL_CCI",0,2025,"Agosto","tasas_2025_78.xlsx"
"3105","Certificados Inversión Especial BCRD2","RESERVAS-R3",0,2025,"Agosto","tasas_2025_78.xlsx"
"3106","Certificados Inversión Especial BCRD2","BANCO_CENTRAL-R3",0.001473,2025,"Agosto","tasas_2025_78.xlsx"
"3107","Certificados Inversión Especial BCRD2","FONDO_DE_SOLIDARIDAD_SOCIAL",0,2025,"Agosto","tasas_2025_78.xlsx"
"3108","Certificados Inversión Especial BCRD2","TOTAL_SISTEMA",0.001473,2025,"Agosto","tasas_2025_78.xlsx"
"3109","Cuotas de Participación de Fondos de Inversión4","ATLÁNTICO",0.000798,2025,"Agosto","tasas_2025_78.xlsx"
"3110","Cuotas de Participación de Fondos de Inversión4","CRECER",0.000854,2025,"Agosto","tasas_2025_78.xlsx"
"3111","Cuotas de Participación de Fondos de Inversión4","JMMB_BDI",0.000625,2025,"Agosto","tasas_2025_78.xlsx"
"3112","Cuotas de Participación de Fondos de Inversión4","POPULAR",0.00103,2025,"Agosto","tasas_2025_78.xlsx"
"3113","Cuotas de Participación de Fondos de Inversión4","RESERVAS",0.000992,2025,"Agosto","tasas_2025_78.xlsx"
"3114","Cuotas de Participación de Fondos de Inversión4","ROMANA",0,2025,"Agosto","tasas_2025_78.xlsx"
"3115","Cuotas de Participación de Fondos de Inversión4","SIEMBRA",0.000968,2025,"Agosto","tasas_2025_78.xlsx"
"3116","Cuotas de Participación de Fondos de Inversión4","TOTAL_CCI",0.000974442714000945,2025,"Agosto","tasas_2025_78.xlsx"
"3117","Cuotas de Participación de Fondos de Inversión4","RESERVAS-R3",0.000698,2025,"Agosto","tasas_2025_78.xlsx"
"3118","Cuotas de Participación de Fondos de Inversión4","BANCO_CENTRAL-R3",0,2025,"Agosto","tasas_2025_78.xlsx"
"3119","Cuotas de Participación de Fondos de Inversión4","FONDO_DE_SOLIDARIDAD_SOCIAL",0.000774,2025,"Agosto","tasas_2025_78.xlsx"
"3120","Cuotas de Participación de Fondos de Inversión4","TOTAL_SISTEMA",0.000947270679939988,2025,"Agosto","tasas_2025_78.xlsx"
"3121","Cuotas de Participación de Fondos de Mutuos","ATLÁNTICO",0,2025,"Agosto","tasas_2025_78.xlsx"
"3122","Cuotas de Participación de Fondos de Mutuos","CRECER",0.001101,2025,"Agosto","tasas_2025_78.xlsx"
"3123","Cuotas de Participación de Fondos de Mutuos","JMMB_BDI",0,2025,"Agosto","tasas_2025_78.xlsx"
"3124","Cuotas de Participación de Fondos de Mutuos","POPULAR",0,2025,"Agosto","tasas_2025_78.xlsx"
"3125","Cuotas de Participación de Fondos de Mutuos","RESERVAS",0,2025,"Agosto","tasas_2025_78.xlsx"
"3126","Cuotas de Participación de Fondos de Mutuos","ROMANA",0,2025,"Agosto","tasas_2025_78.xlsx"
"3127","Cuotas de Participación de Fondos de Mutuos","SIEMBRA",0,2025,"Agosto","tasas_2025_78.xlsx"
"3128","Cuotas de Participación de Fondos de Mutuos","TOTAL_CCI",0.001101,2025,"Agosto","tasas_2025_78.xlsx"
"3129","Cuotas de Participación de Fondos de Mutuos","RESERVAS-R3",0,2025,"Agosto","tasas_2025_78.xlsx"
"3130","Cuotas de Participación de Fondos de Mutuos","BANCO_CENTRAL-R3",0,2025,"Agosto","tasas_2025_78.xlsx"
"3131","Cuotas de Participación de Fondos de Mutuos","FONDO_DE_SOLIDARIDAD_SOCIAL",0,2025,"Agosto","tasas_2025_78.xlsx"
"3132","Cuotas de Participación de Fondos de Mutuos","TOTAL_SISTEMA",0.001101,2025,"Agosto","tasas_2025_78.xlsx"
"3133","Letras BCRD2","ATLÁNTICO",0,2025,"Agosto","tasas_2025_78.xlsx"
"3134","Letras BCRD2","CRECER",0,2025,"Agosto","tasas_2025_78.xlsx"
"3135","Letras BCRD2","JMMB_BDI",0,2025,"Agosto","tasas_2025_78.xlsx"
"3136","Letras BCRD2","POPULAR",0,2025,"Agosto","tasas_2025_78.xlsx"
"3137","Letras BCRD2","RESERVAS",0,2025,"Agosto","tasas_2025_78.xlsx"
"3138","Letras BCRD2","ROMANA",0,2025,"Agosto","tasas_2025_78.xlsx"
"3139","Letras BCRD2","SIEMBRA",0,2025,"Agosto","tasas_2025_78.xlsx"
"3140","Letras BCRD2","TOTAL_CCI",0,2025,"Agosto","tasas_2025_78.xlsx"
"3141","Letras BCRD2","RESERVAS-R3",0,2025,"Agosto","tasas_2025_78.xlsx"
"3142","Letras BCRD2","BANCO_CENTRAL-R3",0,2025,"Agosto","tasas_2025_78.xlsx"
"3143","Letras BCRD2","FONDO_DE_SOLIDARIDAD_SOCIAL",0,2025,"Agosto","tasas_2025_78.xlsx"
"3144","Letras BCRD2","TOTAL_SISTEMA",0,2025,"Agosto","tasas_2025_78.xlsx"
"3145","Notas BCRD2","ATLÁNTICO",0.000746,2025,"Agosto","tasas_2025_78.xlsx"
"3146","Notas BCRD2","CRECER",0.001281,2025,"Agosto","tasas_2025_78.xlsx"
"3147","Notas BCRD2","JMMB_BDI",0.000947,2025,"Agosto","tasas_2025_78.xlsx"
"3148","Notas BCRD2","POPULAR",0.001138,2025,"Agosto","tasas_2025_78.xlsx"
"3149","Notas BCRD2","RESERVAS",0.00074,2025,"Agosto","tasas_2025_78.xlsx"
"3150","Notas BCRD2","ROMANA",0.00082,2025,"Agosto","tasas_2025_78.xlsx"
"3151","Notas BCRD2","SIEMBRA",0.001165,2025,"Agosto","tasas_2025_78.xlsx"
"3152","Notas BCRD2","TOTAL_CCI",0.00112109729045064,2025,"Agosto","tasas_2025_78.xlsx"
"3153","Notas BCRD2","RESERVAS-R3",0.0011,2025,"Agosto","tasas_2025_78.xlsx"
"3154","Notas BCRD2","BANCO_CENTRAL-R3",0.001237,2025,"Agosto","tasas_2025_78.xlsx"
"3155","Notas BCRD2","FONDO_DE_SOLIDARIDAD_SOCIAL",0.000738,2025,"Agosto","tasas_2025_78.xlsx"
"3156","Notas BCRD2","TOTAL_SISTEMA",0.00112846072898314,2025,"Agosto","tasas_2025_78.xlsx"
"3157","Valores representativos de capital emitidos por Fideicomisos de oferta pública5","ATLÁNTICO",0.001268,2025,"Agosto","tasas_2025_78.xlsx"
"3158","Valores representativos de capital emitidos por Fideicomisos de oferta pública5","CRECER",0.001268,2025,"Agosto","tasas_2025_78.xlsx"
"3159","Valores representativos de capital emitidos por Fideicomisos de oferta pública5","JMMB_BDI",0.001268,2025,"Agosto","tasas_2025_78.xlsx"
"3160","Valores representativos de capital emitidos por Fideicomisos de oferta pública5","POPULAR",0.001268,2025,"Agosto","tasas_2025_78.xlsx"
"3161","Valores representativos de capital emitidos por Fideicomisos de oferta pública5","RESERVAS",0.001268,2025,"Agosto","tasas_2025_78.xlsx"
"3162","Valores representativos de capital emitidos por Fideicomisos de oferta pública5","ROMANA",0,2025,"Agosto","tasas_2025_78.xlsx"
"3163","Valores representativos de capital emitidos por Fideicomisos de oferta pública5","SIEMBRA",0.001268,2025,"Agosto","tasas_2025_78.xlsx"
"3164","Valores representativos de capital emitidos por Fideicomisos de oferta pública5","TOTAL_CCI",0.001268,2025,"Agosto","tasas_2025_78.xlsx"
"3165","Valores representativos de capital emitidos por Fideicomisos de oferta pública5","RESERVAS-R3",0,2025,"Agosto","tasas_2025_78.xlsx"
"3166","Valores representativos de capital emitidos por Fideicomisos de oferta pública5","BANCO_CENTRAL-R3",0,2025,"Agosto","tasas_2025_78.xlsx"
"3167","Valores representativos de capital emitidos por Fideicomisos de oferta pública5","FONDO_DE_SOLIDARIDAD_SOCIAL",0,2025,"Agosto","tasas_2025_78.xlsx"
"3168","Valores representativos de capital emitidos por Fideicomisos de oferta pública5","TOTAL_SISTEMA",0.001268,2025,"Agosto","tasas_2025_78.xlsx"
"3169","Valores representativos de deuda emitidos por Fideicomisos de oferta pública","ATLÁNTICO",0.001179,2025,"Agosto","tasas_2025_78.xlsx"
"3170","Valores representativos de deuda emitidos por Fideicomisos de oferta pública","CRECER",0.000956,2025,"Agosto","tasas_2025_78.xlsx"
"3171","Valores representativos de deuda emitidos por Fideicomisos de oferta pública","JMMB_BDI",0.000925,2025,"Agosto","tasas_2025_78.xlsx"
"3172","Valores representativos de deuda emitidos por Fideicomisos de oferta pública","POPULAR",0.001117,2025,"Agosto","tasas_2025_78.xlsx"
"3173","Valores representativos de deuda emitidos por Fideicomisos de oferta pública","RESERVAS",0.001148,2025,"Agosto","tasas_2025_78.xlsx"
"3174","Valores representativos de deuda emitidos por Fideicomisos de oferta pública","ROMANA",0,2025,"Agosto","tasas_2025_78.xlsx"
"3175","Valores representativos de deuda emitidos por Fideicomisos de oferta pública","SIEMBRA",0.001149,2025,"Agosto","tasas_2025_78.xlsx"
"3176","Valores representativos de deuda emitidos por Fideicomisos de oferta pública","TOTAL_CCI",0.00102416613358129,2025,"Agosto","tasas_2025_78.xlsx"
"3177","Valores representativos de deuda emitidos por Fideicomisos de oferta pública","RESERVAS-R3",0.000505,2025,"Agosto","tasas_2025_78.xlsx"
"3178","Valores representativos de deuda emitidos por Fideicomisos de oferta pública","BANCO_CENTRAL-R3",0,2025,"Agosto","tasas_2025_78.xlsx"
"3179","Valores representativos de deuda emitidos por Fideicomisos de oferta pública","FONDO_DE_SOLIDARIDAD_SOCIAL",0.001146,2025,"Agosto","tasas_2025_78.xlsx"
"3180","Valores representativos de deuda emitidos por Fideicomisos de oferta pública","TOTAL_SISTEMA",0.00103342248692753,2025,"Agosto","tasas_2025_78.xlsx"
"3181","* Datos preliminares.","ATLÁNTICO",NA,2025,"Agosto","tasas_2025_78.xlsx"
"3182","* Datos preliminares.","CRECER",NA,2025,"Agosto","tasas_2025_78.xlsx"
"3183","* Datos preliminares.","JMMB_BDI",NA,2025,"Agosto","tasas_2025_78.xlsx"
"3184","* Datos preliminares.","POPULAR",NA,2025,"Agosto","tasas_2025_78.xlsx"
"3185","* Datos preliminares.","RESERVAS",NA,2025,"Agosto","tasas_2025_78.xlsx"
"3186","* Datos preliminares.","ROMANA",NA,2025,"Agosto","tasas_2025_78.xlsx"
"3187","* Datos preliminares.","SIEMBRA",NA,2025,"Agosto","tasas_2025_78.xlsx"
"3188","* Datos preliminares.","TOTAL_CCI",NA,2025,"Agosto","tasas_2025_78.xlsx"
"3189","* Datos preliminares.","RESERVAS-R3",NA,2025,"Agosto","tasas_2025_78.xlsx"
"3190","* Datos preliminares.","BANCO_CENTRAL-R3",NA,2025,"Agosto","tasas_2025_78.xlsx"
"3191","* Datos preliminares.","FONDO_DE_SOLIDARIDAD_SOCIAL",NA,2025,"Agosto","tasas_2025_78.xlsx"
"3192","* Datos preliminares.","TOTAL_SISTEMA",NA,2025,"Agosto","tasas_2025_78.xlsx"
"3193","Acciones de oferta pública 6","ATLÁNTICO",0.000593,2025,"Septiembre","tasas_2025_78.xlsx"
"3194","Acciones de oferta pública 6","CRECER",0.000573,2025,"Septiembre","tasas_2025_78.xlsx"
"3195","Acciones de oferta pública 6","JMMB_BDI",0.000593,2025,"Septiembre","tasas_2025_78.xlsx"
"3196","Acciones de oferta pública 6","POPULAR",0,2025,"Septiembre","tasas_2025_78.xlsx"
"3197","Acciones de oferta pública 6","RESERVAS",0.000593,2025,"Septiembre","tasas_2025_78.xlsx"
"3198","Acciones de oferta pública 6","ROMANA",0,2025,"Septiembre","tasas_2025_78.xlsx"
"3199","Acciones de oferta pública 6","SIEMBRA",0.000593,2025,"Septiembre","tasas_2025_78.xlsx"
"3200","Acciones de oferta pública 6","TOTAL_CCI",0.000586252735921091,2025,"Septiembre","tasas_2025_78.xlsx"
"3201","Acciones de oferta pública 6","RESERVAS-R3",0,2025,"Septiembre","tasas_2025_78.xlsx"
"3202","Acciones de oferta pública 6","BANCO_CENTRAL-R3",0.000593,2025,"Septiembre","tasas_2025_78.xlsx"
"3203","Acciones de oferta pública 6","FONDO_DE_SOLIDARIDAD_SOCIAL",0,2025,"Septiembre","tasas_2025_78.xlsx"
"3204","Acciones de oferta pública 6","TOTAL_SISTEMA",0.000586252784894038,2025,"Septiembre","tasas_2025_78.xlsx"
"3205","Bonos Ministerio de Hacienda","ATLÁNTICO",0.000597,2025,"Septiembre","tasas_2025_78.xlsx"
"3206","Bonos Ministerio de Hacienda","CRECER",0.000676,2025,"Septiembre","tasas_2025_78.xlsx"
"3207","Bonos Ministerio de Hacienda","JMMB_BDI",0.000565,2025,"Septiembre","tasas_2025_78.xlsx"
"3208","Bonos Ministerio de Hacienda","POPULAR",0.000674,2025,"Septiembre","tasas_2025_78.xlsx"
"3209","Bonos Ministerio de Hacienda","RESERVAS",0.000686,2025,"Septiembre","tasas_2025_78.xlsx"
"3210","Bonos Ministerio de Hacienda","ROMANA",0.000817,2025,"Septiembre","tasas_2025_78.xlsx"
"3211","Bonos Ministerio de Hacienda","SIEMBRA",0.000711,2025,"Septiembre","tasas_2025_78.xlsx"
"3212","Bonos Ministerio de Hacienda","TOTAL_CCI",0.000683216096932958,2025,"Septiembre","tasas_2025_78.xlsx"
"3213","Bonos Ministerio de Hacienda","RESERVAS-R3",0.00065,2025,"Septiembre","tasas_2025_78.xlsx"
"3214","Bonos Ministerio de Hacienda","BANCO_CENTRAL-R3",0.000695,2025,"Septiembre","tasas_2025_78.xlsx"
"3215","Bonos Ministerio de Hacienda","FONDO_DE_SOLIDARIDAD_SOCIAL",0.000645,2025,"Septiembre","tasas_2025_78.xlsx"
"3216","Bonos Ministerio de Hacienda","TOTAL_SISTEMA",0.00068016315753603,2025,"Septiembre","tasas_2025_78.xlsx"
"3217","Bonos EIF 1","ATLÁNTICO",0.001115,2025,"Septiembre","tasas_2025_78.xlsx"
"3218","Bonos EIF 1","CRECER",0.001016,2025,"Septiembre","tasas_2025_78.xlsx"
"3219","Bonos EIF 1","JMMB_BDI",0.000998,2025,"Septiembre","tasas_2025_78.xlsx"
"3220","Bonos EIF 1","POPULAR",0.001016,2025,"Septiembre","tasas_2025_78.xlsx"
"3221","Bonos EIF 1","RESERVAS",0.001013,2025,"Septiembre","tasas_2025_78.xlsx"
"3222","Bonos EIF 1","ROMANA",0.001,2025,"Septiembre","tasas_2025_78.xlsx"
"3223","Bonos EIF 1","SIEMBRA",0.001013,2025,"Septiembre","tasas_2025_78.xlsx"
"3224","Bonos EIF 1","TOTAL_CCI",0.00101609911733582,2025,"Septiembre","tasas_2025_78.xlsx"
"3225","Bonos EIF 1","RESERVAS-R3",0.001046,2025,"Septiembre","tasas_2025_78.xlsx"
"3226","Bonos EIF 1","BANCO_CENTRAL-R3",0.000953,2025,"Septiembre","tasas_2025_78.xlsx"
"3227","Bonos EIF 1","FONDO_DE_SOLIDARIDAD_SOCIAL",0.001026,2025,"Septiembre","tasas_2025_78.xlsx"
"3228","Bonos EIF 1","TOTAL_SISTEMA",0.00101657261974628,2025,"Septiembre","tasas_2025_78.xlsx"
"3229","Bonos Empresas","ATLÁNTICO",0.001005,2025,"Septiembre","tasas_2025_78.xlsx"
"3230","Bonos Empresas","CRECER",0.001451,2025,"Septiembre","tasas_2025_78.xlsx"
"3231","Bonos Empresas","JMMB_BDI",0.001087,2025,"Septiembre","tasas_2025_78.xlsx"
"3232","Bonos Empresas","POPULAR",0.001045,2025,"Septiembre","tasas_2025_78.xlsx"
"3233","Bonos Empresas","RESERVAS",0.001325,2025,"Septiembre","tasas_2025_78.xlsx"
"3234","Bonos Empresas","ROMANA",0,2025,"Septiembre","tasas_2025_78.xlsx"
"3235","Bonos Empresas","SIEMBRA",0.000624,2025,"Septiembre","tasas_2025_78.xlsx"
"3236","Bonos Empresas","TOTAL_CCI",0.00108571401807658,2025,"Septiembre","tasas_2025_78.xlsx"
"3237","Bonos Empresas","RESERVAS-R3",0.00089,2025,"Septiembre","tasas_2025_78.xlsx"
"3238","Bonos Empresas","BANCO_CENTRAL-R3",0.000839,2025,"Septiembre","tasas_2025_78.xlsx"
"3239","Bonos Empresas","FONDO_DE_SOLIDARIDAD_SOCIAL",0.000736,2025,"Septiembre","tasas_2025_78.xlsx"
"3240","Bonos Empresas","TOTAL_SISTEMA",0.00106127230666539,2025,"Septiembre","tasas_2025_78.xlsx"
"3241","Bonos de Hacienda para financiar desarrollo de  proyectos de infraestructura","ATLÁNTICO",0,2025,"Septiembre","tasas_2025_78.xlsx"
"3242","Bonos de Hacienda para financiar desarrollo de  proyectos de infraestructura","CRECER",0.000857,2025,"Septiembre","tasas_2025_78.xlsx"
"3243","Bonos de Hacienda para financiar desarrollo de  proyectos de infraestructura","JMMB_BDI",0,2025,"Septiembre","tasas_2025_78.xlsx"
"3244","Bonos de Hacienda para financiar desarrollo de  proyectos de infraestructura","POPULAR",0.000873,2025,"Septiembre","tasas_2025_78.xlsx"
"3245","Bonos de Hacienda para financiar desarrollo de  proyectos de infraestructura","RESERVAS",0.001029,2025,"Septiembre","tasas_2025_78.xlsx"
"3246","Bonos de Hacienda para financiar desarrollo de  proyectos de infraestructura","ROMANA",0,2025,"Septiembre","tasas_2025_78.xlsx"
"3247","Bonos de Hacienda para financiar desarrollo de  proyectos de infraestructura","SIEMBRA",0,2025,"Septiembre","tasas_2025_78.xlsx"
"3248","Bonos de Hacienda para financiar desarrollo de  proyectos de infraestructura","TOTAL_CCI",0.000891300997930247,2025,"Septiembre","tasas_2025_78.xlsx"
"3249","Bonos de Hacienda para financiar desarrollo de  proyectos de infraestructura","RESERVAS-R3",0,2025,"Septiembre","tasas_2025_78.xlsx"
"3250","Bonos de Hacienda para financiar desarrollo de  proyectos de infraestructura","BANCO_CENTRAL-R3",0,2025,"Septiembre","tasas_2025_78.xlsx"
"3251","Bonos de Hacienda para financiar desarrollo de  proyectos de infraestructura","FONDO_DE_SOLIDARIDAD_SOCIAL",0,2025,"Septiembre","tasas_2025_78.xlsx"
"3252","Bonos de Hacienda para financiar desarrollo de  proyectos de infraestructura","TOTAL_SISTEMA",0.000891300997930247,2025,"Septiembre","tasas_2025_78.xlsx"
"3253","Certificados de Depósito EIF1","ATLÁNTICO",0.000992,2025,"Septiembre","tasas_2025_78.xlsx"
"3254","Certificados de Depósito EIF1","CRECER",0.000596,2025,"Septiembre","tasas_2025_78.xlsx"
"3255","Certificados de Depósito EIF1","JMMB_BDI",0.000925,2025,"Septiembre","tasas_2025_78.xlsx"
"3256","Certificados de Depósito EIF1","POPULAR",0.000875,2025,"Septiembre","tasas_2025_78.xlsx"
"3257","Certificados de Depósito EIF1","RESERVAS",0.000672,2025,"Septiembre","tasas_2025_78.xlsx"
"3258","Certificados de Depósito EIF1","ROMANA",0.001108,2025,"Septiembre","tasas_2025_78.xlsx"
"3259","Certificados de Depósito EIF1","SIEMBRA",0.000838,2025,"Septiembre","tasas_2025_78.xlsx"
"3260","Certificados de Depósito EIF1","TOTAL_CCI",0.000830326523025217,2025,"Septiembre","tasas_2025_78.xlsx"
"3261","Certificados de Depósito EIF1","RESERVAS-R3",0.00087,2025,"Septiembre","tasas_2025_78.xlsx"
"3262","Certificados de Depósito EIF1","BANCO_CENTRAL-R3",0.001245,2025,"Septiembre","tasas_2025_78.xlsx"
"3263","Certificados de Depósito EIF1","FONDO_DE_SOLIDARIDAD_SOCIAL",0.000737,2025,"Septiembre","tasas_2025_78.xlsx"
"3264","Certificados de Depósito EIF1","TOTAL_SISTEMA",0.000838665635336772,2025,"Septiembre","tasas_2025_78.xlsx"
"3265","Certificados Inversión Especial BCRD2","ATLÁNTICO",0,2025,"Septiembre","tasas_2025_78.xlsx"
"3266","Certificados Inversión Especial BCRD2","CRECER",0,2025,"Septiembre","tasas_2025_78.xlsx"
"3267","Certificados Inversión Especial BCRD2","JMMB_BDI",0,2025,"Septiembre","tasas_2025_78.xlsx"
"3268","Certificados Inversión Especial BCRD2","POPULAR",0,2025,"Septiembre","tasas_2025_78.xlsx"
"3269","Certificados Inversión Especial BCRD2","RESERVAS",0,2025,"Septiembre","tasas_2025_78.xlsx"
"3270","Certificados Inversión Especial BCRD2","ROMANA",0,2025,"Septiembre","tasas_2025_78.xlsx"
"3271","Certificados Inversión Especial BCRD2","SIEMBRA",0,2025,"Septiembre","tasas_2025_78.xlsx"
"3272","Certificados Inversión Especial BCRD2","TOTAL_CCI",0,2025,"Septiembre","tasas_2025_78.xlsx"
"3273","Certificados Inversión Especial BCRD2","RESERVAS-R3",0,2025,"Septiembre","tasas_2025_78.xlsx"
"3274","Certificados Inversión Especial BCRD2","BANCO_CENTRAL-R3",0.001494,2025,"Septiembre","tasas_2025_78.xlsx"
"3275","Certificados Inversión Especial BCRD2","FONDO_DE_SOLIDARIDAD_SOCIAL",0,2025,"Septiembre","tasas_2025_78.xlsx"
"3276","Certificados Inversión Especial BCRD2","TOTAL_SISTEMA",0.001494,2025,"Septiembre","tasas_2025_78.xlsx"
"3277","Cuotas de Participación de Fondos de Inversión4","ATLÁNTICO",0.000815,2025,"Septiembre","tasas_2025_78.xlsx"
"3278","Cuotas de Participación de Fondos de Inversión4","CRECER",0.000975,2025,"Septiembre","tasas_2025_78.xlsx"
"3279","Cuotas de Participación de Fondos de Inversión4","JMMB_BDI",0.000544,2025,"Septiembre","tasas_2025_78.xlsx"
"3280","Cuotas de Participación de Fondos de Inversión4","POPULAR",0.000968,2025,"Septiembre","tasas_2025_78.xlsx"
"3281","Cuotas de Participación de Fondos de Inversión4","RESERVAS",0.00099,2025,"Septiembre","tasas_2025_78.xlsx"
"3282","Cuotas de Participación de Fondos de Inversión4","ROMANA",0,2025,"Septiembre","tasas_2025_78.xlsx"
"3283","Cuotas de Participación de Fondos de Inversión4","SIEMBRA",0.000931,2025,"Septiembre","tasas_2025_78.xlsx"
"3284","Cuotas de Participación de Fondos de Inversión4","TOTAL_CCI",0.000969006176648561,2025,"Septiembre","tasas_2025_78.xlsx"
"3285","Cuotas de Participación de Fondos de Inversión4","RESERVAS-R3",0.000698,2025,"Septiembre","tasas_2025_78.xlsx"
"3286","Cuotas de Participación de Fondos de Inversión4","BANCO_CENTRAL-R3",0,2025,"Septiembre","tasas_2025_78.xlsx"
"3287","Cuotas de Participación de Fondos de Inversión4","FONDO_DE_SOLIDARIDAD_SOCIAL",0.000769,2025,"Septiembre","tasas_2025_78.xlsx"
"3288","Cuotas de Participación de Fondos de Inversión4","TOTAL_SISTEMA",0.000942339756439396,2025,"Septiembre","tasas_2025_78.xlsx"
"3289","Cuotas de Participación de Fondos de Mutuos","ATLÁNTICO",0,2025,"Septiembre","tasas_2025_78.xlsx"
"3290","Cuotas de Participación de Fondos de Mutuos","CRECER",0.000984,2025,"Septiembre","tasas_2025_78.xlsx"
"3291","Cuotas de Participación de Fondos de Mutuos","JMMB_BDI",0,2025,"Septiembre","tasas_2025_78.xlsx"
"3292","Cuotas de Participación de Fondos de Mutuos","POPULAR",0,2025,"Septiembre","tasas_2025_78.xlsx"
"3293","Cuotas de Participación de Fondos de Mutuos","RESERVAS",0,2025,"Septiembre","tasas_2025_78.xlsx"
"3294","Cuotas de Participación de Fondos de Mutuos","ROMANA",0,2025,"Septiembre","tasas_2025_78.xlsx"
"3295","Cuotas de Participación de Fondos de Mutuos","SIEMBRA",0,2025,"Septiembre","tasas_2025_78.xlsx"
"3296","Cuotas de Participación de Fondos de Mutuos","TOTAL_CCI",0.000984,2025,"Septiembre","tasas_2025_78.xlsx"
"3297","Cuotas de Participación de Fondos de Mutuos","RESERVAS-R3",0,2025,"Septiembre","tasas_2025_78.xlsx"
"3298","Cuotas de Participación de Fondos de Mutuos","BANCO_CENTRAL-R3",0,2025,"Septiembre","tasas_2025_78.xlsx"
"3299","Cuotas de Participación de Fondos de Mutuos","FONDO_DE_SOLIDARIDAD_SOCIAL",0,2025,"Septiembre","tasas_2025_78.xlsx"
"3300","Cuotas de Participación de Fondos de Mutuos","TOTAL_SISTEMA",0.000984,2025,"Septiembre","tasas_2025_78.xlsx"
"3301","Letras BCRD2","ATLÁNTICO",0,2025,"Septiembre","tasas_2025_78.xlsx"
"3302","Letras BCRD2","CRECER",0,2025,"Septiembre","tasas_2025_78.xlsx"
"3303","Letras BCRD2","JMMB_BDI",0,2025,"Septiembre","tasas_2025_78.xlsx"
"3304","Letras BCRD2","POPULAR",0,2025,"Septiembre","tasas_2025_78.xlsx"
"3305","Letras BCRD2","RESERVAS",0,2025,"Septiembre","tasas_2025_78.xlsx"
"3306","Letras BCRD2","ROMANA",0,2025,"Septiembre","tasas_2025_78.xlsx"
"3307","Letras BCRD2","SIEMBRA",0,2025,"Septiembre","tasas_2025_78.xlsx"
"3308","Letras BCRD2","TOTAL_CCI",0,2025,"Septiembre","tasas_2025_78.xlsx"
"3309","Letras BCRD2","RESERVAS-R3",0,2025,"Septiembre","tasas_2025_78.xlsx"
"3310","Letras BCRD2","BANCO_CENTRAL-R3",0,2025,"Septiembre","tasas_2025_78.xlsx"
"3311","Letras BCRD2","FONDO_DE_SOLIDARIDAD_SOCIAL",0,2025,"Septiembre","tasas_2025_78.xlsx"
"3312","Letras BCRD2","TOTAL_SISTEMA",0,2025,"Septiembre","tasas_2025_78.xlsx"
"3313","Notas BCRD2","ATLÁNTICO",0.000852,2025,"Septiembre","tasas_2025_78.xlsx"
"3314","Notas BCRD2","CRECER",0,2025,"Septiembre","tasas_2025_78.xlsx"
"3315","Notas BCRD2","JMMB_BDI",0.000829,2025,"Septiembre","tasas_2025_78.xlsx"
"3316","Notas BCRD2","POPULAR",0.001171,2025,"Septiembre","tasas_2025_78.xlsx"
"3317","Notas BCRD2","RESERVAS",0.000736,2025,"Septiembre","tasas_2025_78.xlsx"
"3318","Notas BCRD2","ROMANA",0.000703,2025,"Septiembre","tasas_2025_78.xlsx"
"3319","Notas BCRD2","SIEMBRA",0.001083,2025,"Septiembre","tasas_2025_78.xlsx"
"3320","Notas BCRD2","TOTAL_CCI",0.00107760261051619,2025,"Septiembre","tasas_2025_78.xlsx"
"3321","Notas BCRD2","RESERVAS-R3",0.001147,2025,"Septiembre","tasas_2025_78.xlsx"
"3322","Notas BCRD2","BANCO_CENTRAL-R3",0.001061,2025,"Septiembre","tasas_2025_78.xlsx"
"3323","Notas BCRD2","FONDO_DE_SOLIDARIDAD_SOCIAL",0.000815,2025,"Septiembre","tasas_2025_78.xlsx"
"3324","Notas BCRD2","TOTAL_SISTEMA",0.00107598222166623,2025,"Septiembre","tasas_2025_78.xlsx"
"3325","Valores representativos de capital emitidos por Fideicomisos de oferta pública5","ATLÁNTICO",0.000882,2025,"Septiembre","tasas_2025_78.xlsx"
"3326","Valores representativos de capital emitidos por Fideicomisos de oferta pública5","CRECER",0.000882,2025,"Septiembre","tasas_2025_78.xlsx"
"3327","Valores representativos de capital emitidos por Fideicomisos de oferta pública5","JMMB_BDI",0.000882,2025,"Septiembre","tasas_2025_78.xlsx"
"3328","Valores representativos de capital emitidos por Fideicomisos de oferta pública5","POPULAR",0.000882,2025,"Septiembre","tasas_2025_78.xlsx"
"3329","Valores representativos de capital emitidos por Fideicomisos de oferta pública5","RESERVAS",0.000882,2025,"Septiembre","tasas_2025_78.xlsx"
"3330","Valores representativos de capital emitidos por Fideicomisos de oferta pública5","ROMANA",0,2025,"Septiembre","tasas_2025_78.xlsx"
"3331","Valores representativos de capital emitidos por Fideicomisos de oferta pública5","SIEMBRA",0.000882,2025,"Septiembre","tasas_2025_78.xlsx"
"3332","Valores representativos de capital emitidos por Fideicomisos de oferta pública5","TOTAL_CCI",0.000882,2025,"Septiembre","tasas_2025_78.xlsx"
"3333","Valores representativos de capital emitidos por Fideicomisos de oferta pública5","RESERVAS-R3",0,2025,"Septiembre","tasas_2025_78.xlsx"
"3334","Valores representativos de capital emitidos por Fideicomisos de oferta pública5","BANCO_CENTRAL-R3",0,2025,"Septiembre","tasas_2025_78.xlsx"
"3335","Valores representativos de capital emitidos por Fideicomisos de oferta pública5","FONDO_DE_SOLIDARIDAD_SOCIAL",0,2025,"Septiembre","tasas_2025_78.xlsx"
"3336","Valores representativos de capital emitidos por Fideicomisos de oferta pública5","TOTAL_SISTEMA",0.000882,2025,"Septiembre","tasas_2025_78.xlsx"
"3337","Valores representativos de deuda emitidos por Fideicomisos de oferta pública","ATLÁNTICO",0.001179,2025,"Septiembre","tasas_2025_78.xlsx"
"3338","Valores representativos de deuda emitidos por Fideicomisos de oferta pública","CRECER",0.000955,2025,"Septiembre","tasas_2025_78.xlsx"
"3339","Valores representativos de deuda emitidos por Fideicomisos de oferta pública","JMMB_BDI",0.000925,2025,"Septiembre","tasas_2025_78.xlsx"
"3340","Valores representativos de deuda emitidos por Fideicomisos de oferta pública","POPULAR",0.001117,2025,"Septiembre","tasas_2025_78.xlsx"
"3341","Valores representativos de deuda emitidos por Fideicomisos de oferta pública","RESERVAS",0.001152,2025,"Septiembre","tasas_2025_78.xlsx"
"3342","Valores representativos de deuda emitidos por Fideicomisos de oferta pública","ROMANA",0,2025,"Septiembre","tasas_2025_78.xlsx"
"3343","Valores representativos de deuda emitidos por Fideicomisos de oferta pública","SIEMBRA",0.00115,2025,"Septiembre","tasas_2025_78.xlsx"
"3344","Valores representativos de deuda emitidos por Fideicomisos de oferta pública","TOTAL_CCI",0.00102515824772222,2025,"Septiembre","tasas_2025_78.xlsx"
"3345","Valores representativos de deuda emitidos por Fideicomisos de oferta pública","RESERVAS-R3",0.000505,2025,"Septiembre","tasas_2025_78.xlsx"
"3346","Valores representativos de deuda emitidos por Fideicomisos de oferta pública","BANCO_CENTRAL-R3",0,2025,"Septiembre","tasas_2025_78.xlsx"
"3347","Valores representativos de deuda emitidos por Fideicomisos de oferta pública","FONDO_DE_SOLIDARIDAD_SOCIAL",0.001148,2025,"Septiembre","tasas_2025_78.xlsx"
"3348","Valores representativos de deuda emitidos por Fideicomisos de oferta pública","TOTAL_SISTEMA",0.00103444247693434,2025,"Septiembre","tasas_2025_78.xlsx"
"3349","* Datos preliminares.","ATLÁNTICO",NA,2025,"Septiembre","tasas_2025_78.xlsx"
"3350","* Datos preliminares.","CRECER",NA,2025,"Septiembre","tasas_2025_78.xlsx"
"3351","* Datos preliminares.","JMMB_BDI",NA,2025,"Septiembre","tasas_2025_78.xlsx"
"3352","* Datos preliminares.","POPULAR",NA,2025,"Septiembre","tasas_2025_78.xlsx"
"3353","* Datos preliminares.","RESERVAS",NA,2025,"Septiembre","tasas_2025_78.xlsx"
"3354","* Datos preliminares.","ROMANA",NA,2025,"Septiembre","tasas_2025_78.xlsx"
"3355","* Datos preliminares.","SIEMBRA",NA,2025,"Septiembre","tasas_2025_78.xlsx"
"3356","* Datos preliminares.","TOTAL_CCI",NA,2025,"Septiembre","tasas_2025_78.xlsx"
"3357","* Datos preliminares.","RESERVAS-R3",NA,2025,"Septiembre","tasas_2025_78.xlsx"
"3358","* Datos preliminares.","BANCO_CENTRAL-R3",NA,2025,"Septiembre","tasas_2025_78.xlsx"
"3359","* Datos preliminares.","FONDO_DE_SOLIDARIDAD_SOCIAL",NA,2025,"Septiembre","tasas_2025_78.xlsx"
"3360","* Datos preliminares.","TOTAL_SISTEMA",NA,2025,"Septiembre","tasas_2025_78.xlsx"
"3361","Acciones de oferta pública 6","ATLÁNTICO",0.000593,2025,"Octubre","tasas_2025_78.xlsx"
"3362","Acciones de oferta pública 6","CRECER",0.000573,2025,"Octubre","tasas_2025_78.xlsx"
"3363","Acciones de oferta pública 6","JMMB_BDI",0.000593,2025,"Octubre","tasas_2025_78.xlsx"
"3364","Acciones de oferta pública 6","POPULAR",0,2025,"Octubre","tasas_2025_78.xlsx"
"3365","Acciones de oferta pública 6","RESERVAS",0.000593,2025,"Octubre","tasas_2025_78.xlsx"
"3366","Acciones de oferta pública 6","ROMANA",0,2025,"Octubre","tasas_2025_78.xlsx"
"3367","Acciones de oferta pública 6","SIEMBRA",0.000593,2025,"Octubre","tasas_2025_78.xlsx"
"3368","Acciones de oferta pública 6","TOTAL_CCI",0.000586252735921091,2025,"Octubre","tasas_2025_78.xlsx"
"3369","Acciones de oferta pública 6","RESERVAS-R3",0,2025,"Octubre","tasas_2025_78.xlsx"
"3370","Acciones de oferta pública 6","BANCO_CENTRAL-R3",0.000593,2025,"Octubre","tasas_2025_78.xlsx"
"3371","Acciones de oferta pública 6","FONDO_DE_SOLIDARIDAD_SOCIAL",0,2025,"Octubre","tasas_2025_78.xlsx"
"3372","Acciones de oferta pública 6","TOTAL_SISTEMA",0.000586252784894038,2025,"Octubre","tasas_2025_78.xlsx"
"3373","Bonos Ministerio de Hacienda","ATLÁNTICO",0.000598,2025,"Octubre","tasas_2025_78.xlsx"
"3374","Bonos Ministerio de Hacienda","CRECER",0.000674,2025,"Octubre","tasas_2025_78.xlsx"
"3375","Bonos Ministerio de Hacienda","JMMB_BDI",0.000566,2025,"Octubre","tasas_2025_78.xlsx"
"3376","Bonos Ministerio de Hacienda","POPULAR",0.000671,2025,"Octubre","tasas_2025_78.xlsx"
"3377","Bonos Ministerio de Hacienda","RESERVAS",0.000681,2025,"Octubre","tasas_2025_78.xlsx"
"3378","Bonos Ministerio de Hacienda","ROMANA",0.000837,2025,"Octubre","tasas_2025_78.xlsx"
"3379","Bonos Ministerio de Hacienda","SIEMBRA",0.000713,2025,"Octubre","tasas_2025_78.xlsx"
"3380","Bonos Ministerio de Hacienda","TOTAL_CCI",0.000681596760279926,2025,"Octubre","tasas_2025_78.xlsx"
"3381","Bonos Ministerio de Hacienda","RESERVAS-R3",0.000656,2025,"Octubre","tasas_2025_78.xlsx"
"3382","Bonos Ministerio de Hacienda","BANCO_CENTRAL-R3",0.000694,2025,"Octubre","tasas_2025_78.xlsx"
"3383","Bonos Ministerio de Hacienda","FONDO_DE_SOLIDARIDAD_SOCIAL",0.000647,2025,"Octubre","tasas_2025_78.xlsx"
"3384","Bonos Ministerio de Hacienda","TOTAL_SISTEMA",0.00067894048303962,2025,"Octubre","tasas_2025_78.xlsx"
"3385","Bonos EIF 1","ATLÁNTICO",0.001113,2025,"Octubre","tasas_2025_78.xlsx"
"3386","Bonos EIF 1","CRECER",0.001016,2025,"Octubre","tasas_2025_78.xlsx"
"3387","Bonos EIF 1","JMMB_BDI",0.000997,2025,"Octubre","tasas_2025_78.xlsx"
"3388","Bonos EIF 1","POPULAR",0.001016,2025,"Octubre","tasas_2025_78.xlsx"
"3389","Bonos EIF 1","RESERVAS",0.001013,2025,"Octubre","tasas_2025_78.xlsx"
"3390","Bonos EIF 1","ROMANA",0.001,2025,"Octubre","tasas_2025_78.xlsx"
"3391","Bonos EIF 1","SIEMBRA",0.001013,2025,"Octubre","tasas_2025_78.xlsx"
"3392","Bonos EIF 1","TOTAL_CCI",0.00101605410493527,2025,"Octubre","tasas_2025_78.xlsx"
"3393","Bonos EIF 1","RESERVAS-R3",0.001045,2025,"Octubre","tasas_2025_78.xlsx"
"3394","Bonos EIF 1","BANCO_CENTRAL-R3",0.000954,2025,"Octubre","tasas_2025_78.xlsx"
"3395","Bonos EIF 1","FONDO_DE_SOLIDARIDAD_SOCIAL",0.001026,2025,"Octubre","tasas_2025_78.xlsx"
"3396","Bonos EIF 1","TOTAL_SISTEMA",0.00101652077749757,2025,"Octubre","tasas_2025_78.xlsx"
"3397","Bonos Empresas","ATLÁNTICO",0.001005,2025,"Octubre","tasas_2025_78.xlsx"
"3398","Bonos Empresas","CRECER",0.001494,2025,"Octubre","tasas_2025_78.xlsx"
"3399","Bonos Empresas","JMMB_BDI",0.001087,2025,"Octubre","tasas_2025_78.xlsx"
"3400","Bonos Empresas","POPULAR",0.001047,2025,"Octubre","tasas_2025_78.xlsx"
"3401","Bonos Empresas","RESERVAS",0.001444,2025,"Octubre","tasas_2025_78.xlsx"
"3402","Bonos Empresas","ROMANA",0,2025,"Octubre","tasas_2025_78.xlsx"
"3403","Bonos Empresas","SIEMBRA",0.000623,2025,"Octubre","tasas_2025_78.xlsx"
"3404","Bonos Empresas","TOTAL_CCI",0.00109752266772538,2025,"Octubre","tasas_2025_78.xlsx"
"3405","Bonos Empresas","RESERVAS-R3",0.000937,2025,"Octubre","tasas_2025_78.xlsx"
"3406","Bonos Empresas","BANCO_CENTRAL-R3",0.000838,2025,"Octubre","tasas_2025_78.xlsx"
"3407","Bonos Empresas","FONDO_DE_SOLIDARIDAD_SOCIAL",0.00078,2025,"Octubre","tasas_2025_78.xlsx"
"3408","Bonos Empresas","TOTAL_SISTEMA",0.00107687094343676,2025,"Octubre","tasas_2025_78.xlsx"
"3409","Bonos de Hacienda para financiar desarrollo de  proyectos de infraestructura","ATLÁNTICO",0,2025,"Octubre","tasas_2025_78.xlsx"
"3410","Bonos de Hacienda para financiar desarrollo de  proyectos de infraestructura","CRECER",0.000857,2025,"Octubre","tasas_2025_78.xlsx"
"3411","Bonos de Hacienda para financiar desarrollo de  proyectos de infraestructura","JMMB_BDI",0,2025,"Octubre","tasas_2025_78.xlsx"
"3412","Bonos de Hacienda para financiar desarrollo de  proyectos de infraestructura","POPULAR",0.000873,2025,"Octubre","tasas_2025_78.xlsx"
"3413","Bonos de Hacienda para financiar desarrollo de  proyectos de infraestructura","RESERVAS",0.001029,2025,"Octubre","tasas_2025_78.xlsx"
"3414","Bonos de Hacienda para financiar desarrollo de  proyectos de infraestructura","ROMANA",0,2025,"Octubre","tasas_2025_78.xlsx"
"3415","Bonos de Hacienda para financiar desarrollo de  proyectos de infraestructura","SIEMBRA",0,2025,"Octubre","tasas_2025_78.xlsx"
"3416","Bonos de Hacienda para financiar desarrollo de  proyectos de infraestructura","TOTAL_CCI",0.000891340568302322,2025,"Octubre","tasas_2025_78.xlsx"
"3417","Bonos de Hacienda para financiar desarrollo de  proyectos de infraestructura","RESERVAS-R3",0,2025,"Octubre","tasas_2025_78.xlsx"
"3418","Bonos de Hacienda para financiar desarrollo de  proyectos de infraestructura","BANCO_CENTRAL-R3",0,2025,"Octubre","tasas_2025_78.xlsx"
"3419","Bonos de Hacienda para financiar desarrollo de  proyectos de infraestructura","FONDO_DE_SOLIDARIDAD_SOCIAL",0,2025,"Octubre","tasas_2025_78.xlsx"
"3420","Bonos de Hacienda para financiar desarrollo de  proyectos de infraestructura","TOTAL_SISTEMA",0.000891340568302322,2025,"Octubre","tasas_2025_78.xlsx"
"3421","Certificados de Depósito EIF1","ATLÁNTICO",0.001179,2025,"Octubre","tasas_2025_78.xlsx"
"3422","Certificados de Depósito EIF1","CRECER",0.00047,2025,"Octubre","tasas_2025_78.xlsx"
"3423","Certificados de Depósito EIF1","JMMB_BDI",0.000898,2025,"Octubre","tasas_2025_78.xlsx"
"3424","Certificados de Depósito EIF1","POPULAR",0.000642,2025,"Octubre","tasas_2025_78.xlsx"
"3425","Certificados de Depósito EIF1","RESERVAS",0.000483,2025,"Octubre","tasas_2025_78.xlsx"
"3426","Certificados de Depósito EIF1","ROMANA",0.001095,2025,"Octubre","tasas_2025_78.xlsx"
"3427","Certificados de Depósito EIF1","SIEMBRA",0.00068,2025,"Octubre","tasas_2025_78.xlsx"
"3428","Certificados de Depósito EIF1","TOTAL_CCI",0.000641733944590028,2025,"Octubre","tasas_2025_78.xlsx"
"3429","Certificados de Depósito EIF1","RESERVAS-R3",0.000765,2025,"Octubre","tasas_2025_78.xlsx"
"3430","Certificados de Depósito EIF1","BANCO_CENTRAL-R3",0.001146,2025,"Octubre","tasas_2025_78.xlsx"
"3431","Certificados de Depósito EIF1","FONDO_DE_SOLIDARIDAD_SOCIAL",0.000627,2025,"Octubre","tasas_2025_78.xlsx"
"3432","Certificados de Depósito EIF1","TOTAL_SISTEMA",0.000658792121028299,2025,"Octubre","tasas_2025_78.xlsx"
"3433","Certificados Inversión Especial BCRD2","ATLÁNTICO",0,2025,"Octubre","tasas_2025_78.xlsx"
"3434","Certificados Inversión Especial BCRD2","CRECER",0,2025,"Octubre","tasas_2025_78.xlsx"
"3435","Certificados Inversión Especial BCRD2","JMMB_BDI",0,2025,"Octubre","tasas_2025_78.xlsx"
"3436","Certificados Inversión Especial BCRD2","POPULAR",0,2025,"Octubre","tasas_2025_78.xlsx"
"3437","Certificados Inversión Especial BCRD2","RESERVAS",0,2025,"Octubre","tasas_2025_78.xlsx"
"3438","Certificados Inversión Especial BCRD2","ROMANA",0,2025,"Octubre","tasas_2025_78.xlsx"
"3439","Certificados Inversión Especial BCRD2","SIEMBRA",0,2025,"Octubre","tasas_2025_78.xlsx"
"3440","Certificados Inversión Especial BCRD2","TOTAL_CCI",0,2025,"Octubre","tasas_2025_78.xlsx"
"3441","Certificados Inversión Especial BCRD2","RESERVAS-R3",0,2025,"Octubre","tasas_2025_78.xlsx"
"3442","Certificados Inversión Especial BCRD2","BANCO_CENTRAL-R3",0.001494,2025,"Octubre","tasas_2025_78.xlsx"
"3443","Certificados Inversión Especial BCRD2","FONDO_DE_SOLIDARIDAD_SOCIAL",0,2025,"Octubre","tasas_2025_78.xlsx"
"3444","Certificados Inversión Especial BCRD2","TOTAL_SISTEMA",0.001494,2025,"Octubre","tasas_2025_78.xlsx"
"3445","Cuotas de Participación de Fondos de Inversión4","ATLÁNTICO",0.000807,2025,"Octubre","tasas_2025_78.xlsx"
"3446","Cuotas de Participación de Fondos de Inversión4","CRECER",0.001291,2025,"Octubre","tasas_2025_78.xlsx"
"3447","Cuotas de Participación de Fondos de Inversión4","JMMB_BDI",0.000656,2025,"Octubre","tasas_2025_78.xlsx"
"3448","Cuotas de Participación de Fondos de Inversión4","POPULAR",0.001139,2025,"Octubre","tasas_2025_78.xlsx"
"3449","Cuotas de Participación de Fondos de Inversión4","RESERVAS",0.001091,2025,"Octubre","tasas_2025_78.xlsx"
"3450","Cuotas de Participación de Fondos de Inversión4","ROMANA",0,2025,"Octubre","tasas_2025_78.xlsx"
"3451","Cuotas de Participación de Fondos de Inversión4","SIEMBRA",0.001201,2025,"Octubre","tasas_2025_78.xlsx"
"3452","Cuotas de Participación de Fondos de Inversión4","TOTAL_CCI",0.00116139815132756,2025,"Octubre","tasas_2025_78.xlsx"
"3453","Cuotas de Participación de Fondos de Inversión4","RESERVAS-R3",0.000705,2025,"Octubre","tasas_2025_78.xlsx"
"3454","Cuotas de Participación de Fondos de Inversión4","BANCO_CENTRAL-R3",0,2025,"Octubre","tasas_2025_78.xlsx"
"3455","Cuotas de Participación de Fondos de Inversión4","FONDO_DE_SOLIDARIDAD_SOCIAL",0.000796,2025,"Octubre","tasas_2025_78.xlsx"
"3456","Cuotas de Participación de Fondos de Inversión4","TOTAL_SISTEMA",0.00111332298208252,2025,"Octubre","tasas_2025_78.xlsx"
"3457","Cuotas de Participación de Fondos de Mutuos","ATLÁNTICO",0,2025,"Octubre","tasas_2025_78.xlsx"
"3458","Cuotas de Participación de Fondos de Mutuos","CRECER",0.000935,2025,"Octubre","tasas_2025_78.xlsx"
"3459","Cuotas de Participación de Fondos de Mutuos","JMMB_BDI",0,2025,"Octubre","tasas_2025_78.xlsx"
"3460","Cuotas de Participación de Fondos de Mutuos","POPULAR",0,2025,"Octubre","tasas_2025_78.xlsx"
"3461","Cuotas de Participación de Fondos de Mutuos","RESERVAS",0,2025,"Octubre","tasas_2025_78.xlsx"
"3462","Cuotas de Participación de Fondos de Mutuos","ROMANA",0,2025,"Octubre","tasas_2025_78.xlsx"
"3463","Cuotas de Participación de Fondos de Mutuos","SIEMBRA",0,2025,"Octubre","tasas_2025_78.xlsx"
"3464","Cuotas de Participación de Fondos de Mutuos","TOTAL_CCI",0.000935,2025,"Octubre","tasas_2025_78.xlsx"
"3465","Cuotas de Participación de Fondos de Mutuos","RESERVAS-R3",0,2025,"Octubre","tasas_2025_78.xlsx"
"3466","Cuotas de Participación de Fondos de Mutuos","BANCO_CENTRAL-R3",0,2025,"Octubre","tasas_2025_78.xlsx"
"3467","Cuotas de Participación de Fondos de Mutuos","FONDO_DE_SOLIDARIDAD_SOCIAL",0,2025,"Octubre","tasas_2025_78.xlsx"
"3468","Cuotas de Participación de Fondos de Mutuos","TOTAL_SISTEMA",0.000935,2025,"Octubre","tasas_2025_78.xlsx"
"3469","Letras BCRD2","ATLÁNTICO",0,2025,"Octubre","tasas_2025_78.xlsx"
"3470","Letras BCRD2","CRECER",0,2025,"Octubre","tasas_2025_78.xlsx"
"3471","Letras BCRD2","JMMB_BDI",0,2025,"Octubre","tasas_2025_78.xlsx"
"3472","Letras BCRD2","POPULAR",0,2025,"Octubre","tasas_2025_78.xlsx"
"3473","Letras BCRD2","RESERVAS",0,2025,"Octubre","tasas_2025_78.xlsx"
"3474","Letras BCRD2","ROMANA",0,2025,"Octubre","tasas_2025_78.xlsx"
"3475","Letras BCRD2","SIEMBRA",0,2025,"Octubre","tasas_2025_78.xlsx"
"3476","Letras BCRD2","TOTAL_CCI",0,2025,"Octubre","tasas_2025_78.xlsx"
"3477","Letras BCRD2","RESERVAS-R3",0,2025,"Octubre","tasas_2025_78.xlsx"
"3478","Letras BCRD2","BANCO_CENTRAL-R3",0,2025,"Octubre","tasas_2025_78.xlsx"
"3479","Letras BCRD2","FONDO_DE_SOLIDARIDAD_SOCIAL",0,2025,"Octubre","tasas_2025_78.xlsx"
"3480","Letras BCRD2","TOTAL_SISTEMA",0,2025,"Octubre","tasas_2025_78.xlsx"
"3481","Notas BCRD2","ATLÁNTICO",0.000895,2025,"Octubre","tasas_2025_78.xlsx"
"3482","Notas BCRD2","CRECER",0,2025,"Octubre","tasas_2025_78.xlsx"
"3483","Notas BCRD2","JMMB_BDI",0.000806,2025,"Octubre","tasas_2025_78.xlsx"
"3484","Notas BCRD2","POPULAR",0.001139,2025,"Octubre","tasas_2025_78.xlsx"
"3485","Notas BCRD2","RESERVAS",0.000786,2025,"Octubre","tasas_2025_78.xlsx"
"3486","Notas BCRD2","ROMANA",0.000686,2025,"Octubre","tasas_2025_78.xlsx"
"3487","Notas BCRD2","SIEMBRA",0.001035,2025,"Octubre","tasas_2025_78.xlsx"
"3488","Notas BCRD2","TOTAL_CCI",0.00104576095780759,2025,"Octubre","tasas_2025_78.xlsx"
"3489","Notas BCRD2","RESERVAS-R3",0.001209,2025,"Octubre","tasas_2025_78.xlsx"
"3490","Notas BCRD2","BANCO_CENTRAL-R3",0.00095,2025,"Octubre","tasas_2025_78.xlsx"
"3491","Notas BCRD2","FONDO_DE_SOLIDARIDAD_SOCIAL",0.00095,2025,"Octubre","tasas_2025_78.xlsx"
"3492","Notas BCRD2","TOTAL_SISTEMA",0.0010388869897218,2025,"Octubre","tasas_2025_78.xlsx"
"3493","Valores representativos de capital emitidos por Fideicomisos de oferta pública5","ATLÁNTICO",0.000346,2025,"Octubre","tasas_2025_78.xlsx"
"3494","Valores representativos de capital emitidos por Fideicomisos de oferta pública5","CRECER",0.000346,2025,"Octubre","tasas_2025_78.xlsx"
"3495","Valores representativos de capital emitidos por Fideicomisos de oferta pública5","JMMB_BDI",0.000346,2025,"Octubre","tasas_2025_78.xlsx"
"3496","Valores representativos de capital emitidos por Fideicomisos de oferta pública5","POPULAR",0.000346,2025,"Octubre","tasas_2025_78.xlsx"
"3497","Valores representativos de capital emitidos por Fideicomisos de oferta pública5","RESERVAS",0.000346,2025,"Octubre","tasas_2025_78.xlsx"
"3498","Valores representativos de capital emitidos por Fideicomisos de oferta pública5","ROMANA",0,2025,"Octubre","tasas_2025_78.xlsx"
"3499","Valores representativos de capital emitidos por Fideicomisos de oferta pública5","SIEMBRA",0.000346,2025,"Octubre","tasas_2025_78.xlsx"
"3500","Valores representativos de capital emitidos por Fideicomisos de oferta pública5","TOTAL_CCI",0.000346,2025,"Octubre","tasas_2025_78.xlsx"
"3501","Valores representativos de capital emitidos por Fideicomisos de oferta pública5","RESERVAS-R3",0,2025,"Octubre","tasas_2025_78.xlsx"
"3502","Valores representativos de capital emitidos por Fideicomisos de oferta pública5","BANCO_CENTRAL-R3",0,2025,"Octubre","tasas_2025_78.xlsx"
"3503","Valores representativos de capital emitidos por Fideicomisos de oferta pública5","FONDO_DE_SOLIDARIDAD_SOCIAL",0,2025,"Octubre","tasas_2025_78.xlsx"
"3504","Valores representativos de capital emitidos por Fideicomisos de oferta pública5","TOTAL_SISTEMA",0.000346,2025,"Octubre","tasas_2025_78.xlsx"
"3505","Valores representativos de deuda emitidos por Fideicomisos de oferta pública","ATLÁNTICO",0.001179,2025,"Octubre","tasas_2025_78.xlsx"
"3506","Valores representativos de deuda emitidos por Fideicomisos de oferta pública","CRECER",0.000955,2025,"Octubre","tasas_2025_78.xlsx"
"3507","Valores representativos de deuda emitidos por Fideicomisos de oferta pública","JMMB_BDI",0.000925,2025,"Octubre","tasas_2025_78.xlsx"
"3508","Valores representativos de deuda emitidos por Fideicomisos de oferta pública","POPULAR",0.001115,2025,"Octubre","tasas_2025_78.xlsx"
"3509","Valores representativos de deuda emitidos por Fideicomisos de oferta pública","RESERVAS",0.001152,2025,"Octubre","tasas_2025_78.xlsx"
"3510","Valores representativos de deuda emitidos por Fideicomisos de oferta pública","ROMANA",0,2025,"Octubre","tasas_2025_78.xlsx"
"3511","Valores representativos de deuda emitidos por Fideicomisos de oferta pública","SIEMBRA",0.001151,2025,"Octubre","tasas_2025_78.xlsx"
"3512","Valores representativos de deuda emitidos por Fideicomisos de oferta pública","TOTAL_CCI",0.00102510409414858,2025,"Octubre","tasas_2025_78.xlsx"
"3513","Valores representativos de deuda emitidos por Fideicomisos de oferta pública","RESERVAS-R3",0.000505,2025,"Octubre","tasas_2025_78.xlsx"
"3514","Valores representativos de deuda emitidos por Fideicomisos de oferta pública","BANCO_CENTRAL-R3",0,2025,"Octubre","tasas_2025_78.xlsx"
"3515","Valores representativos de deuda emitidos por Fideicomisos de oferta pública","FONDO_DE_SOLIDARIDAD_SOCIAL",0.001148,2025,"Octubre","tasas_2025_78.xlsx"
"3516","Valores representativos de deuda emitidos por Fideicomisos de oferta pública","TOTAL_SISTEMA",0.00103436902430673,2025,"Octubre","tasas_2025_78.xlsx"
"3517","* Datos preliminares.","ATLÁNTICO",NA,2025,"Octubre","tasas_2025_78.xlsx"
"3518","* Datos preliminares.","CRECER",NA,2025,"Octubre","tasas_2025_78.xlsx"
"3519","* Datos preliminares.","JMMB_BDI",NA,2025,"Octubre","tasas_2025_78.xlsx"
"3520","* Datos preliminares.","POPULAR",NA,2025,"Octubre","tasas_2025_78.xlsx"
"3521","* Datos preliminares.","RESERVAS",NA,2025,"Octubre","tasas_2025_78.xlsx"
"3522","* Datos preliminares.","ROMANA",NA,2025,"Octubre","tasas_2025_78.xlsx"
"3523","* Datos preliminares.","SIEMBRA",NA,2025,"Octubre","tasas_2025_78.xlsx"
"3524","* Datos preliminares.","TOTAL_CCI",NA,2025,"Octubre","tasas_2025_78.xlsx"
"3525","* Datos preliminares.","RESERVAS-R3",NA,2025,"Octubre","tasas_2025_78.xlsx"
"3526","* Datos preliminares.","BANCO_CENTRAL-R3",NA,2025,"Octubre","tasas_2025_78.xlsx"
"3527","* Datos preliminares.","FONDO_DE_SOLIDARIDAD_SOCIAL",NA,2025,"Octubre","tasas_2025_78.xlsx"
"3528","* Datos preliminares.","TOTAL_SISTEMA",NA,2025,"Octubre","tasas_2025_78.xlsx"
"3529","Acciones de oferta pública 6","ATLÁNTICO",0.000593,2025,"Noviembre","tasas_2025_78.xlsx"
"3530","Acciones de oferta pública 6","CRECER",0.000573,2025,"Noviembre","tasas_2025_78.xlsx"
"3531","Acciones de oferta pública 6","JMMB_BDI",0.000593,2025,"Noviembre","tasas_2025_78.xlsx"
"3532","Acciones de oferta pública 6","POPULAR",0,2025,"Noviembre","tasas_2025_78.xlsx"
"3533","Acciones de oferta pública 6","RESERVAS",0.000593,2025,"Noviembre","tasas_2025_78.xlsx"
"3534","Acciones de oferta pública 6","ROMANA",0,2025,"Noviembre","tasas_2025_78.xlsx"
"3535","Acciones de oferta pública 6","SIEMBRA",0.000593,2025,"Noviembre","tasas_2025_78.xlsx"
"3536","Acciones de oferta pública 6","TOTAL_CCI",0.000586252735921091,2025,"Noviembre","tasas_2025_78.xlsx"
"3537","Acciones de oferta pública 6","RESERVAS-R3",0,2025,"Noviembre","tasas_2025_78.xlsx"
"3538","Acciones de oferta pública 6","BANCO_CENTRAL-R3",0.000593,2025,"Noviembre","tasas_2025_78.xlsx"
"3539","Acciones de oferta pública 6","FONDO_DE_SOLIDARIDAD_SOCIAL",0,2025,"Noviembre","tasas_2025_78.xlsx"
"3540","Acciones de oferta pública 6","TOTAL_SISTEMA",0.000586252784894038,2025,"Noviembre","tasas_2025_78.xlsx"
"3541","Bonos Ministerio de Hacienda","ATLÁNTICO",0.000593,2025,"Noviembre","tasas_2025_78.xlsx"
"3542","Bonos Ministerio de Hacienda","CRECER",0.000672,2025,"Noviembre","tasas_2025_78.xlsx"
"3543","Bonos Ministerio de Hacienda","JMMB_BDI",0.000557,2025,"Noviembre","tasas_2025_78.xlsx"
"3544","Bonos Ministerio de Hacienda","POPULAR",0.000669,2025,"Noviembre","tasas_2025_78.xlsx"
"3545","Bonos Ministerio de Hacienda","RESERVAS",0.000677,2025,"Noviembre","tasas_2025_78.xlsx"
"3546","Bonos Ministerio de Hacienda","ROMANA",0.00083,2025,"Noviembre","tasas_2025_78.xlsx"
"3547","Bonos Ministerio de Hacienda","SIEMBRA",0.000714,2025,"Noviembre","tasas_2025_78.xlsx"
"3548","Bonos Ministerio de Hacienda","TOTAL_CCI",0.000679862534899627,2025,"Noviembre","tasas_2025_78.xlsx"
"3549","Bonos Ministerio de Hacienda","RESERVAS-R3",0.000658,2025,"Noviembre","tasas_2025_78.xlsx"
"3550","Bonos Ministerio de Hacienda","BANCO_CENTRAL-R3",0.000664,2025,"Noviembre","tasas_2025_78.xlsx"
"3551","Bonos Ministerio de Hacienda","FONDO_DE_SOLIDARIDAD_SOCIAL",0.000648,2025,"Noviembre","tasas_2025_78.xlsx"
"3552","Bonos Ministerio de Hacienda","TOTAL_SISTEMA",0.000677007240618031,2025,"Noviembre","tasas_2025_78.xlsx"
"3553","Bonos EIF 1","ATLÁNTICO",0.001113,2025,"Noviembre","tasas_2025_78.xlsx"
"3554","Bonos EIF 1","CRECER",0.001016,2025,"Noviembre","tasas_2025_78.xlsx"
"3555","Bonos EIF 1","JMMB_BDI",0.000997,2025,"Noviembre","tasas_2025_78.xlsx"
"3556","Bonos EIF 1","POPULAR",0.001016,2025,"Noviembre","tasas_2025_78.xlsx"
"3557","Bonos EIF 1","RESERVAS",0.001013,2025,"Noviembre","tasas_2025_78.xlsx"
"3558","Bonos EIF 1","ROMANA",0.001,2025,"Noviembre","tasas_2025_78.xlsx"
"3559","Bonos EIF 1","SIEMBRA",0.001013,2025,"Noviembre","tasas_2025_78.xlsx"
"3560","Bonos EIF 1","TOTAL_CCI",0.00101605689491379,2025,"Noviembre","tasas_2025_78.xlsx"
"3561","Bonos EIF 1","RESERVAS-R3",0.001046,2025,"Noviembre","tasas_2025_78.xlsx"
"3562","Bonos EIF 1","BANCO_CENTRAL-R3",0.000952,2025,"Noviembre","tasas_2025_78.xlsx"
"3563","Bonos EIF 1","FONDO_DE_SOLIDARIDAD_SOCIAL",0.001026,2025,"Noviembre","tasas_2025_78.xlsx"
"3564","Bonos EIF 1","TOTAL_SISTEMA",0.00101652622767993,2025,"Noviembre","tasas_2025_78.xlsx"
"3565","Bonos Empresas","ATLÁNTICO",0.001027,2025,"Noviembre","tasas_2025_78.xlsx"
"3566","Bonos Empresas","CRECER",0.001494,2025,"Noviembre","tasas_2025_78.xlsx"
"3567","Bonos Empresas","JMMB_BDI",0.001082,2025,"Noviembre","tasas_2025_78.xlsx"
"3568","Bonos Empresas","POPULAR",0.00105,2025,"Noviembre","tasas_2025_78.xlsx"
"3569","Bonos Empresas","RESERVAS",0.001444,2025,"Noviembre","tasas_2025_78.xlsx"
"3570","Bonos Empresas","ROMANA",0,2025,"Noviembre","tasas_2025_78.xlsx"
"3571","Bonos Empresas","SIEMBRA",0.000636,2025,"Noviembre","tasas_2025_78.xlsx"
"3572","Bonos Empresas","TOTAL_CCI",0.00110270027152207,2025,"Noviembre","tasas_2025_78.xlsx"
"3573","Bonos Empresas","RESERVAS-R3",0.000937,2025,"Noviembre","tasas_2025_78.xlsx"
"3574","Bonos Empresas","BANCO_CENTRAL-R3",0.000841,2025,"Noviembre","tasas_2025_78.xlsx"
"3575","Bonos Empresas","FONDO_DE_SOLIDARIDAD_SOCIAL",0.00078,2025,"Noviembre","tasas_2025_78.xlsx"
"3576","Bonos Empresas","TOTAL_SISTEMA",0.00108175094535159,2025,"Noviembre","tasas_2025_78.xlsx"
"3577","Bonos de Hacienda para financiar desarrollo de  proyectos de infraestructura","ATLÁNTICO",0,2025,"Noviembre","tasas_2025_78.xlsx"
"3578","Bonos de Hacienda para financiar desarrollo de  proyectos de infraestructura","CRECER",0.000857,2025,"Noviembre","tasas_2025_78.xlsx"
"3579","Bonos de Hacienda para financiar desarrollo de  proyectos de infraestructura","JMMB_BDI",0,2025,"Noviembre","tasas_2025_78.xlsx"
"3580","Bonos de Hacienda para financiar desarrollo de  proyectos de infraestructura","POPULAR",0.000873,2025,"Noviembre","tasas_2025_78.xlsx"
"3581","Bonos de Hacienda para financiar desarrollo de  proyectos de infraestructura","RESERVAS",0.001029,2025,"Noviembre","tasas_2025_78.xlsx"
"3582","Bonos de Hacienda para financiar desarrollo de  proyectos de infraestructura","ROMANA",0,2025,"Noviembre","tasas_2025_78.xlsx"
"3583","Bonos de Hacienda para financiar desarrollo de  proyectos de infraestructura","SIEMBRA",0,2025,"Noviembre","tasas_2025_78.xlsx"
"3584","Bonos de Hacienda para financiar desarrollo de  proyectos de infraestructura","TOTAL_CCI",0.000891376355686121,2025,"Noviembre","tasas_2025_78.xlsx"
"3585","Bonos de Hacienda para financiar desarrollo de  proyectos de infraestructura","RESERVAS-R3",0,2025,"Noviembre","tasas_2025_78.xlsx"
"3586","Bonos de Hacienda para financiar desarrollo de  proyectos de infraestructura","BANCO_CENTRAL-R3",0,2025,"Noviembre","tasas_2025_78.xlsx"
"3587","Bonos de Hacienda para financiar desarrollo de  proyectos de infraestructura","FONDO_DE_SOLIDARIDAD_SOCIAL",0,2025,"Noviembre","tasas_2025_78.xlsx"
"3588","Bonos de Hacienda para financiar desarrollo de  proyectos de infraestructura","TOTAL_SISTEMA",0.000891376355686121,2025,"Noviembre","tasas_2025_78.xlsx"
"3589","Certificados de Depósito EIF1","ATLÁNTICO",0.000857,2025,"Noviembre","tasas_2025_78.xlsx"
"3590","Certificados de Depósito EIF1","CRECER",0.000378,2025,"Noviembre","tasas_2025_78.xlsx"
"3591","Certificados de Depósito EIF1","JMMB_BDI",0.000848,2025,"Noviembre","tasas_2025_78.xlsx"
"3592","Certificados de Depósito EIF1","POPULAR",0.000681,2025,"Noviembre","tasas_2025_78.xlsx"
"3593","Certificados de Depósito EIF1","RESERVAS",0.000395,2025,"Noviembre","tasas_2025_78.xlsx"
"3594","Certificados de Depósito EIF1","ROMANA",0.001079,2025,"Noviembre","tasas_2025_78.xlsx"
"3595","Certificados de Depósito EIF1","SIEMBRA",0.000679,2025,"Noviembre","tasas_2025_78.xlsx"
"3596","Certificados de Depósito EIF1","TOTAL_CCI",0.000647804383220185,2025,"Noviembre","tasas_2025_78.xlsx"
"3597","Certificados de Depósito EIF1","RESERVAS-R3",0.000389,2025,"Noviembre","tasas_2025_78.xlsx"
"3598","Certificados de Depósito EIF1","BANCO_CENTRAL-R3",0.001062,2025,"Noviembre","tasas_2025_78.xlsx"
"3599","Certificados de Depósito EIF1","FONDO_DE_SOLIDARIDAD_SOCIAL",0.000549,2025,"Noviembre","tasas_2025_78.xlsx"
"3600","Certificados de Depósito EIF1","TOTAL_SISTEMA",0.000655910066208581,2025,"Noviembre","tasas_2025_78.xlsx"
"3601","Certificados Inversión Especial BCRD2","ATLÁNTICO",0,2025,"Noviembre","tasas_2025_78.xlsx"
"3602","Certificados Inversión Especial BCRD2","CRECER",0,2025,"Noviembre","tasas_2025_78.xlsx"
"3603","Certificados Inversión Especial BCRD2","JMMB_BDI",0,2025,"Noviembre","tasas_2025_78.xlsx"
"3604","Certificados Inversión Especial BCRD2","POPULAR",0,2025,"Noviembre","tasas_2025_78.xlsx"
"3605","Certificados Inversión Especial BCRD2","RESERVAS",0,2025,"Noviembre","tasas_2025_78.xlsx"
"3606","Certificados Inversión Especial BCRD2","ROMANA",0,2025,"Noviembre","tasas_2025_78.xlsx"
"3607","Certificados Inversión Especial BCRD2","SIEMBRA",0,2025,"Noviembre","tasas_2025_78.xlsx"
"3608","Certificados Inversión Especial BCRD2","TOTAL_CCI",0,2025,"Noviembre","tasas_2025_78.xlsx"
"3609","Certificados Inversión Especial BCRD2","RESERVAS-R3",0,2025,"Noviembre","tasas_2025_78.xlsx"
"3610","Certificados Inversión Especial BCRD2","BANCO_CENTRAL-R3",0.001494,2025,"Noviembre","tasas_2025_78.xlsx"
"3611","Certificados Inversión Especial BCRD2","FONDO_DE_SOLIDARIDAD_SOCIAL",0,2025,"Noviembre","tasas_2025_78.xlsx"
"3612","Certificados Inversión Especial BCRD2","TOTAL_SISTEMA",0.001494,2025,"Noviembre","tasas_2025_78.xlsx"
"3613","Cuotas de Participación de Fondos de Inversión4","ATLÁNTICO",0.000794,2025,"Noviembre","tasas_2025_78.xlsx"
"3614","Cuotas de Participación de Fondos de Inversión4","CRECER",0.000745,2025,"Noviembre","tasas_2025_78.xlsx"
"3615","Cuotas de Participación de Fondos de Inversión4","JMMB_BDI",0.000608,2025,"Noviembre","tasas_2025_78.xlsx"
"3616","Cuotas de Participación de Fondos de Inversión4","POPULAR",0.001065,2025,"Noviembre","tasas_2025_78.xlsx"
"3617","Cuotas de Participación de Fondos de Inversión4","RESERVAS",0.000994,2025,"Noviembre","tasas_2025_78.xlsx"
"3618","Cuotas de Participación de Fondos de Inversión4","ROMANA",0,2025,"Noviembre","tasas_2025_78.xlsx"
"3619","Cuotas de Participación de Fondos de Inversión4","SIEMBRA",0.000669,2025,"Noviembre","tasas_2025_78.xlsx"
"3620","Cuotas de Participación de Fondos de Inversión4","TOTAL_CCI",0.000938469261075432,2025,"Noviembre","tasas_2025_78.xlsx"
"3621","Cuotas de Participación de Fondos de Inversión4","RESERVAS-R3",0.000716,2025,"Noviembre","tasas_2025_78.xlsx"
"3622","Cuotas de Participación de Fondos de Inversión4","BANCO_CENTRAL-R3",0,2025,"Noviembre","tasas_2025_78.xlsx"
"3623","Cuotas de Participación de Fondos de Inversión4","FONDO_DE_SOLIDARIDAD_SOCIAL",0.000766,2025,"Noviembre","tasas_2025_78.xlsx"
"3624","Cuotas de Participación de Fondos de Inversión4","TOTAL_SISTEMA",0.000915166120813077,2025,"Noviembre","tasas_2025_78.xlsx"
"3625","Cuotas de Participación de Fondos de Mutuos","ATLÁNTICO",0,2025,"Noviembre","tasas_2025_78.xlsx"
"3626","Cuotas de Participación de Fondos de Mutuos","CRECER",0.000927,2025,"Noviembre","tasas_2025_78.xlsx"
"3627","Cuotas de Participación de Fondos de Mutuos","JMMB_BDI",0,2025,"Noviembre","tasas_2025_78.xlsx"
"3628","Cuotas de Participación de Fondos de Mutuos","POPULAR",0,2025,"Noviembre","tasas_2025_78.xlsx"
"3629","Cuotas de Participación de Fondos de Mutuos","RESERVAS",0,2025,"Noviembre","tasas_2025_78.xlsx"
"3630","Cuotas de Participación de Fondos de Mutuos","ROMANA",0,2025,"Noviembre","tasas_2025_78.xlsx"
"3631","Cuotas de Participación de Fondos de Mutuos","SIEMBRA",0,2025,"Noviembre","tasas_2025_78.xlsx"
"3632","Cuotas de Participación de Fondos de Mutuos","TOTAL_CCI",0.000927,2025,"Noviembre","tasas_2025_78.xlsx"
"3633","Cuotas de Participación de Fondos de Mutuos","RESERVAS-R3",0,2025,"Noviembre","tasas_2025_78.xlsx"
"3634","Cuotas de Participación de Fondos de Mutuos","BANCO_CENTRAL-R3",0,2025,"Noviembre","tasas_2025_78.xlsx"
"3635","Cuotas de Participación de Fondos de Mutuos","FONDO_DE_SOLIDARIDAD_SOCIAL",0,2025,"Noviembre","tasas_2025_78.xlsx"
"3636","Cuotas de Participación de Fondos de Mutuos","TOTAL_SISTEMA",0.000927,2025,"Noviembre","tasas_2025_78.xlsx"
"3637","Letras BCRD2","ATLÁNTICO",0,2025,"Noviembre","tasas_2025_78.xlsx"
"3638","Letras BCRD2","CRECER",0,2025,"Noviembre","tasas_2025_78.xlsx"
"3639","Letras BCRD2","JMMB_BDI",0,2025,"Noviembre","tasas_2025_78.xlsx"
"3640","Letras BCRD2","POPULAR",0,2025,"Noviembre","tasas_2025_78.xlsx"
"3641","Letras BCRD2","RESERVAS",0,2025,"Noviembre","tasas_2025_78.xlsx"
"3642","Letras BCRD2","ROMANA",0,2025,"Noviembre","tasas_2025_78.xlsx"
"3643","Letras BCRD2","SIEMBRA",0,2025,"Noviembre","tasas_2025_78.xlsx"
"3644","Letras BCRD2","TOTAL_CCI",0,2025,"Noviembre","tasas_2025_78.xlsx"
"3645","Letras BCRD2","RESERVAS-R3",0,2025,"Noviembre","tasas_2025_78.xlsx"
"3646","Letras BCRD2","BANCO_CENTRAL-R3",0,2025,"Noviembre","tasas_2025_78.xlsx"
"3647","Letras BCRD2","FONDO_DE_SOLIDARIDAD_SOCIAL",0,2025,"Noviembre","tasas_2025_78.xlsx"
"3648","Letras BCRD2","TOTAL_SISTEMA",0,2025,"Noviembre","tasas_2025_78.xlsx"
"3649","Notas BCRD2","ATLÁNTICO",0.000904,2025,"Noviembre","tasas_2025_78.xlsx"
"3650","Notas BCRD2","CRECER",0.00095,2025,"Noviembre","tasas_2025_78.xlsx"
"3651","Notas BCRD2","JMMB_BDI",0.00084,2025,"Noviembre","tasas_2025_78.xlsx"
"3652","Notas BCRD2","POPULAR",0.001149,2025,"Noviembre","tasas_2025_78.xlsx"
"3653","Notas BCRD2","RESERVAS",0.000786,2025,"Noviembre","tasas_2025_78.xlsx"
"3654","Notas BCRD2","ROMANA",0.000701,2025,"Noviembre","tasas_2025_78.xlsx"
"3655","Notas BCRD2","SIEMBRA",0.001053,2025,"Noviembre","tasas_2025_78.xlsx"
"3656","Notas BCRD2","TOTAL_CCI",0.00105787213707957,2025,"Noviembre","tasas_2025_78.xlsx"
"3657","Notas BCRD2","RESERVAS-R3",0.001214,2025,"Noviembre","tasas_2025_78.xlsx"
"3658","Notas BCRD2","BANCO_CENTRAL-R3",0.00095,2025,"Noviembre","tasas_2025_78.xlsx"
"3659","Notas BCRD2","FONDO_DE_SOLIDARIDAD_SOCIAL",0.00095,2025,"Noviembre","tasas_2025_78.xlsx"
"3660","Notas BCRD2","TOTAL_SISTEMA",0.00105012314626491,2025,"Noviembre","tasas_2025_78.xlsx"
"3661","Valores representativos de capital emitidos por Fideicomisos de oferta pública5","ATLÁNTICO",0.000179,2025,"Noviembre","tasas_2025_78.xlsx"
"3662","Valores representativos de capital emitidos por Fideicomisos de oferta pública5","CRECER",0.000179,2025,"Noviembre","tasas_2025_78.xlsx"
"3663","Valores representativos de capital emitidos por Fideicomisos de oferta pública5","JMMB_BDI",0.000179,2025,"Noviembre","tasas_2025_78.xlsx"
"3664","Valores representativos de capital emitidos por Fideicomisos de oferta pública5","POPULAR",0.000179,2025,"Noviembre","tasas_2025_78.xlsx"
"3665","Valores representativos de capital emitidos por Fideicomisos de oferta pública5","RESERVAS",0.000179,2025,"Noviembre","tasas_2025_78.xlsx"
"3666","Valores representativos de capital emitidos por Fideicomisos de oferta pública5","ROMANA",0,2025,"Noviembre","tasas_2025_78.xlsx"
"3667","Valores representativos de capital emitidos por Fideicomisos de oferta pública5","SIEMBRA",0.000179,2025,"Noviembre","tasas_2025_78.xlsx"
"3668","Valores representativos de capital emitidos por Fideicomisos de oferta pública5","TOTAL_CCI",0.000179,2025,"Noviembre","tasas_2025_78.xlsx"
"3669","Valores representativos de capital emitidos por Fideicomisos de oferta pública5","RESERVAS-R3",0,2025,"Noviembre","tasas_2025_78.xlsx"
"3670","Valores representativos de capital emitidos por Fideicomisos de oferta pública5","BANCO_CENTRAL-R3",0,2025,"Noviembre","tasas_2025_78.xlsx"
"3671","Valores representativos de capital emitidos por Fideicomisos de oferta pública5","FONDO_DE_SOLIDARIDAD_SOCIAL",0,2025,"Noviembre","tasas_2025_78.xlsx"
"3672","Valores representativos de capital emitidos por Fideicomisos de oferta pública5","TOTAL_SISTEMA",0.000179,2025,"Noviembre","tasas_2025_78.xlsx"
"3673","Valores representativos de deuda emitidos por Fideicomisos de oferta pública","ATLÁNTICO",0.001179,2025,"Noviembre","tasas_2025_78.xlsx"
"3674","Valores representativos de deuda emitidos por Fideicomisos de oferta pública","CRECER",0.000971,2025,"Noviembre","tasas_2025_78.xlsx"
"3675","Valores representativos de deuda emitidos por Fideicomisos de oferta pública","JMMB_BDI",0.000925,2025,"Noviembre","tasas_2025_78.xlsx"
"3676","Valores representativos de deuda emitidos por Fideicomisos de oferta pública","POPULAR",0.001107,2025,"Noviembre","tasas_2025_78.xlsx"
"3677","Valores representativos de deuda emitidos por Fideicomisos de oferta pública","RESERVAS",0.001133,2025,"Noviembre","tasas_2025_78.xlsx"
"3678","Valores representativos de deuda emitidos por Fideicomisos de oferta pública","ROMANA",0,2025,"Noviembre","tasas_2025_78.xlsx"
"3679","Valores representativos de deuda emitidos por Fideicomisos de oferta pública","SIEMBRA",0.00115,2025,"Noviembre","tasas_2025_78.xlsx"
"3680","Valores representativos de deuda emitidos por Fideicomisos de oferta pública","TOTAL_CCI",0.00104030727056257,2025,"Noviembre","tasas_2025_78.xlsx"
"3681","Valores representativos de deuda emitidos por Fideicomisos de oferta pública","RESERVAS-R3",0.000505,2025,"Noviembre","tasas_2025_78.xlsx"
"3682","Valores representativos de deuda emitidos por Fideicomisos de oferta pública","BANCO_CENTRAL-R3",0,2025,"Noviembre","tasas_2025_78.xlsx"
"3683","Valores representativos de deuda emitidos por Fideicomisos de oferta pública","FONDO_DE_SOLIDARIDAD_SOCIAL",0.001148,2025,"Noviembre","tasas_2025_78.xlsx"
"3684","Valores representativos de deuda emitidos por Fideicomisos de oferta pública","TOTAL_SISTEMA",0.00104653801737968,2025,"Noviembre","tasas_2025_78.xlsx"
"3685","* Datos preliminares.","ATLÁNTICO",NA,2025,"Noviembre","tasas_2025_78.xlsx"
"3686","* Datos preliminares.","CRECER",NA,2025,"Noviembre","tasas_2025_78.xlsx"
"3687","* Datos preliminares.","JMMB_BDI",NA,2025,"Noviembre","tasas_2025_78.xlsx"
"3688","* Datos preliminares.","POPULAR",NA,2025,"Noviembre","tasas_2025_78.xlsx"
"3689","* Datos preliminares.","RESERVAS",NA,2025,"Noviembre","tasas_2025_78.xlsx"
"3690","* Datos preliminares.","ROMANA",NA,2025,"Noviembre","tasas_2025_78.xlsx"
"3691","* Datos preliminares.","SIEMBRA",NA,2025,"Noviembre","tasas_2025_78.xlsx"
"3692","* Datos preliminares.","TOTAL_CCI",NA,2025,"Noviembre","tasas_2025_78.xlsx"
"3693","* Datos preliminares.","RESERVAS-R3",NA,2025,"Noviembre","tasas_2025_78.xlsx"
"3694","* Datos preliminares.","BANCO_CENTRAL-R3",NA,2025,"Noviembre","tasas_2025_78.xlsx"
"3695","* Datos preliminares.","FONDO_DE_SOLIDARIDAD_SOCIAL",NA,2025,"Noviembre","tasas_2025_78.xlsx"
"3696","* Datos preliminares.","TOTAL_SISTEMA",NA,2025,"Noviembre","tasas_2025_78.xlsx"
"3697","Acciones de oferta pública 6","ATLÁNTICO",0.000593,2025,"Diciembre","tasas_2025_78.xlsx"
"3698","Acciones de oferta pública 6","CRECER",0.000573,2025,"Diciembre","tasas_2025_78.xlsx"
"3699","Acciones de oferta pública 6","JMMB_BDI",0.000593,2025,"Diciembre","tasas_2025_78.xlsx"
"3700","Acciones de oferta pública 6","POPULAR",0,2025,"Diciembre","tasas_2025_78.xlsx"
"3701","Acciones de oferta pública 6","RESERVAS",0.000593,2025,"Diciembre","tasas_2025_78.xlsx"
"3702","Acciones de oferta pública 6","ROMANA",0,2025,"Diciembre","tasas_2025_78.xlsx"
"3703","Acciones de oferta pública 6","SIEMBRA",0.000593,2025,"Diciembre","tasas_2025_78.xlsx"
"3704","Acciones de oferta pública 6","TOTAL_CCI",0.000586252735921091,2025,"Diciembre","tasas_2025_78.xlsx"
"3705","Acciones de oferta pública 6","RESERVAS-R3",0,2025,"Diciembre","tasas_2025_78.xlsx"
"3706","Acciones de oferta pública 6","BANCO_CENTRAL-R3",0.000593,2025,"Diciembre","tasas_2025_78.xlsx"
"3707","Acciones de oferta pública 6","FONDO_DE_SOLIDARIDAD_SOCIAL",0,2025,"Diciembre","tasas_2025_78.xlsx"
"3708","Acciones de oferta pública 6","TOTAL_SISTEMA",0.000586252784894038,2025,"Diciembre","tasas_2025_78.xlsx"
"3709","Bonos Ministerio de Hacienda","ATLÁNTICO",0.00059,2025,"Diciembre","tasas_2025_78.xlsx"
"3710","Bonos Ministerio de Hacienda","CRECER",0.000675,2025,"Diciembre","tasas_2025_78.xlsx"
"3711","Bonos Ministerio de Hacienda","JMMB_BDI",0.000554,2025,"Diciembre","tasas_2025_78.xlsx"
"3712","Bonos Ministerio de Hacienda","POPULAR",0.000669,2025,"Diciembre","tasas_2025_78.xlsx"
"3713","Bonos Ministerio de Hacienda","RESERVAS",0.000659,2025,"Diciembre","tasas_2025_78.xlsx"
"3714","Bonos Ministerio de Hacienda","ROMANA",0.000822,2025,"Diciembre","tasas_2025_78.xlsx"
"3715","Bonos Ministerio de Hacienda","SIEMBRA",0.000714,2025,"Diciembre","tasas_2025_78.xlsx"
"3716","Bonos Ministerio de Hacienda","TOTAL_CCI",0.000677268357267897,2025,"Diciembre","tasas_2025_78.xlsx"
"3717","Bonos Ministerio de Hacienda","RESERVAS-R3",0.000656,2025,"Diciembre","tasas_2025_78.xlsx"
"3718","Bonos Ministerio de Hacienda","BANCO_CENTRAL-R3",0.000691,2025,"Diciembre","tasas_2025_78.xlsx"
"3719","Bonos Ministerio de Hacienda","FONDO_DE_SOLIDARIDAD_SOCIAL",0.000646,2025,"Diciembre","tasas_2025_78.xlsx"
"3720","Bonos Ministerio de Hacienda","TOTAL_SISTEMA",0.000674934188751436,2025,"Diciembre","tasas_2025_78.xlsx"
"3721","Bonos EIF 1","ATLÁNTICO",0.001115,2025,"Diciembre","tasas_2025_78.xlsx"
"3722","Bonos EIF 1","CRECER",0.001016,2025,"Diciembre","tasas_2025_78.xlsx"
"3723","Bonos EIF 1","JMMB_BDI",0.000998,2025,"Diciembre","tasas_2025_78.xlsx"
"3724","Bonos EIF 1","POPULAR",0.001016,2025,"Diciembre","tasas_2025_78.xlsx"
"3725","Bonos EIF 1","RESERVAS",0.001013,2025,"Diciembre","tasas_2025_78.xlsx"
"3726","Bonos EIF 1","ROMANA",0.001,2025,"Diciembre","tasas_2025_78.xlsx"
"3727","Bonos EIF 1","SIEMBRA",0.001013,2025,"Diciembre","tasas_2025_78.xlsx"
"3728","Bonos EIF 1","TOTAL_CCI",0.001016080148412,2025,"Diciembre","tasas_2025_78.xlsx"
"3729","Bonos EIF 1","RESERVAS-R3",0.001046,2025,"Diciembre","tasas_2025_78.xlsx"
"3730","Bonos EIF 1","BANCO_CENTRAL-R3",0.000953,2025,"Diciembre","tasas_2025_78.xlsx"
"3731","Bonos EIF 1","FONDO_DE_SOLIDARIDAD_SOCIAL",0.001027,2025,"Diciembre","tasas_2025_78.xlsx"
"3732","Bonos EIF 1","TOTAL_SISTEMA",0.0010166042369227,2025,"Diciembre","tasas_2025_78.xlsx"
"3733","Bonos Empresas","ATLÁNTICO",0.001026,2025,"Diciembre","tasas_2025_78.xlsx"
"3734","Bonos Empresas","CRECER",0.001497,2025,"Diciembre","tasas_2025_78.xlsx"
"3735","Bonos Empresas","JMMB_BDI",0.001082,2025,"Diciembre","tasas_2025_78.xlsx"
"3736","Bonos Empresas","POPULAR",0.001071,2025,"Diciembre","tasas_2025_78.xlsx"
"3737","Bonos Empresas","RESERVAS",0.001445,2025,"Diciembre","tasas_2025_78.xlsx"
"3738","Bonos Empresas","ROMANA",0,2025,"Diciembre","tasas_2025_78.xlsx"
"3739","Bonos Empresas","SIEMBRA",0.000636,2025,"Diciembre","tasas_2025_78.xlsx"
"3740","Bonos Empresas","TOTAL_CCI",0.00111043412521494,2025,"Diciembre","tasas_2025_78.xlsx"
"3741","Bonos Empresas","RESERVAS-R3",0.000935,2025,"Diciembre","tasas_2025_78.xlsx"
"3742","Bonos Empresas","BANCO_CENTRAL-R3",0.000841,2025,"Diciembre","tasas_2025_78.xlsx"
"3743","Bonos Empresas","FONDO_DE_SOLIDARIDAD_SOCIAL",0.00078,2025,"Diciembre","tasas_2025_78.xlsx"
"3744","Bonos Empresas","TOTAL_SISTEMA",0.00108862086902929,2025,"Diciembre","tasas_2025_78.xlsx"
"3745","Bonos de Hacienda para financiar desarrollo de  proyectos de infraestructura","ATLÁNTICO",0,2025,"Diciembre","tasas_2025_78.xlsx"
"3746","Bonos de Hacienda para financiar desarrollo de  proyectos de infraestructura","CRECER",0.000857,2025,"Diciembre","tasas_2025_78.xlsx"
"3747","Bonos de Hacienda para financiar desarrollo de  proyectos de infraestructura","JMMB_BDI",0,2025,"Diciembre","tasas_2025_78.xlsx"
"3748","Bonos de Hacienda para financiar desarrollo de  proyectos de infraestructura","POPULAR",0.000873,2025,"Diciembre","tasas_2025_78.xlsx"
"3749","Bonos de Hacienda para financiar desarrollo de  proyectos de infraestructura","RESERVAS",0.001029,2025,"Diciembre","tasas_2025_78.xlsx"
"3750","Bonos de Hacienda para financiar desarrollo de  proyectos de infraestructura","ROMANA",0,2025,"Diciembre","tasas_2025_78.xlsx"
"3751","Bonos de Hacienda para financiar desarrollo de  proyectos de infraestructura","SIEMBRA",0,2025,"Diciembre","tasas_2025_78.xlsx"
"3752","Bonos de Hacienda para financiar desarrollo de  proyectos de infraestructura","TOTAL_CCI",0.000891418589996338,2025,"Diciembre","tasas_2025_78.xlsx"
"3753","Bonos de Hacienda para financiar desarrollo de  proyectos de infraestructura","RESERVAS-R3",0,2025,"Diciembre","tasas_2025_78.xlsx"
"3754","Bonos de Hacienda para financiar desarrollo de  proyectos de infraestructura","BANCO_CENTRAL-R3",0,2025,"Diciembre","tasas_2025_78.xlsx"
"3755","Bonos de Hacienda para financiar desarrollo de  proyectos de infraestructura","FONDO_DE_SOLIDARIDAD_SOCIAL",0,2025,"Diciembre","tasas_2025_78.xlsx"
"3756","Bonos de Hacienda para financiar desarrollo de  proyectos de infraestructura","TOTAL_SISTEMA",0.000891418589996338,2025,"Diciembre","tasas_2025_78.xlsx"
"3757","Certificados de Depósito EIF1","ATLÁNTICO",0.000943,2025,"Diciembre","tasas_2025_78.xlsx"
"3758","Certificados de Depósito EIF1","CRECER",0.000455,2025,"Diciembre","tasas_2025_78.xlsx"
"3759","Certificados de Depósito EIF1","JMMB_BDI",0.000966,2025,"Diciembre","tasas_2025_78.xlsx"
"3760","Certificados de Depósito EIF1","POPULAR",0.000503,2025,"Diciembre","tasas_2025_78.xlsx"
"3761","Certificados de Depósito EIF1","RESERVAS",0.000392,2025,"Diciembre","tasas_2025_78.xlsx"
"3762","Certificados de Depósito EIF1","ROMANA",0.001023,2025,"Diciembre","tasas_2025_78.xlsx"
"3763","Certificados de Depósito EIF1","SIEMBRA",0.00069,2025,"Diciembre","tasas_2025_78.xlsx"
"3764","Certificados de Depósito EIF1","TOTAL_CCI",0.000603971815216057,2025,"Diciembre","tasas_2025_78.xlsx"
"3765","Certificados de Depósito EIF1","RESERVAS-R3",0.000355,2025,"Diciembre","tasas_2025_78.xlsx"
"3766","Certificados de Depósito EIF1","BANCO_CENTRAL-R3",0.000917,2025,"Diciembre","tasas_2025_78.xlsx"
"3767","Certificados de Depósito EIF1","FONDO_DE_SOLIDARIDAD_SOCIAL",0.000422,2025,"Diciembre","tasas_2025_78.xlsx"
"3768","Certificados de Depósito EIF1","TOTAL_SISTEMA",0.000609013995646484,2025,"Diciembre","tasas_2025_78.xlsx"
"3769","Certificados Inversión Especial BCRD2","ATLÁNTICO",0,2025,"Diciembre","tasas_2025_78.xlsx"
"3770","Certificados Inversión Especial BCRD2","CRECER",0,2025,"Diciembre","tasas_2025_78.xlsx"
"3771","Certificados Inversión Especial BCRD2","JMMB_BDI",0,2025,"Diciembre","tasas_2025_78.xlsx"
"3772","Certificados Inversión Especial BCRD2","POPULAR",0,2025,"Diciembre","tasas_2025_78.xlsx"
"3773","Certificados Inversión Especial BCRD2","RESERVAS",0,2025,"Diciembre","tasas_2025_78.xlsx"
"3774","Certificados Inversión Especial BCRD2","ROMANA",0,2025,"Diciembre","tasas_2025_78.xlsx"
"3775","Certificados Inversión Especial BCRD2","SIEMBRA",0,2025,"Diciembre","tasas_2025_78.xlsx"
"3776","Certificados Inversión Especial BCRD2","TOTAL_CCI",0,2025,"Diciembre","tasas_2025_78.xlsx"
"3777","Certificados Inversión Especial BCRD2","RESERVAS-R3",0,2025,"Diciembre","tasas_2025_78.xlsx"
"3778","Certificados Inversión Especial BCRD2","BANCO_CENTRAL-R3",0.001494,2025,"Diciembre","tasas_2025_78.xlsx"
"3779","Certificados Inversión Especial BCRD2","FONDO_DE_SOLIDARIDAD_SOCIAL",0,2025,"Diciembre","tasas_2025_78.xlsx"
"3780","Certificados Inversión Especial BCRD2","TOTAL_SISTEMA",0.001494,2025,"Diciembre","tasas_2025_78.xlsx"
"3781","Cuotas de Participación de Fondos de Inversión4","ATLÁNTICO",0.000697,2025,"Diciembre","tasas_2025_78.xlsx"
"3782","Cuotas de Participación de Fondos de Inversión4","CRECER",0.000991,2025,"Diciembre","tasas_2025_78.xlsx"
"3783","Cuotas de Participación de Fondos de Inversión4","JMMB_BDI",0.000462,2025,"Diciembre","tasas_2025_78.xlsx"
"3784","Cuotas de Participación de Fondos de Inversión4","POPULAR",0.00088,2025,"Diciembre","tasas_2025_78.xlsx"
"3785","Cuotas de Participación de Fondos de Inversión4","RESERVAS",0.001035,2025,"Diciembre","tasas_2025_78.xlsx"
"3786","Cuotas de Participación de Fondos de Inversión4","ROMANA",0,2025,"Diciembre","tasas_2025_78.xlsx"
"3787","Cuotas de Participación de Fondos de Inversión4","SIEMBRA",0.000874,2025,"Diciembre","tasas_2025_78.xlsx"
"3788","Cuotas de Participación de Fondos de Inversión4","TOTAL_CCI",0.000938979535715252,2025,"Diciembre","tasas_2025_78.xlsx"
"3789","Cuotas de Participación de Fondos de Inversión4","RESERVAS-R3",0.000731,2025,"Diciembre","tasas_2025_78.xlsx"
"3790","Cuotas de Participación de Fondos de Inversión4","BANCO_CENTRAL-R3",0,2025,"Diciembre","tasas_2025_78.xlsx"
"3791","Cuotas de Participación de Fondos de Inversión4","FONDO_DE_SOLIDARIDAD_SOCIAL",0.000772,2025,"Diciembre","tasas_2025_78.xlsx"
"3792","Cuotas de Participación de Fondos de Inversión4","TOTAL_SISTEMA",0.000917322519555405,2025,"Diciembre","tasas_2025_78.xlsx"
"3793","Cuotas de Participación de Fondos de Mutuos","ATLÁNTICO",0,2025,"Diciembre","tasas_2025_78.xlsx"
"3794","Cuotas de Participación de Fondos de Mutuos","CRECER",0.000871,2025,"Diciembre","tasas_2025_78.xlsx"
"3795","Cuotas de Participación de Fondos de Mutuos","JMMB_BDI",0,2025,"Diciembre","tasas_2025_78.xlsx"
"3796","Cuotas de Participación de Fondos de Mutuos","POPULAR",0,2025,"Diciembre","tasas_2025_78.xlsx"
"3797","Cuotas de Participación de Fondos de Mutuos","RESERVAS",0,2025,"Diciembre","tasas_2025_78.xlsx"
"3798","Cuotas de Participación de Fondos de Mutuos","ROMANA",0,2025,"Diciembre","tasas_2025_78.xlsx"
"3799","Cuotas de Participación de Fondos de Mutuos","SIEMBRA",0,2025,"Diciembre","tasas_2025_78.xlsx"
"3800","Cuotas de Participación de Fondos de Mutuos","TOTAL_CCI",0.000871,2025,"Diciembre","tasas_2025_78.xlsx"
"3801","Cuotas de Participación de Fondos de Mutuos","RESERVAS-R3",0,2025,"Diciembre","tasas_2025_78.xlsx"
"3802","Cuotas de Participación de Fondos de Mutuos","BANCO_CENTRAL-R3",0,2025,"Diciembre","tasas_2025_78.xlsx"
"3803","Cuotas de Participación de Fondos de Mutuos","FONDO_DE_SOLIDARIDAD_SOCIAL",0,2025,"Diciembre","tasas_2025_78.xlsx"
"3804","Cuotas de Participación de Fondos de Mutuos","TOTAL_SISTEMA",0.000871,2025,"Diciembre","tasas_2025_78.xlsx"
"3805","Letras BCRD2","ATLÁNTICO",0,2025,"Diciembre","tasas_2025_78.xlsx"
"3806","Letras BCRD2","CRECER",0,2025,"Diciembre","tasas_2025_78.xlsx"
"3807","Letras BCRD2","JMMB_BDI",0,2025,"Diciembre","tasas_2025_78.xlsx"
"3808","Letras BCRD2","POPULAR",0,2025,"Diciembre","tasas_2025_78.xlsx"
"3809","Letras BCRD2","RESERVAS",0,2025,"Diciembre","tasas_2025_78.xlsx"
"3810","Letras BCRD2","ROMANA",0,2025,"Diciembre","tasas_2025_78.xlsx"
"3811","Letras BCRD2","SIEMBRA",0,2025,"Diciembre","tasas_2025_78.xlsx"
"3812","Letras BCRD2","TOTAL_CCI",0,2025,"Diciembre","tasas_2025_78.xlsx"
"3813","Letras BCRD2","RESERVAS-R3",0,2025,"Diciembre","tasas_2025_78.xlsx"
"3814","Letras BCRD2","BANCO_CENTRAL-R3",0,2025,"Diciembre","tasas_2025_78.xlsx"
"3815","Letras BCRD2","FONDO_DE_SOLIDARIDAD_SOCIAL",0,2025,"Diciembre","tasas_2025_78.xlsx"
"3816","Letras BCRD2","TOTAL_SISTEMA",0,2025,"Diciembre","tasas_2025_78.xlsx"
"3817","Notas BCRD2","ATLÁNTICO",0.000915,2025,"Diciembre","tasas_2025_78.xlsx"
"3818","Notas BCRD2","CRECER",0.00095,2025,"Diciembre","tasas_2025_78.xlsx"
"3819","Notas BCRD2","JMMB_BDI",0.000886,2025,"Diciembre","tasas_2025_78.xlsx"
"3820","Notas BCRD2","POPULAR",0.001118,2025,"Diciembre","tasas_2025_78.xlsx"
"3821","Notas BCRD2","RESERVAS",0.000792,2025,"Diciembre","tasas_2025_78.xlsx"
"3822","Notas BCRD2","ROMANA",0.000695,2025,"Diciembre","tasas_2025_78.xlsx"
"3823","Notas BCRD2","SIEMBRA",0.001007,2025,"Diciembre","tasas_2025_78.xlsx"
"3824","Notas BCRD2","TOTAL_CCI",0.00103513166263612,2025,"Diciembre","tasas_2025_78.xlsx"
"3825","Notas BCRD2","RESERVAS-R3",0.001341,2025,"Diciembre","tasas_2025_78.xlsx"
"3826","Notas BCRD2","BANCO_CENTRAL-R3",0.000978,2025,"Diciembre","tasas_2025_78.xlsx"
"3827","Notas BCRD2","FONDO_DE_SOLIDARIDAD_SOCIAL",0,2025,"Diciembre","tasas_2025_78.xlsx"
"3828","Notas BCRD2","TOTAL_SISTEMA",0.00103270652627763,2025,"Diciembre","tasas_2025_78.xlsx"
"3829","Valores representativos de capital emitidos por Fideicomisos de oferta pública5","ATLÁNTICO",0.000101,2025,"Diciembre","tasas_2025_78.xlsx"
"3830","Valores representativos de capital emitidos por Fideicomisos de oferta pública5","CRECER",0.000101,2025,"Diciembre","tasas_2025_78.xlsx"
"3831","Valores representativos de capital emitidos por Fideicomisos de oferta pública5","JMMB_BDI",0.000101,2025,"Diciembre","tasas_2025_78.xlsx"
"3832","Valores representativos de capital emitidos por Fideicomisos de oferta pública5","POPULAR",0.000101,2025,"Diciembre","tasas_2025_78.xlsx"
"3833","Valores representativos de capital emitidos por Fideicomisos de oferta pública5","RESERVAS",0.000101,2025,"Diciembre","tasas_2025_78.xlsx"
"3834","Valores representativos de capital emitidos por Fideicomisos de oferta pública5","ROMANA",0,2025,"Diciembre","tasas_2025_78.xlsx"
"3835","Valores representativos de capital emitidos por Fideicomisos de oferta pública5","SIEMBRA",0.000101,2025,"Diciembre","tasas_2025_78.xlsx"
"3836","Valores representativos de capital emitidos por Fideicomisos de oferta pública5","TOTAL_CCI",0.000101,2025,"Diciembre","tasas_2025_78.xlsx"
"3837","Valores representativos de capital emitidos por Fideicomisos de oferta pública5","RESERVAS-R3",0,2025,"Diciembre","tasas_2025_78.xlsx"
"3838","Valores representativos de capital emitidos por Fideicomisos de oferta pública5","BANCO_CENTRAL-R3",0,2025,"Diciembre","tasas_2025_78.xlsx"
"3839","Valores representativos de capital emitidos por Fideicomisos de oferta pública5","FONDO_DE_SOLIDARIDAD_SOCIAL",0,2025,"Diciembre","tasas_2025_78.xlsx"
"3840","Valores representativos de capital emitidos por Fideicomisos de oferta pública5","TOTAL_SISTEMA",0.000101,2025,"Diciembre","tasas_2025_78.xlsx"
"3841","Valores representativos de deuda emitidos por Fideicomisos de oferta pública","ATLÁNTICO",0.001179,2025,"Diciembre","tasas_2025_78.xlsx"
"3842","Valores representativos de deuda emitidos por Fideicomisos de oferta pública","CRECER",0.000972,2025,"Diciembre","tasas_2025_78.xlsx"
"3843","Valores representativos de deuda emitidos por Fideicomisos de oferta pública","JMMB_BDI",0.000925,2025,"Diciembre","tasas_2025_78.xlsx"
"3844","Valores representativos de deuda emitidos por Fideicomisos de oferta pública","POPULAR",0.001107,2025,"Diciembre","tasas_2025_78.xlsx"
"3845","Valores representativos de deuda emitidos por Fideicomisos de oferta pública","RESERVAS",0.001115,2025,"Diciembre","tasas_2025_78.xlsx"
"3846","Valores representativos de deuda emitidos por Fideicomisos de oferta pública","ROMANA",0,2025,"Diciembre","tasas_2025_78.xlsx"
"3847","Valores representativos de deuda emitidos por Fideicomisos de oferta pública","SIEMBRA",0.00115,2025,"Diciembre","tasas_2025_78.xlsx"
"3848","Valores representativos de deuda emitidos por Fideicomisos de oferta pública","TOTAL_CCI",0.00104751015086611,2025,"Diciembre","tasas_2025_78.xlsx"
"3849","Valores representativos de deuda emitidos por Fideicomisos de oferta pública","RESERVAS-R3",0.000901,2025,"Diciembre","tasas_2025_78.xlsx"
"3850","Valores representativos de deuda emitidos por Fideicomisos de oferta pública","BANCO_CENTRAL-R3",0,2025,"Diciembre","tasas_2025_78.xlsx"
"3851","Valores representativos de deuda emitidos por Fideicomisos de oferta pública","FONDO_DE_SOLIDARIDAD_SOCIAL",0.001144,2025,"Diciembre","tasas_2025_78.xlsx"
"3852","Valores representativos de deuda emitidos por Fideicomisos de oferta pública","TOTAL_SISTEMA",0.00105308073331221,2025,"Diciembre","tasas_2025_78.xlsx"
"3853","* Datos preliminares.","ATLÁNTICO",NA,2025,"Diciembre","tasas_2025_78.xlsx"
"3854","* Datos preliminares.","CRECER",NA,2025,"Diciembre","tasas_2025_78.xlsx"
"3855","* Datos preliminares.","JMMB_BDI",NA,2025,"Diciembre","tasas_2025_78.xlsx"
"3856","* Datos preliminares.","POPULAR",NA,2025,"Diciembre","tasas_2025_78.xlsx"
"3857","* Datos preliminares.","RESERVAS",NA,2025,"Diciembre","tasas_2025_78.xlsx"
"3858","* Datos preliminares.","ROMANA",NA,2025,"Diciembre","tasas_2025_78.xlsx"
"3859","* Datos preliminares.","SIEMBRA",NA,2025,"Diciembre","tasas_2025_78.xlsx"
"3860","* Datos preliminares.","TOTAL_CCI",NA,2025,"Diciembre","tasas_2025_78.xlsx"
"3861","* Datos preliminares.","RESERVAS-R3",NA,2025,"Diciembre","tasas_2025_78.xlsx"
"3862","* Datos preliminares.","BANCO_CENTRAL-R3",NA,2025,"Diciembre","tasas_2025_78.xlsx"
"3863","* Datos preliminares.","FONDO_DE_SOLIDARIDAD_SOCIAL",NA,2025,"Diciembre","tasas_2025_78.xlsx"
"3864","* Datos preliminares.","TOTAL_SISTEMA",NA,2025,"Diciembre","tasas_2025_78.xlsx"
"3865","Acciones de oferta pública 6","ATLÁNTICO",0.000593,2026,"Enero","tasas_2026_88.xlsx"
"3866","Acciones de oferta pública 6","CRECER",0.000573,2026,"Enero","tasas_2026_88.xlsx"
"3867","Acciones de oferta pública 6","JMMB_BDI",0.000593,2026,"Enero","tasas_2026_88.xlsx"
"3868","Acciones de oferta pública 6","POPULAR",0,2026,"Enero","tasas_2026_88.xlsx"
"3869","Acciones de oferta pública 6","RESERVAS",0.000593,2026,"Enero","tasas_2026_88.xlsx"
"3870","Acciones de oferta pública 6","ROMANA",0,2026,"Enero","tasas_2026_88.xlsx"
"3871","Acciones de oferta pública 6","SIEMBRA",0.000593,2026,"Enero","tasas_2026_88.xlsx"
"3872","Acciones de oferta pública 6","TOTAL_CCI",0.000586252735921091,2026,"Enero","tasas_2026_88.xlsx"
"3873","Acciones de oferta pública 6","RESERVAS-R3",0,2026,"Enero","tasas_2026_88.xlsx"
"3874","Acciones de oferta pública 6","BANCO_CENTRAL-R3",0.000593,2026,"Enero","tasas_2026_88.xlsx"
"3875","Acciones de oferta pública 6","FONDO_DE_SOLIDARIDAD_SOCIAL",0,2026,"Enero","tasas_2026_88.xlsx"
"3876","Acciones de oferta pública 6","TOTAL_SISTEMA",0.000586252784894038,2026,"Enero","tasas_2026_88.xlsx"
"3877","Bonos Ministerio de Hacienda","ATLÁNTICO",0.000589,2026,"Enero","tasas_2026_88.xlsx"
"3878","Bonos Ministerio de Hacienda","CRECER",0.000677,2026,"Enero","tasas_2026_88.xlsx"
"3879","Bonos Ministerio de Hacienda","JMMB_BDI",0.000555,2026,"Enero","tasas_2026_88.xlsx"
"3880","Bonos Ministerio de Hacienda","POPULAR",0.000671,2026,"Enero","tasas_2026_88.xlsx"
"3881","Bonos Ministerio de Hacienda","RESERVAS",0.00066,2026,"Enero","tasas_2026_88.xlsx"
"3882","Bonos Ministerio de Hacienda","ROMANA",0.000822,2026,"Enero","tasas_2026_88.xlsx"
"3883","Bonos Ministerio de Hacienda","SIEMBRA",0.000717,2026,"Enero","tasas_2026_88.xlsx"
"3884","Bonos Ministerio de Hacienda","TOTAL_CCI",0.00067927586094105,2026,"Enero","tasas_2026_88.xlsx"
"3885","Bonos Ministerio de Hacienda","RESERVAS-R3",0.000656,2026,"Enero","tasas_2026_88.xlsx"
"3886","Bonos Ministerio de Hacienda","BANCO_CENTRAL-R3",0.000695,2026,"Enero","tasas_2026_88.xlsx"
"3887","Bonos Ministerio de Hacienda","FONDO_DE_SOLIDARIDAD_SOCIAL",0.000647,2026,"Enero","tasas_2026_88.xlsx"
"3888","Bonos Ministerio de Hacienda","TOTAL_SISTEMA",0.000676872832915778,2026,"Enero","tasas_2026_88.xlsx"
"3889","Bonos EIF 1","ATLÁNTICO",0.001115,2026,"Enero","tasas_2026_88.xlsx"
"3890","Bonos EIF 1","CRECER",0.001016,2026,"Enero","tasas_2026_88.xlsx"
"3891","Bonos EIF 1","JMMB_BDI",0.000998,2026,"Enero","tasas_2026_88.xlsx"
"3892","Bonos EIF 1","POPULAR",0.001016,2026,"Enero","tasas_2026_88.xlsx"
"3893","Bonos EIF 1","RESERVAS",0.001013,2026,"Enero","tasas_2026_88.xlsx"
"3894","Bonos EIF 1","ROMANA",0.001,2026,"Enero","tasas_2026_88.xlsx"
"3895","Bonos EIF 1","SIEMBRA",0.001014,2026,"Enero","tasas_2026_88.xlsx"
"3896","Bonos EIF 1","TOTAL_CCI",0.00101634866869276,2026,"Enero","tasas_2026_88.xlsx"
"3897","Bonos EIF 1","RESERVAS-R3",0.001046,2026,"Enero","tasas_2026_88.xlsx"
"3898","Bonos EIF 1","BANCO_CENTRAL-R3",0.000953,2026,"Enero","tasas_2026_88.xlsx"
"3899","Bonos EIF 1","FONDO_DE_SOLIDARIDAD_SOCIAL",0.001027,2026,"Enero","tasas_2026_88.xlsx"
"3900","Bonos EIF 1","TOTAL_SISTEMA",0.00101685877197768,2026,"Enero","tasas_2026_88.xlsx"
"3901","Bonos Empresas","ATLÁNTICO",0.001028,2026,"Enero","tasas_2026_88.xlsx"
"3902","Bonos Empresas","CRECER",0.001498,2026,"Enero","tasas_2026_88.xlsx"
"3903","Bonos Empresas","JMMB_BDI",0.001083,2026,"Enero","tasas_2026_88.xlsx"
"3904","Bonos Empresas","POPULAR",0.001072,2026,"Enero","tasas_2026_88.xlsx"
"3905","Bonos Empresas","RESERVAS",0.001446,2026,"Enero","tasas_2026_88.xlsx"
"3906","Bonos Empresas","ROMANA",0,2026,"Enero","tasas_2026_88.xlsx"
"3907","Bonos Empresas","SIEMBRA",0.000636,2026,"Enero","tasas_2026_88.xlsx"
"3908","Bonos Empresas","TOTAL_CCI",0.00111125211420955,2026,"Enero","tasas_2026_88.xlsx"
"3909","Bonos Empresas","RESERVAS-R3",0.000935,2026,"Enero","tasas_2026_88.xlsx"
"3910","Bonos Empresas","BANCO_CENTRAL-R3",0.000842,2026,"Enero","tasas_2026_88.xlsx"
"3911","Bonos Empresas","FONDO_DE_SOLIDARIDAD_SOCIAL",0.00078,2026,"Enero","tasas_2026_88.xlsx"
"3912","Bonos Empresas","TOTAL_SISTEMA",0.00108934167161449,2026,"Enero","tasas_2026_88.xlsx"
"3913","Bonos de Hacienda para financiar desarrollo de  proyectos de infraestructura","ATLÁNTICO",0,2026,"Enero","tasas_2026_88.xlsx"
"3914","Bonos de Hacienda para financiar desarrollo de  proyectos de infraestructura","CRECER",0.000857,2026,"Enero","tasas_2026_88.xlsx"
"3915","Bonos de Hacienda para financiar desarrollo de  proyectos de infraestructura","JMMB_BDI",0,2026,"Enero","tasas_2026_88.xlsx"
"3916","Bonos de Hacienda para financiar desarrollo de  proyectos de infraestructura","POPULAR",0.000873,2026,"Enero","tasas_2026_88.xlsx"
"3917","Bonos de Hacienda para financiar desarrollo de  proyectos de infraestructura","RESERVAS",0.001029,2026,"Enero","tasas_2026_88.xlsx"
"3918","Bonos de Hacienda para financiar desarrollo de  proyectos de infraestructura","ROMANA",0,2026,"Enero","tasas_2026_88.xlsx"
"3919","Bonos de Hacienda para financiar desarrollo de  proyectos de infraestructura","SIEMBRA",0,2026,"Enero","tasas_2026_88.xlsx"
"3920","Bonos de Hacienda para financiar desarrollo de  proyectos de infraestructura","TOTAL_CCI",0.000891457038025207,2026,"Enero","tasas_2026_88.xlsx"
"3921","Bonos de Hacienda para financiar desarrollo de  proyectos de infraestructura","RESERVAS-R3",0,2026,"Enero","tasas_2026_88.xlsx"
"3922","Bonos de Hacienda para financiar desarrollo de  proyectos de infraestructura","BANCO_CENTRAL-R3",0,2026,"Enero","tasas_2026_88.xlsx"
"3923","Bonos de Hacienda para financiar desarrollo de  proyectos de infraestructura","FONDO_DE_SOLIDARIDAD_SOCIAL",0,2026,"Enero","tasas_2026_88.xlsx"
"3924","Bonos de Hacienda para financiar desarrollo de  proyectos de infraestructura","TOTAL_SISTEMA",0.000891457038025207,2026,"Enero","tasas_2026_88.xlsx"
"3925","Certificados de Depósito EIF1","ATLÁNTICO",0.001503,2026,"Enero","tasas_2026_88.xlsx"
"3926","Certificados de Depósito EIF1","CRECER",0.000361,2026,"Enero","tasas_2026_88.xlsx"
"3927","Certificados de Depósito EIF1","JMMB_BDI",0.000717,2026,"Enero","tasas_2026_88.xlsx"
"3928","Certificados de Depósito EIF1","POPULAR",0.000532,2026,"Enero","tasas_2026_88.xlsx"
"3929","Certificados de Depósito EIF1","RESERVAS",0.000359,2026,"Enero","tasas_2026_88.xlsx"
"3930","Certificados de Depósito EIF1","ROMANA",0.000972,2026,"Enero","tasas_2026_88.xlsx"
"3931","Certificados de Depósito EIF1","SIEMBRA",0.000464,2026,"Enero","tasas_2026_88.xlsx"
"3932","Certificados de Depósito EIF1","TOTAL_CCI",0.000481098985000505,2026,"Enero","tasas_2026_88.xlsx"
"3933","Certificados de Depósito EIF1","RESERVAS-R3",0.000344,2026,"Enero","tasas_2026_88.xlsx"
"3934","Certificados de Depósito EIF1","BANCO_CENTRAL-R3",0.00087,2026,"Enero","tasas_2026_88.xlsx"
"3935","Certificados de Depósito EIF1","FONDO_DE_SOLIDARIDAD_SOCIAL",0.000392,2026,"Enero","tasas_2026_88.xlsx"
"3936","Certificados de Depósito EIF1","TOTAL_SISTEMA",0.000503665375211985,2026,"Enero","tasas_2026_88.xlsx"
"3937","Certificados Inversión Especial BCRD2","ATLÁNTICO",0,2026,"Enero","tasas_2026_88.xlsx"
"3938","Certificados Inversión Especial BCRD2","CRECER",0,2026,"Enero","tasas_2026_88.xlsx"
"3939","Certificados Inversión Especial BCRD2","JMMB_BDI",0,2026,"Enero","tasas_2026_88.xlsx"
"3940","Certificados Inversión Especial BCRD2","POPULAR",0,2026,"Enero","tasas_2026_88.xlsx"
"3941","Certificados Inversión Especial BCRD2","RESERVAS",0,2026,"Enero","tasas_2026_88.xlsx"
"3942","Certificados Inversión Especial BCRD2","ROMANA",0,2026,"Enero","tasas_2026_88.xlsx"
"3943","Certificados Inversión Especial BCRD2","SIEMBRA",0,2026,"Enero","tasas_2026_88.xlsx"
"3944","Certificados Inversión Especial BCRD2","TOTAL_CCI",0,2026,"Enero","tasas_2026_88.xlsx"
"3945","Certificados Inversión Especial BCRD2","RESERVAS-R3",0,2026,"Enero","tasas_2026_88.xlsx"
"3946","Certificados Inversión Especial BCRD2","BANCO_CENTRAL-R3",0.001494,2026,"Enero","tasas_2026_88.xlsx"
"3947","Certificados Inversión Especial BCRD2","FONDO_DE_SOLIDARIDAD_SOCIAL",0,2026,"Enero","tasas_2026_88.xlsx"
"3948","Certificados Inversión Especial BCRD2","TOTAL_SISTEMA",0.001494,2026,"Enero","tasas_2026_88.xlsx"
"3949","Cuotas de Participación de Fondos de Inversión4","ATLÁNTICO",0.000736,2026,"Enero","tasas_2026_88.xlsx"
"3950","Cuotas de Participación de Fondos de Inversión4","CRECER",0.000922,2026,"Enero","tasas_2026_88.xlsx"
"3951","Cuotas de Participación de Fondos de Inversión4","JMMB_BDI",0.000439,2026,"Enero","tasas_2026_88.xlsx"
"3952","Cuotas de Participación de Fondos de Inversión4","POPULAR",0.000768,2026,"Enero","tasas_2026_88.xlsx"
"3953","Cuotas de Participación de Fondos de Inversión4","RESERVAS",0.001008,2026,"Enero","tasas_2026_88.xlsx"
"3954","Cuotas de Participación de Fondos de Inversión4","ROMANA",0,2026,"Enero","tasas_2026_88.xlsx"
"3955","Cuotas de Participación de Fondos de Inversión4","SIEMBRA",0.000857,2026,"Enero","tasas_2026_88.xlsx"
"3956","Cuotas de Participación de Fondos de Inversión4","TOTAL_CCI",0.000868904061918798,2026,"Enero","tasas_2026_88.xlsx"
"3957","Cuotas de Participación de Fondos de Inversión4","RESERVAS-R3",0.000736,2026,"Enero","tasas_2026_88.xlsx"
"3958","Cuotas de Participación de Fondos de Inversión4","BANCO_CENTRAL-R3",0,2026,"Enero","tasas_2026_88.xlsx"
"3959","Cuotas de Participación de Fondos de Inversión4","FONDO_DE_SOLIDARIDAD_SOCIAL",0.000743,2026,"Enero","tasas_2026_88.xlsx"
"3960","Cuotas de Participación de Fondos de Inversión4","TOTAL_SISTEMA",0.000853091602769592,2026,"Enero","tasas_2026_88.xlsx"
"3961","Cuotas de Participación de Fondos de Mutuos","ATLÁNTICO",0,2026,"Enero","tasas_2026_88.xlsx"
"3962","Cuotas de Participación de Fondos de Mutuos","CRECER",0.000833,2026,"Enero","tasas_2026_88.xlsx"
"3963","Cuotas de Participación de Fondos de Mutuos","JMMB_BDI",0,2026,"Enero","tasas_2026_88.xlsx"
"3964","Cuotas de Participación de Fondos de Mutuos","POPULAR",0,2026,"Enero","tasas_2026_88.xlsx"
"3965","Cuotas de Participación de Fondos de Mutuos","RESERVAS",0,2026,"Enero","tasas_2026_88.xlsx"
"3966","Cuotas de Participación de Fondos de Mutuos","ROMANA",0,2026,"Enero","tasas_2026_88.xlsx"
"3967","Cuotas de Participación de Fondos de Mutuos","SIEMBRA",0,2026,"Enero","tasas_2026_88.xlsx"
"3968","Cuotas de Participación de Fondos de Mutuos","TOTAL_CCI",0.000833,2026,"Enero","tasas_2026_88.xlsx"
"3969","Cuotas de Participación de Fondos de Mutuos","RESERVAS-R3",0,2026,"Enero","tasas_2026_88.xlsx"
"3970","Cuotas de Participación de Fondos de Mutuos","BANCO_CENTRAL-R3",0,2026,"Enero","tasas_2026_88.xlsx"
"3971","Cuotas de Participación de Fondos de Mutuos","FONDO_DE_SOLIDARIDAD_SOCIAL",0,2026,"Enero","tasas_2026_88.xlsx"
"3972","Cuotas de Participación de Fondos de Mutuos","TOTAL_SISTEMA",0.000833,2026,"Enero","tasas_2026_88.xlsx"
"3973","Letras BCRD2","ATLÁNTICO",0,2026,"Enero","tasas_2026_88.xlsx"
"3974","Letras BCRD2","CRECER",0,2026,"Enero","tasas_2026_88.xlsx"
"3975","Letras BCRD2","JMMB_BDI",0,2026,"Enero","tasas_2026_88.xlsx"
"3976","Letras BCRD2","POPULAR",0,2026,"Enero","tasas_2026_88.xlsx"
"3977","Letras BCRD2","RESERVAS",0,2026,"Enero","tasas_2026_88.xlsx"
"3978","Letras BCRD2","ROMANA",0,2026,"Enero","tasas_2026_88.xlsx"
"3979","Letras BCRD2","SIEMBRA",0,2026,"Enero","tasas_2026_88.xlsx"
"3980","Letras BCRD2","TOTAL_CCI",0,2026,"Enero","tasas_2026_88.xlsx"
"3981","Letras BCRD2","RESERVAS-R3",0,2026,"Enero","tasas_2026_88.xlsx"
"3982","Letras BCRD2","BANCO_CENTRAL-R3",0,2026,"Enero","tasas_2026_88.xlsx"
"3983","Letras BCRD2","FONDO_DE_SOLIDARIDAD_SOCIAL",0,2026,"Enero","tasas_2026_88.xlsx"
"3984","Letras BCRD2","TOTAL_SISTEMA",0,2026,"Enero","tasas_2026_88.xlsx"
"3985","Notas BCRD2","ATLÁNTICO",0.000904,2026,"Enero","tasas_2026_88.xlsx"
"3986","Notas BCRD2","CRECER",0,2026,"Enero","tasas_2026_88.xlsx"
"3987","Notas BCRD2","JMMB_BDI",0.000904,2026,"Enero","tasas_2026_88.xlsx"
"3988","Notas BCRD2","POPULAR",0.00111,2026,"Enero","tasas_2026_88.xlsx"
"3989","Notas BCRD2","RESERVAS",0.000851,2026,"Enero","tasas_2026_88.xlsx"
"3990","Notas BCRD2","ROMANA",0.000693,2026,"Enero","tasas_2026_88.xlsx"
"3991","Notas BCRD2","SIEMBRA",0.001014,2026,"Enero","tasas_2026_88.xlsx"
"3992","Notas BCRD2","TOTAL_CCI",0.00103609433506811,2026,"Enero","tasas_2026_88.xlsx"
"3993","Notas BCRD2","RESERVAS-R3",0.001235,2026,"Enero","tasas_2026_88.xlsx"
"3994","Notas BCRD2","BANCO_CENTRAL-R3",0.000944,2026,"Enero","tasas_2026_88.xlsx"
"3995","Notas BCRD2","FONDO_DE_SOLIDARIDAD_SOCIAL",0,2026,"Enero","tasas_2026_88.xlsx"
"3996","Notas BCRD2","TOTAL_SISTEMA",0.00103217503531359,2026,"Enero","tasas_2026_88.xlsx"
"3997","Valores representativos de capital emitidos por Fideicomisos de oferta pública5","ATLÁNTICO",-0.000348,2026,"Enero","tasas_2026_88.xlsx"
"3998","Valores representativos de capital emitidos por Fideicomisos de oferta pública5","CRECER",-0.000348,2026,"Enero","tasas_2026_88.xlsx"
"3999","Valores representativos de capital emitidos por Fideicomisos de oferta pública5","JMMB_BDI",-0.000348,2026,"Enero","tasas_2026_88.xlsx"
"4000","Valores representativos de capital emitidos por Fideicomisos de oferta pública5","POPULAR",-0.000348,2026,"Enero","tasas_2026_88.xlsx"
"4001","Valores representativos de capital emitidos por Fideicomisos de oferta pública5","RESERVAS",-0.000348,2026,"Enero","tasas_2026_88.xlsx"
"4002","Valores representativos de capital emitidos por Fideicomisos de oferta pública5","ROMANA",0,2026,"Enero","tasas_2026_88.xlsx"
"4003","Valores representativos de capital emitidos por Fideicomisos de oferta pública5","SIEMBRA",-0.000348,2026,"Enero","tasas_2026_88.xlsx"
"4004","Valores representativos de capital emitidos por Fideicomisos de oferta pública5","TOTAL_CCI",-0.000348,2026,"Enero","tasas_2026_88.xlsx"
"4005","Valores representativos de capital emitidos por Fideicomisos de oferta pública5","RESERVAS-R3",0,2026,"Enero","tasas_2026_88.xlsx"
"4006","Valores representativos de capital emitidos por Fideicomisos de oferta pública5","BANCO_CENTRAL-R3",0,2026,"Enero","tasas_2026_88.xlsx"
"4007","Valores representativos de capital emitidos por Fideicomisos de oferta pública5","FONDO_DE_SOLIDARIDAD_SOCIAL",0,2026,"Enero","tasas_2026_88.xlsx"
"4008","Valores representativos de capital emitidos por Fideicomisos de oferta pública5","TOTAL_SISTEMA",-0.000348,2026,"Enero","tasas_2026_88.xlsx"
"4009","Valores representativos de deuda emitidos por Fideicomisos de oferta pública","ATLÁNTICO",0.001179,2026,"Enero","tasas_2026_88.xlsx"
"4010","Valores representativos de deuda emitidos por Fideicomisos de oferta pública","CRECER",0.000972,2026,"Enero","tasas_2026_88.xlsx"
"4011","Valores representativos de deuda emitidos por Fideicomisos de oferta pública","JMMB_BDI",0.000925,2026,"Enero","tasas_2026_88.xlsx"
"4012","Valores representativos de deuda emitidos por Fideicomisos de oferta pública","POPULAR",0.001107,2026,"Enero","tasas_2026_88.xlsx"
"4013","Valores representativos de deuda emitidos por Fideicomisos de oferta pública","RESERVAS",0.001115,2026,"Enero","tasas_2026_88.xlsx"
"4014","Valores representativos de deuda emitidos por Fideicomisos de oferta pública","ROMANA",0,2026,"Enero","tasas_2026_88.xlsx"
"4015","Valores representativos de deuda emitidos por Fideicomisos de oferta pública","SIEMBRA",0.00115,2026,"Enero","tasas_2026_88.xlsx"
"4016","Valores representativos de deuda emitidos por Fideicomisos de oferta pública","TOTAL_CCI",0.00104753508072246,2026,"Enero","tasas_2026_88.xlsx"
"4017","Valores representativos de deuda emitidos por Fideicomisos de oferta pública","RESERVAS-R3",0.000901,2026,"Enero","tasas_2026_88.xlsx"
"4018","Valores representativos de deuda emitidos por Fideicomisos de oferta pública","BANCO_CENTRAL-R3",0,2026,"Enero","tasas_2026_88.xlsx"
"4019","Valores representativos de deuda emitidos por Fideicomisos de oferta pública","FONDO_DE_SOLIDARIDAD_SOCIAL",0.001144,2026,"Enero","tasas_2026_88.xlsx"
"4020","Valores representativos de deuda emitidos por Fideicomisos de oferta pública","TOTAL_SISTEMA",0.00105310698300347,2026,"Enero","tasas_2026_88.xlsx"
"4021","Acciones de oferta pública 6","ATLÁNTICO",0.000593,2026,"Febrero","tasas_2026_88.xlsx"
"4022","Acciones de oferta pública 6","CRECER",0.000573,2026,"Febrero","tasas_2026_88.xlsx"
"4023","Acciones de oferta pública 6","JMMB_BDI",0.000593,2026,"Febrero","tasas_2026_88.xlsx"
"4024","Acciones de oferta pública 6","POPULAR",0,2026,"Febrero","tasas_2026_88.xlsx"
"4025","Acciones de oferta pública 6","RESERVAS",0.000593,2026,"Febrero","tasas_2026_88.xlsx"
"4026","Acciones de oferta pública 6","ROMANA",0,2026,"Febrero","tasas_2026_88.xlsx"
"4027","Acciones de oferta pública 6","SIEMBRA",0.000593,2026,"Febrero","tasas_2026_88.xlsx"
"4028","Acciones de oferta pública 6","TOTAL_CCI",0.000586252735921091,2026,"Febrero","tasas_2026_88.xlsx"
"4029","Acciones de oferta pública 6","RESERVAS-R3",0,2026,"Febrero","tasas_2026_88.xlsx"
"4030","Acciones de oferta pública 6","BANCO_CENTRAL-R3",0.000593,2026,"Febrero","tasas_2026_88.xlsx"
"4031","Acciones de oferta pública 6","FONDO_DE_SOLIDARIDAD_SOCIAL",0,2026,"Febrero","tasas_2026_88.xlsx"
"4032","Acciones de oferta pública 6","TOTAL_SISTEMA",0.000586252784894038,2026,"Febrero","tasas_2026_88.xlsx"
"4033","Bonos Ministerio de Hacienda","ATLÁNTICO",0.000588,2026,"Febrero","tasas_2026_88.xlsx"
"4034","Bonos Ministerio de Hacienda","CRECER",0.000677,2026,"Febrero","tasas_2026_88.xlsx"
"4035","Bonos Ministerio de Hacienda","JMMB_BDI",0.000551,2026,"Febrero","tasas_2026_88.xlsx"
"4036","Bonos Ministerio de Hacienda","POPULAR",0.000671,2026,"Febrero","tasas_2026_88.xlsx"
"4037","Bonos Ministerio de Hacienda","RESERVAS",0.000654,2026,"Febrero","tasas_2026_88.xlsx"
"4038","Bonos Ministerio de Hacienda","ROMANA",0.000811,2026,"Febrero","tasas_2026_88.xlsx"
"4039","Bonos Ministerio de Hacienda","SIEMBRA",0.000714,2026,"Febrero","tasas_2026_88.xlsx"
"4040","Bonos Ministerio de Hacienda","TOTAL_CCI",0.000677553702429288,2026,"Febrero","tasas_2026_88.xlsx"
"4041","Bonos Ministerio de Hacienda","RESERVAS-R3",0.000654,2026,"Febrero","tasas_2026_88.xlsx"
"4042","Bonos Ministerio de Hacienda","BANCO_CENTRAL-R3",0.000691,2026,"Febrero","tasas_2026_88.xlsx"
"4043","Bonos Ministerio de Hacienda","FONDO_DE_SOLIDARIDAD_SOCIAL",0.000643,2026,"Febrero","tasas_2026_88.xlsx"
"4044","Bonos Ministerio de Hacienda","TOTAL_SISTEMA",0.000674948308082725,2026,"Febrero","tasas_2026_88.xlsx"
"4045","Bonos EIF 1","ATLÁNTICO",0.001115,2026,"Febrero","tasas_2026_88.xlsx"
"4046","Bonos EIF 1","CRECER",0.001016,2026,"Febrero","tasas_2026_88.xlsx"
"4047","Bonos EIF 1","JMMB_BDI",0.000998,2026,"Febrero","tasas_2026_88.xlsx"
"4048","Bonos EIF 1","POPULAR",0.001016,2026,"Febrero","tasas_2026_88.xlsx"
"4049","Bonos EIF 1","RESERVAS",0.001013,2026,"Febrero","tasas_2026_88.xlsx"
"4050","Bonos EIF 1","ROMANA",0.001,2026,"Febrero","tasas_2026_88.xlsx"
"4051","Bonos EIF 1","SIEMBRA",0.001013,2026,"Febrero","tasas_2026_88.xlsx"
"4052","Bonos EIF 1","TOTAL_CCI",0.00101609147733672,2026,"Febrero","tasas_2026_88.xlsx"
"4053","Bonos EIF 1","RESERVAS-R3",0.001046,2026,"Febrero","tasas_2026_88.xlsx"
"4054","Bonos EIF 1","BANCO_CENTRAL-R3",0.000953,2026,"Febrero","tasas_2026_88.xlsx"
"4055","Bonos EIF 1","FONDO_DE_SOLIDARIDAD_SOCIAL",0.001026,2026,"Febrero","tasas_2026_88.xlsx"
"4056","Bonos EIF 1","TOTAL_SISTEMA",0.00101656278251957,2026,"Febrero","tasas_2026_88.xlsx"
"4057","Bonos Empresas","ATLÁNTICO",0.001027,2026,"Febrero","tasas_2026_88.xlsx"
"4058","Bonos Empresas","CRECER",0.001497,2026,"Febrero","tasas_2026_88.xlsx"
"4059","Bonos Empresas","JMMB_BDI",0.001083,2026,"Febrero","tasas_2026_88.xlsx"
"4060","Bonos Empresas","POPULAR",0.001074,2026,"Febrero","tasas_2026_88.xlsx"
"4061","Bonos Empresas","RESERVAS",0.001446,2026,"Febrero","tasas_2026_88.xlsx"
"4062","Bonos Empresas","ROMANA",0,2026,"Febrero","tasas_2026_88.xlsx"
"4063","Bonos Empresas","SIEMBRA",0.000636,2026,"Febrero","tasas_2026_88.xlsx"
"4064","Bonos Empresas","TOTAL_CCI",0.00111277080182282,2026,"Febrero","tasas_2026_88.xlsx"
"4065","Bonos Empresas","RESERVAS-R3",0.000935,2026,"Febrero","tasas_2026_88.xlsx"
"4066","Bonos Empresas","BANCO_CENTRAL-R3",0.000845,2026,"Febrero","tasas_2026_88.xlsx"
"4067","Bonos Empresas","FONDO_DE_SOLIDARIDAD_SOCIAL",0.000781,2026,"Febrero","tasas_2026_88.xlsx"
"4068","Bonos Empresas","TOTAL_SISTEMA",0.0010908759168962,2026,"Febrero","tasas_2026_88.xlsx"
"4069","Bonos de Hacienda para financiar desarrollo de  proyectos de infraestructura","ATLÁNTICO",0,2026,"Febrero","tasas_2026_88.xlsx"
"4070","Bonos de Hacienda para financiar desarrollo de  proyectos de infraestructura","CRECER",0.000857,2026,"Febrero","tasas_2026_88.xlsx"
"4071","Bonos de Hacienda para financiar desarrollo de  proyectos de infraestructura","JMMB_BDI",0,2026,"Febrero","tasas_2026_88.xlsx"
"4072","Bonos de Hacienda para financiar desarrollo de  proyectos de infraestructura","POPULAR",0.000873,2026,"Febrero","tasas_2026_88.xlsx"
"4073","Bonos de Hacienda para financiar desarrollo de  proyectos de infraestructura","RESERVAS",0.000867,2026,"Febrero","tasas_2026_88.xlsx"
"4074","Bonos de Hacienda para financiar desarrollo de  proyectos de infraestructura","ROMANA",0,2026,"Febrero","tasas_2026_88.xlsx"
"4075","Bonos de Hacienda para financiar desarrollo de  proyectos de infraestructura","SIEMBRA",0,2026,"Febrero","tasas_2026_88.xlsx"
"4076","Bonos de Hacienda para financiar desarrollo de  proyectos de infraestructura","TOTAL_CCI",0.000858776424455416,2026,"Febrero","tasas_2026_88.xlsx"
"4077","Bonos de Hacienda para financiar desarrollo de  proyectos de infraestructura","RESERVAS-R3",0,2026,"Febrero","tasas_2026_88.xlsx"
"4078","Bonos de Hacienda para financiar desarrollo de  proyectos de infraestructura","BANCO_CENTRAL-R3",0,2026,"Febrero","tasas_2026_88.xlsx"
"4079","Bonos de Hacienda para financiar desarrollo de  proyectos de infraestructura","FONDO_DE_SOLIDARIDAD_SOCIAL",0,2026,"Febrero","tasas_2026_88.xlsx"
"4080","Bonos de Hacienda para financiar desarrollo de  proyectos de infraestructura","TOTAL_SISTEMA",0.000858776424455416,2026,"Febrero","tasas_2026_88.xlsx"
"4081","Certificados de Depósito EIF1","ATLÁNTICO",0.001004,2026,"Febrero","tasas_2026_88.xlsx"
"4082","Certificados de Depósito EIF1","CRECER",0.000575,2026,"Febrero","tasas_2026_88.xlsx"
"4083","Certificados de Depósito EIF1","JMMB_BDI",0.00082,2026,"Febrero","tasas_2026_88.xlsx"
"4084","Certificados de Depósito EIF1","POPULAR",0.000612,2026,"Febrero","tasas_2026_88.xlsx"
"4085","Certificados de Depósito EIF1","RESERVAS",0.000497,2026,"Febrero","tasas_2026_88.xlsx"
"4086","Certificados de Depósito EIF1","ROMANA",0.000955,2026,"Febrero","tasas_2026_88.xlsx"
"4087","Certificados de Depósito EIF1","SIEMBRA",0.000642,2026,"Febrero","tasas_2026_88.xlsx"
"4088","Certificados de Depósito EIF1","TOTAL_CCI",0.000614749658466805,2026,"Febrero","tasas_2026_88.xlsx"
"4089","Certificados de Depósito EIF1","RESERVAS-R3",0.000336,2026,"Febrero","tasas_2026_88.xlsx"
"4090","Certificados de Depósito EIF1","BANCO_CENTRAL-R3",0.000826,2026,"Febrero","tasas_2026_88.xlsx"
"4091","Certificados de Depósito EIF1","FONDO_DE_SOLIDARIDAD_SOCIAL",0.000386,2026,"Febrero","tasas_2026_88.xlsx"
"4092","Certificados de Depósito EIF1","TOTAL_SISTEMA",0.000607577918190277,2026,"Febrero","tasas_2026_88.xlsx"
"4093","Certificados Inversión Especial BCRD2","ATLÁNTICO",0,2026,"Febrero","tasas_2026_88.xlsx"
"4094","Certificados Inversión Especial BCRD2","CRECER",0,2026,"Febrero","tasas_2026_88.xlsx"
"4095","Certificados Inversión Especial BCRD2","JMMB_BDI",0,2026,"Febrero","tasas_2026_88.xlsx"
"4096","Certificados Inversión Especial BCRD2","POPULAR",0,2026,"Febrero","tasas_2026_88.xlsx"
"4097","Certificados Inversión Especial BCRD2","RESERVAS",0,2026,"Febrero","tasas_2026_88.xlsx"
"4098","Certificados Inversión Especial BCRD2","ROMANA",0,2026,"Febrero","tasas_2026_88.xlsx"
"4099","Certificados Inversión Especial BCRD2","SIEMBRA",0,2026,"Febrero","tasas_2026_88.xlsx"
"4100","Certificados Inversión Especial BCRD2","TOTAL_CCI",0,2026,"Febrero","tasas_2026_88.xlsx"
"4101","Certificados Inversión Especial BCRD2","RESERVAS-R3",0,2026,"Febrero","tasas_2026_88.xlsx"
"4102","Certificados Inversión Especial BCRD2","BANCO_CENTRAL-R3",0.001494,2026,"Febrero","tasas_2026_88.xlsx"
"4103","Certificados Inversión Especial BCRD2","FONDO_DE_SOLIDARIDAD_SOCIAL",0,2026,"Febrero","tasas_2026_88.xlsx"
"4104","Certificados Inversión Especial BCRD2","TOTAL_SISTEMA",0.001494,2026,"Febrero","tasas_2026_88.xlsx"
"4105","Cuotas de Participación de Fondos de Inversión4","ATLÁNTICO",0.000705,2026,"Febrero","tasas_2026_88.xlsx"
"4106","Cuotas de Participación de Fondos de Inversión4","CRECER",0.000755,2026,"Febrero","tasas_2026_88.xlsx"
"4107","Cuotas de Participación de Fondos de Inversión4","JMMB_BDI",0.000289,2026,"Febrero","tasas_2026_88.xlsx"
"4108","Cuotas de Participación de Fondos de Inversión4","POPULAR",0.000718,2026,"Febrero","tasas_2026_88.xlsx"
"4109","Cuotas de Participación de Fondos de Inversión4","RESERVAS",0.000981,2026,"Febrero","tasas_2026_88.xlsx"
"4110","Cuotas de Participación de Fondos de Inversión4","ROMANA",0,2026,"Febrero","tasas_2026_88.xlsx"
"4111","Cuotas de Participación de Fondos de Inversión4","SIEMBRA",0.00086,2026,"Febrero","tasas_2026_88.xlsx"
"4112","Cuotas de Participación de Fondos de Inversión4","TOTAL_CCI",0.000804906887361625,2026,"Febrero","tasas_2026_88.xlsx"
"4113","Cuotas de Participación de Fondos de Inversión4","RESERVAS-R3",0.000717,2026,"Febrero","tasas_2026_88.xlsx"
"4114","Cuotas de Participación de Fondos de Inversión4","BANCO_CENTRAL-R3",0,2026,"Febrero","tasas_2026_88.xlsx"
"4115","Cuotas de Participación de Fondos de Inversión4","FONDO_DE_SOLIDARIDAD_SOCIAL",0.000724,2026,"Febrero","tasas_2026_88.xlsx"
"4116","Cuotas de Participación de Fondos de Inversión4","TOTAL_SISTEMA",0.000794967431400241,2026,"Febrero","tasas_2026_88.xlsx"
"4117","Cuotas de Participación de Fondos de Mutuos","ATLÁNTICO",0,2026,"Febrero","tasas_2026_88.xlsx"
"4118","Cuotas de Participación de Fondos de Mutuos","CRECER",0.000807,2026,"Febrero","tasas_2026_88.xlsx"
"4119","Cuotas de Participación de Fondos de Mutuos","JMMB_BDI",0,2026,"Febrero","tasas_2026_88.xlsx"
"4120","Cuotas de Participación de Fondos de Mutuos","POPULAR",0,2026,"Febrero","tasas_2026_88.xlsx"
"4121","Cuotas de Participación de Fondos de Mutuos","RESERVAS",0,2026,"Febrero","tasas_2026_88.xlsx"
"4122","Cuotas de Participación de Fondos de Mutuos","ROMANA",0,2026,"Febrero","tasas_2026_88.xlsx"
"4123","Cuotas de Participación de Fondos de Mutuos","SIEMBRA",0,2026,"Febrero","tasas_2026_88.xlsx"
"4124","Cuotas de Participación de Fondos de Mutuos","TOTAL_CCI",0.000807,2026,"Febrero","tasas_2026_88.xlsx"
"4125","Cuotas de Participación de Fondos de Mutuos","RESERVAS-R3",0,2026,"Febrero","tasas_2026_88.xlsx"
"4126","Cuotas de Participación de Fondos de Mutuos","BANCO_CENTRAL-R3",0,2026,"Febrero","tasas_2026_88.xlsx"
"4127","Cuotas de Participación de Fondos de Mutuos","FONDO_DE_SOLIDARIDAD_SOCIAL",0,2026,"Febrero","tasas_2026_88.xlsx"
"4128","Cuotas de Participación de Fondos de Mutuos","TOTAL_SISTEMA",0.000807,2026,"Febrero","tasas_2026_88.xlsx"
"4129","Letras BCRD2","ATLÁNTICO",0,2026,"Febrero","tasas_2026_88.xlsx"
"4130","Letras BCRD2","CRECER",0,2026,"Febrero","tasas_2026_88.xlsx"
"4131","Letras BCRD2","JMMB_BDI",0,2026,"Febrero","tasas_2026_88.xlsx"
"4132","Letras BCRD2","POPULAR",0,2026,"Febrero","tasas_2026_88.xlsx"
"4133","Letras BCRD2","RESERVAS",0,2026,"Febrero","tasas_2026_88.xlsx"
"4134","Letras BCRD2","ROMANA",0,2026,"Febrero","tasas_2026_88.xlsx"
"4135","Letras BCRD2","SIEMBRA",0,2026,"Febrero","tasas_2026_88.xlsx"
"4136","Letras BCRD2","TOTAL_CCI",0,2026,"Febrero","tasas_2026_88.xlsx"
"4137","Letras BCRD2","RESERVAS-R3",0,2026,"Febrero","tasas_2026_88.xlsx"
"4138","Letras BCRD2","BANCO_CENTRAL-R3",0,2026,"Febrero","tasas_2026_88.xlsx"
"4139","Letras BCRD2","FONDO_DE_SOLIDARIDAD_SOCIAL",0,2026,"Febrero","tasas_2026_88.xlsx"
"4140","Letras BCRD2","TOTAL_SISTEMA",0,2026,"Febrero","tasas_2026_88.xlsx"
"4141","Notas BCRD2","ATLÁNTICO",0.000879,2026,"Febrero","tasas_2026_88.xlsx"
"4142","Notas BCRD2","CRECER",0,2026,"Febrero","tasas_2026_88.xlsx"
"4143","Notas BCRD2","JMMB_BDI",0.000838,2026,"Febrero","tasas_2026_88.xlsx"
"4144","Notas BCRD2","POPULAR",0.001098,2026,"Febrero","tasas_2026_88.xlsx"
"4145","Notas BCRD2","RESERVAS",0.000876,2026,"Febrero","tasas_2026_88.xlsx"
"4146","Notas BCRD2","ROMANA",0.000693,2026,"Febrero","tasas_2026_88.xlsx"
"4147","Notas BCRD2","SIEMBRA",0.000956,2026,"Febrero","tasas_2026_88.xlsx"
"4148","Notas BCRD2","TOTAL_CCI",0.00100818740640699,2026,"Febrero","tasas_2026_88.xlsx"
"4149","Notas BCRD2","RESERVAS-R3",0.00122,2026,"Febrero","tasas_2026_88.xlsx"
"4150","Notas BCRD2","BANCO_CENTRAL-R3",0.000914,2026,"Febrero","tasas_2026_88.xlsx"
"4151","Notas BCRD2","FONDO_DE_SOLIDARIDAD_SOCIAL",0,2026,"Febrero","tasas_2026_88.xlsx"
"4152","Notas BCRD2","TOTAL_SISTEMA",0.00100413857122306,2026,"Febrero","tasas_2026_88.xlsx"
"4153","Valores representativos de capital emitidos por Fideicomisos de oferta pública5","ATLÁNTICO",7.8e-05,2026,"Febrero","tasas_2026_88.xlsx"
"4154","Valores representativos de capital emitidos por Fideicomisos de oferta pública5","CRECER",7.8e-05,2026,"Febrero","tasas_2026_88.xlsx"
"4155","Valores representativos de capital emitidos por Fideicomisos de oferta pública5","JMMB_BDI",7.8e-05,2026,"Febrero","tasas_2026_88.xlsx"
"4156","Valores representativos de capital emitidos por Fideicomisos de oferta pública5","POPULAR",7.8e-05,2026,"Febrero","tasas_2026_88.xlsx"
"4157","Valores representativos de capital emitidos por Fideicomisos de oferta pública5","RESERVAS",7.8e-05,2026,"Febrero","tasas_2026_88.xlsx"
"4158","Valores representativos de capital emitidos por Fideicomisos de oferta pública5","ROMANA",0,2026,"Febrero","tasas_2026_88.xlsx"
"4159","Valores representativos de capital emitidos por Fideicomisos de oferta pública5","SIEMBRA",7.8e-05,2026,"Febrero","tasas_2026_88.xlsx"
"4160","Valores representativos de capital emitidos por Fideicomisos de oferta pública5","TOTAL_CCI",7.8e-05,2026,"Febrero","tasas_2026_88.xlsx"
"4161","Valores representativos de capital emitidos por Fideicomisos de oferta pública5","RESERVAS-R3",0,2026,"Febrero","tasas_2026_88.xlsx"
"4162","Valores representativos de capital emitidos por Fideicomisos de oferta pública5","BANCO_CENTRAL-R3",0,2026,"Febrero","tasas_2026_88.xlsx"
"4163","Valores representativos de capital emitidos por Fideicomisos de oferta pública5","FONDO_DE_SOLIDARIDAD_SOCIAL",0,2026,"Febrero","tasas_2026_88.xlsx"
"4164","Valores representativos de capital emitidos por Fideicomisos de oferta pública5","TOTAL_SISTEMA",7.8e-05,2026,"Febrero","tasas_2026_88.xlsx"
"4165","Valores representativos de deuda emitidos por Fideicomisos de oferta pública","ATLÁNTICO",0.001179,2026,"Febrero","tasas_2026_88.xlsx"
"4166","Valores representativos de deuda emitidos por Fideicomisos de oferta pública","CRECER",0.000972,2026,"Febrero","tasas_2026_88.xlsx"
"4167","Valores representativos de deuda emitidos por Fideicomisos de oferta pública","JMMB_BDI",0.000925,2026,"Febrero","tasas_2026_88.xlsx"
"4168","Valores representativos de deuda emitidos por Fideicomisos de oferta pública","POPULAR",0.001107,2026,"Febrero","tasas_2026_88.xlsx"
"4169","Valores representativos de deuda emitidos por Fideicomisos de oferta pública","RESERVAS",0.001116,2026,"Febrero","tasas_2026_88.xlsx"
"4170","Valores representativos de deuda emitidos por Fideicomisos de oferta pública","ROMANA",0,2026,"Febrero","tasas_2026_88.xlsx"
"4171","Valores representativos de deuda emitidos por Fideicomisos de oferta pública","SIEMBRA",0.00115,2026,"Febrero","tasas_2026_88.xlsx"
"4172","Valores representativos de deuda emitidos por Fideicomisos de oferta pública","TOTAL_CCI",0.00104769144275844,2026,"Febrero","tasas_2026_88.xlsx"
"4173","Valores representativos de deuda emitidos por Fideicomisos de oferta pública","RESERVAS-R3",0.000906,2026,"Febrero","tasas_2026_88.xlsx"
"4174","Valores representativos de deuda emitidos por Fideicomisos de oferta pública","BANCO_CENTRAL-R3",0,2026,"Febrero","tasas_2026_88.xlsx"
"4175","Valores representativos de deuda emitidos por Fideicomisos de oferta pública","FONDO_DE_SOLIDARIDAD_SOCIAL",0.001144,2026,"Febrero","tasas_2026_88.xlsx"
"4176","Valores representativos de deuda emitidos por Fideicomisos de oferta pública","TOTAL_SISTEMA",0.0010531614714284,2026,"Febrero","tasas_2026_88.xlsx"
"4177","Acciones de oferta pública 6","ATLÁNTICO",0.000593,2026,"Marzo","tasas_2026_88.xlsx"
"4178","Acciones de oferta pública 6","CRECER",0.000573,2026,"Marzo","tasas_2026_88.xlsx"
"4179","Acciones de oferta pública 6","JMMB_BDI",0.000593,2026,"Marzo","tasas_2026_88.xlsx"
"4180","Acciones de oferta pública 6","POPULAR",0,2026,"Marzo","tasas_2026_88.xlsx"
"4181","Acciones de oferta pública 6","RESERVAS",0.000593,2026,"Marzo","tasas_2026_88.xlsx"
"4182","Acciones de oferta pública 6","ROMANA",0,2026,"Marzo","tasas_2026_88.xlsx"
"4183","Acciones de oferta pública 6","SIEMBRA",0.000593,2026,"Marzo","tasas_2026_88.xlsx"
"4184","Acciones de oferta pública 6","TOTAL_CCI",0.000586252735921091,2026,"Marzo","tasas_2026_88.xlsx"
"4185","Acciones de oferta pública 6","RESERVAS-R3",0,2026,"Marzo","tasas_2026_88.xlsx"
"4186","Acciones de oferta pública 6","BANCO_CENTRAL-R3",0.000593,2026,"Marzo","tasas_2026_88.xlsx"
"4187","Acciones de oferta pública 6","FONDO_DE_SOLIDARIDAD_SOCIAL",0,2026,"Marzo","tasas_2026_88.xlsx"
"4188","Acciones de oferta pública 6","TOTAL_SISTEMA",0.000586252784894038,2026,"Marzo","tasas_2026_88.xlsx"
"4189","Bonos Ministerio de Hacienda","ATLÁNTICO",0.000592,2026,"Marzo","tasas_2026_88.xlsx"
"4190","Bonos Ministerio de Hacienda","CRECER",0.000684,2026,"Marzo","tasas_2026_88.xlsx"
"4191","Bonos Ministerio de Hacienda","JMMB_BDI",0.000575,2026,"Marzo","tasas_2026_88.xlsx"
"4192","Bonos Ministerio de Hacienda","POPULAR",0.000668,2026,"Marzo","tasas_2026_88.xlsx"
"4193","Bonos Ministerio de Hacienda","RESERVAS",0.000658,2026,"Marzo","tasas_2026_88.xlsx"
"4194","Bonos Ministerio de Hacienda","ROMANA",0.000811,2026,"Marzo","tasas_2026_88.xlsx"
"4195","Bonos Ministerio de Hacienda","SIEMBRA",0.000724,2026,"Marzo","tasas_2026_88.xlsx"
"4196","Bonos Ministerio de Hacienda","TOTAL_CCI",0.000682157861202807,2026,"Marzo","tasas_2026_88.xlsx"
"4197","Bonos Ministerio de Hacienda","RESERVAS-R3",0.000667,2026,"Marzo","tasas_2026_88.xlsx"
"4198","Bonos Ministerio de Hacienda","BANCO_CENTRAL-R3",0.000691,2026,"Marzo","tasas_2026_88.xlsx"
"4199","Bonos Ministerio de Hacienda","FONDO_DE_SOLIDARIDAD_SOCIAL",0.000644,2026,"Marzo","tasas_2026_88.xlsx"
"4200","Bonos Ministerio de Hacienda","TOTAL_SISTEMA",0.00067944630165659,2026,"Marzo","tasas_2026_88.xlsx"
"4201","Bonos EIF 1","ATLÁNTICO",0.001115,2026,"Marzo","tasas_2026_88.xlsx"
"4202","Bonos EIF 1","CRECER",0.001016,2026,"Marzo","tasas_2026_88.xlsx"
"4203","Bonos EIF 1","JMMB_BDI",0.000998,2026,"Marzo","tasas_2026_88.xlsx"
"4204","Bonos EIF 1","POPULAR",0.00101,2026,"Marzo","tasas_2026_88.xlsx"
"4205","Bonos EIF 1","RESERVAS",0.001013,2026,"Marzo","tasas_2026_88.xlsx"
"4206","Bonos EIF 1","ROMANA",0.001,2026,"Marzo","tasas_2026_88.xlsx"
"4207","Bonos EIF 1","SIEMBRA",0.001006,2026,"Marzo","tasas_2026_88.xlsx"
"4208","Bonos EIF 1","TOTAL_CCI",0.0010120338996492,2026,"Marzo","tasas_2026_88.xlsx"
"4209","Bonos EIF 1","RESERVAS-R3",0.001046,2026,"Marzo","tasas_2026_88.xlsx"
"4210","Bonos EIF 1","BANCO_CENTRAL-R3",0.000953,2026,"Marzo","tasas_2026_88.xlsx"
"4211","Bonos EIF 1","FONDO_DE_SOLIDARIDAD_SOCIAL",0.001026,2026,"Marzo","tasas_2026_88.xlsx"
"4212","Bonos EIF 1","TOTAL_SISTEMA",0.00101276860207346,2026,"Marzo","tasas_2026_88.xlsx"
"4213","Bonos Empresas","ATLÁNTICO",0.001026,2026,"Marzo","tasas_2026_88.xlsx"
"4214","Bonos Empresas","CRECER",0.001498,2026,"Marzo","tasas_2026_88.xlsx"
"4215","Bonos Empresas","JMMB_BDI",0.001083,2026,"Marzo","tasas_2026_88.xlsx"
"4216","Bonos Empresas","POPULAR",0.001088,2026,"Marzo","tasas_2026_88.xlsx"
"4217","Bonos Empresas","RESERVAS",0.001447,2026,"Marzo","tasas_2026_88.xlsx"
"4218","Bonos Empresas","ROMANA",0,2026,"Marzo","tasas_2026_88.xlsx"
"4219","Bonos Empresas","SIEMBRA",0.000644,2026,"Marzo","tasas_2026_88.xlsx"
"4220","Bonos Empresas","TOTAL_CCI",0.00112099702730763,2026,"Marzo","tasas_2026_88.xlsx"
"4221","Bonos Empresas","RESERVAS-R3",0.000937,2026,"Marzo","tasas_2026_88.xlsx"
"4222","Bonos Empresas","BANCO_CENTRAL-R3",0.000844,2026,"Marzo","tasas_2026_88.xlsx"
"4223","Bonos Empresas","FONDO_DE_SOLIDARIDAD_SOCIAL",0.000782,2026,"Marzo","tasas_2026_88.xlsx"
"4224","Bonos Empresas","TOTAL_SISTEMA",0.00109859521302014,2026,"Marzo","tasas_2026_88.xlsx"
"4225","Bonos de Hacienda para financiar desarrollo de  proyectos de infraestructura","ATLÁNTICO",0,2026,"Marzo","tasas_2026_88.xlsx"
"4226","Bonos de Hacienda para financiar desarrollo de  proyectos de infraestructura","CRECER",0.000857,2026,"Marzo","tasas_2026_88.xlsx"
"4227","Bonos de Hacienda para financiar desarrollo de  proyectos de infraestructura","JMMB_BDI",0,2026,"Marzo","tasas_2026_88.xlsx"
"4228","Bonos de Hacienda para financiar desarrollo de  proyectos de infraestructura","POPULAR",0.000873,2026,"Marzo","tasas_2026_88.xlsx"
"4229","Bonos de Hacienda para financiar desarrollo de  proyectos de infraestructura","RESERVAS",0.000867,2026,"Marzo","tasas_2026_88.xlsx"
"4230","Bonos de Hacienda para financiar desarrollo de  proyectos de infraestructura","ROMANA",0,2026,"Marzo","tasas_2026_88.xlsx"
"4231","Bonos de Hacienda para financiar desarrollo de  proyectos de infraestructura","SIEMBRA",0,2026,"Marzo","tasas_2026_88.xlsx"
"4232","Bonos de Hacienda para financiar desarrollo de  proyectos de infraestructura","TOTAL_CCI",0.000858775889427259,2026,"Marzo","tasas_2026_88.xlsx"
"4233","Bonos de Hacienda para financiar desarrollo de  proyectos de infraestructura","RESERVAS-R3",0,2026,"Marzo","tasas_2026_88.xlsx"
"4234","Bonos de Hacienda para financiar desarrollo de  proyectos de infraestructura","BANCO_CENTRAL-R3",0,2026,"Marzo","tasas_2026_88.xlsx"
"4235","Bonos de Hacienda para financiar desarrollo de  proyectos de infraestructura","FONDO_DE_SOLIDARIDAD_SOCIAL",0,2026,"Marzo","tasas_2026_88.xlsx"
"4236","Bonos de Hacienda para financiar desarrollo de  proyectos de infraestructura","TOTAL_SISTEMA",0.000858775889427259,2026,"Marzo","tasas_2026_88.xlsx"
"4237","Certificados de Depósito EIF1","ATLÁNTICO",0.000961,2026,"Marzo","tasas_2026_88.xlsx"
"4238","Certificados de Depósito EIF1","CRECER",0.000409,2026,"Marzo","tasas_2026_88.xlsx"
"4239","Certificados de Depósito EIF1","JMMB_BDI",0.00086,2026,"Marzo","tasas_2026_88.xlsx"
"4240","Certificados de Depósito EIF1","POPULAR",0.000765,2026,"Marzo","tasas_2026_88.xlsx"
"4241","Certificados de Depósito EIF1","RESERVAS",0.000551,2026,"Marzo","tasas_2026_88.xlsx"
"4242","Certificados de Depósito EIF1","ROMANA",0.000938,2026,"Marzo","tasas_2026_88.xlsx"
"4243","Certificados de Depósito EIF1","SIEMBRA",0.000719,2026,"Marzo","tasas_2026_88.xlsx"
"4244","Certificados de Depósito EIF1","TOTAL_CCI",0.000716707198790951,2026,"Marzo","tasas_2026_88.xlsx"
"4245","Certificados de Depósito EIF1","RESERVAS-R3",0.000554,2026,"Marzo","tasas_2026_88.xlsx"
"4246","Certificados de Depósito EIF1","BANCO_CENTRAL-R3",0.000909,2026,"Marzo","tasas_2026_88.xlsx"
"4247","Certificados de Depósito EIF1","FONDO_DE_SOLIDARIDAD_SOCIAL",0.000473,2026,"Marzo","tasas_2026_88.xlsx"
"4248","Certificados de Depósito EIF1","TOTAL_SISTEMA",0.000712707232302824,2026,"Marzo","tasas_2026_88.xlsx"
"4249","Certificados Inversión Especial BCRD2","ATLÁNTICO",0,2026,"Marzo","tasas_2026_88.xlsx"
"4250","Certificados Inversión Especial BCRD2","CRECER",0,2026,"Marzo","tasas_2026_88.xlsx"
"4251","Certificados Inversión Especial BCRD2","JMMB_BDI",0,2026,"Marzo","tasas_2026_88.xlsx"
"4252","Certificados Inversión Especial BCRD2","POPULAR",0,2026,"Marzo","tasas_2026_88.xlsx"
"4253","Certificados Inversión Especial BCRD2","RESERVAS",0,2026,"Marzo","tasas_2026_88.xlsx"
"4254","Certificados Inversión Especial BCRD2","ROMANA",0,2026,"Marzo","tasas_2026_88.xlsx"
"4255","Certificados Inversión Especial BCRD2","SIEMBRA",0,2026,"Marzo","tasas_2026_88.xlsx"
"4256","Certificados Inversión Especial BCRD2","TOTAL_CCI",0,2026,"Marzo","tasas_2026_88.xlsx"
"4257","Certificados Inversión Especial BCRD2","RESERVAS-R3",0,2026,"Marzo","tasas_2026_88.xlsx"
"4258","Certificados Inversión Especial BCRD2","BANCO_CENTRAL-R3",0.001494,2026,"Marzo","tasas_2026_88.xlsx"
"4259","Certificados Inversión Especial BCRD2","FONDO_DE_SOLIDARIDAD_SOCIAL",0,2026,"Marzo","tasas_2026_88.xlsx"
"4260","Certificados Inversión Especial BCRD2","TOTAL_SISTEMA",0.001494,2026,"Marzo","tasas_2026_88.xlsx"
"4261","Cuotas de Participación de Fondos de Inversión4","ATLÁNTICO",0.000658,2026,"Marzo","tasas_2026_88.xlsx"
"4262","Cuotas de Participación de Fondos de Inversión4","CRECER",0.000652,2026,"Marzo","tasas_2026_88.xlsx"
"4263","Cuotas de Participación de Fondos de Inversión4","JMMB_BDI",0.000564,2026,"Marzo","tasas_2026_88.xlsx"
"4264","Cuotas de Participación de Fondos de Inversión4","POPULAR",0.000744,2026,"Marzo","tasas_2026_88.xlsx"
"4265","Cuotas de Participación de Fondos de Inversión4","RESERVAS",0.000891,2026,"Marzo","tasas_2026_88.xlsx"
"4266","Cuotas de Participación de Fondos de Inversión4","ROMANA",0,2026,"Marzo","tasas_2026_88.xlsx"
"4267","Cuotas de Participación de Fondos de Inversión4","SIEMBRA",0.000693,2026,"Marzo","tasas_2026_88.xlsx"
"4268","Cuotas de Participación de Fondos de Inversión4","TOTAL_CCI",0.000755071231383541,2026,"Marzo","tasas_2026_88.xlsx"
"4269","Cuotas de Participación de Fondos de Inversión4","RESERVAS-R3",0.000732,2026,"Marzo","tasas_2026_88.xlsx"
"4270","Cuotas de Participación de Fondos de Inversión4","BANCO_CENTRAL-R3",0,2026,"Marzo","tasas_2026_88.xlsx"
"4271","Cuotas de Participación de Fondos de Inversión4","FONDO_DE_SOLIDARIDAD_SOCIAL",0.000719,2026,"Marzo","tasas_2026_88.xlsx"
"4272","Cuotas de Participación de Fondos de Inversión4","TOTAL_SISTEMA",0.000750807972102258,2026,"Marzo","tasas_2026_88.xlsx"
"4273","Cuotas de Participación de Fondos de Mutuos","ATLÁNTICO",0,2026,"Marzo","tasas_2026_88.xlsx"
"4274","Cuotas de Participación de Fondos de Mutuos","CRECER",0.000795,2026,"Marzo","tasas_2026_88.xlsx"
"4275","Cuotas de Participación de Fondos de Mutuos","JMMB_BDI",0,2026,"Marzo","tasas_2026_88.xlsx"
"4276","Cuotas de Participación de Fondos de Mutuos","POPULAR",0,2026,"Marzo","tasas_2026_88.xlsx"
"4277","Cuotas de Participación de Fondos de Mutuos","RESERVAS",0,2026,"Marzo","tasas_2026_88.xlsx"
"4278","Cuotas de Participación de Fondos de Mutuos","ROMANA",0,2026,"Marzo","tasas_2026_88.xlsx"
"4279","Cuotas de Participación de Fondos de Mutuos","SIEMBRA",0,2026,"Marzo","tasas_2026_88.xlsx"
"4280","Cuotas de Participación de Fondos de Mutuos","TOTAL_CCI",0.000795,2026,"Marzo","tasas_2026_88.xlsx"
"4281","Cuotas de Participación de Fondos de Mutuos","RESERVAS-R3",0,2026,"Marzo","tasas_2026_88.xlsx"
"4282","Cuotas de Participación de Fondos de Mutuos","BANCO_CENTRAL-R3",0,2026,"Marzo","tasas_2026_88.xlsx"
"4283","Cuotas de Participación de Fondos de Mutuos","FONDO_DE_SOLIDARIDAD_SOCIAL",0,2026,"Marzo","tasas_2026_88.xlsx"
"4284","Cuotas de Participación de Fondos de Mutuos","TOTAL_SISTEMA",0.000795,2026,"Marzo","tasas_2026_88.xlsx"
"4285","Letras BCRD2","ATLÁNTICO",0,2026,"Marzo","tasas_2026_88.xlsx"
"4286","Letras BCRD2","CRECER",0,2026,"Marzo","tasas_2026_88.xlsx"
"4287","Letras BCRD2","JMMB_BDI",0,2026,"Marzo","tasas_2026_88.xlsx"
"4288","Letras BCRD2","POPULAR",0,2026,"Marzo","tasas_2026_88.xlsx"
"4289","Letras BCRD2","RESERVAS",0,2026,"Marzo","tasas_2026_88.xlsx"
"4290","Letras BCRD2","ROMANA",0,2026,"Marzo","tasas_2026_88.xlsx"
"4291","Letras BCRD2","SIEMBRA",0,2026,"Marzo","tasas_2026_88.xlsx"
"4292","Letras BCRD2","TOTAL_CCI",0,2026,"Marzo","tasas_2026_88.xlsx"
"4293","Letras BCRD2","RESERVAS-R3",0,2026,"Marzo","tasas_2026_88.xlsx"
"4294","Letras BCRD2","BANCO_CENTRAL-R3",0,2026,"Marzo","tasas_2026_88.xlsx"
"4295","Letras BCRD2","FONDO_DE_SOLIDARIDAD_SOCIAL",0,2026,"Marzo","tasas_2026_88.xlsx"
"4296","Letras BCRD2","TOTAL_SISTEMA",0,2026,"Marzo","tasas_2026_88.xlsx"
"4297","Notas BCRD2","ATLÁNTICO",0.000811,2026,"Marzo","tasas_2026_88.xlsx"
"4298","Notas BCRD2","CRECER",0.000648,2026,"Marzo","tasas_2026_88.xlsx"
"4299","Notas BCRD2","JMMB_BDI",0.000871,2026,"Marzo","tasas_2026_88.xlsx"
"4300","Notas BCRD2","POPULAR",0.001066,2026,"Marzo","tasas_2026_88.xlsx"
"4301","Notas BCRD2","RESERVAS",0.000923,2026,"Marzo","tasas_2026_88.xlsx"
"4302","Notas BCRD2","ROMANA",0.000689,2026,"Marzo","tasas_2026_88.xlsx"
"4303","Notas BCRD2","SIEMBRA",0.000886,2026,"Marzo","tasas_2026_88.xlsx"
"4304","Notas BCRD2","TOTAL_CCI",0.000963481596165434,2026,"Marzo","tasas_2026_88.xlsx"
"4305","Notas BCRD2","RESERVAS-R3",0.00115,2026,"Marzo","tasas_2026_88.xlsx"
"4306","Notas BCRD2","BANCO_CENTRAL-R3",0.000912,2026,"Marzo","tasas_2026_88.xlsx"
"4307","Notas BCRD2","FONDO_DE_SOLIDARIDAD_SOCIAL",0,2026,"Marzo","tasas_2026_88.xlsx"
"4308","Notas BCRD2","TOTAL_SISTEMA",0.000962177113284581,2026,"Marzo","tasas_2026_88.xlsx"
"4309","Valores representativos de capital emitidos por Fideicomisos de oferta pública5","ATLÁNTICO",0.001191,2026,"Marzo","tasas_2026_88.xlsx"
"4310","Valores representativos de capital emitidos por Fideicomisos de oferta pública5","CRECER",0.001191,2026,"Marzo","tasas_2026_88.xlsx"
"4311","Valores representativos de capital emitidos por Fideicomisos de oferta pública5","JMMB_BDI",0.001191,2026,"Marzo","tasas_2026_88.xlsx"
"4312","Valores representativos de capital emitidos por Fideicomisos de oferta pública5","POPULAR",0.001191,2026,"Marzo","tasas_2026_88.xlsx"
"4313","Valores representativos de capital emitidos por Fideicomisos de oferta pública5","RESERVAS",0.001191,2026,"Marzo","tasas_2026_88.xlsx"
"4314","Valores representativos de capital emitidos por Fideicomisos de oferta pública5","ROMANA",0,2026,"Marzo","tasas_2026_88.xlsx"
"4315","Valores representativos de capital emitidos por Fideicomisos de oferta pública5","SIEMBRA",0.001191,2026,"Marzo","tasas_2026_88.xlsx"
"4316","Valores representativos de capital emitidos por Fideicomisos de oferta pública5","TOTAL_CCI",0.001191,2026,"Marzo","tasas_2026_88.xlsx"
"4317","Valores representativos de capital emitidos por Fideicomisos de oferta pública5","RESERVAS-R3",0,2026,"Marzo","tasas_2026_88.xlsx"
"4318","Valores representativos de capital emitidos por Fideicomisos de oferta pública5","BANCO_CENTRAL-R3",0,2026,"Marzo","tasas_2026_88.xlsx"
"4319","Valores representativos de capital emitidos por Fideicomisos de oferta pública5","FONDO_DE_SOLIDARIDAD_SOCIAL",0,2026,"Marzo","tasas_2026_88.xlsx"
"4320","Valores representativos de capital emitidos por Fideicomisos de oferta pública5","TOTAL_SISTEMA",0.001191,2026,"Marzo","tasas_2026_88.xlsx"
"4321","Valores representativos de deuda emitidos por Fideicomisos de oferta pública","ATLÁNTICO",0.001179,2026,"Marzo","tasas_2026_88.xlsx"
"4322","Valores representativos de deuda emitidos por Fideicomisos de oferta pública","CRECER",0.000972,2026,"Marzo","tasas_2026_88.xlsx"
"4323","Valores representativos de deuda emitidos por Fideicomisos de oferta pública","JMMB_BDI",0.000925,2026,"Marzo","tasas_2026_88.xlsx"
"4324","Valores representativos de deuda emitidos por Fideicomisos de oferta pública","POPULAR",0.001108,2026,"Marzo","tasas_2026_88.xlsx"
"4325","Valores representativos de deuda emitidos por Fideicomisos de oferta pública","RESERVAS",0.001116,2026,"Marzo","tasas_2026_88.xlsx"
"4326","Valores representativos de deuda emitidos por Fideicomisos de oferta pública","ROMANA",0,2026,"Marzo","tasas_2026_88.xlsx"
"4327","Valores representativos de deuda emitidos por Fideicomisos de oferta pública","SIEMBRA",0.00115,2026,"Marzo","tasas_2026_88.xlsx"
"4328","Valores representativos de deuda emitidos por Fideicomisos de oferta pública","TOTAL_CCI",0.00104820399940586,2026,"Marzo","tasas_2026_88.xlsx"
"4329","Valores representativos de deuda emitidos por Fideicomisos de oferta pública","RESERVAS-R3",0.000908,2026,"Marzo","tasas_2026_88.xlsx"
"4330","Valores representativos de deuda emitidos por Fideicomisos de oferta pública","BANCO_CENTRAL-R3",0,2026,"Marzo","tasas_2026_88.xlsx"
"4331","Valores representativos de deuda emitidos por Fideicomisos de oferta pública","FONDO_DE_SOLIDARIDAD_SOCIAL",0.001145,2026,"Marzo","tasas_2026_88.xlsx"
"4332","Valores representativos de deuda emitidos por Fideicomisos de oferta pública","TOTAL_SISTEMA",0.00105373292161988,2026,"Marzo","tasas_2026_88.xlsx"
