"","date","fondo","rentabilidad"
"1",2003-07-01,"Atlántico","0"
"2",2003-07-01,"Camino1","0.19734878970238157"
"3",2003-07-01,"Caribalico2","0.17940438130530123"
"4",2003-07-01,"Crecer","0.20437699942895882"
"5",2003-07-01,"JMMB-BDI","0"
"6",2003-07-01,"León3","0.18998822298174134"
"7",2003-07-01,"Popular","0.18317387679135155"
"8",2003-07-01,"Porvenir4","0.21343964501565327"
"9",2003-07-01,"Reservas","0.15842202715616738"
"10",2003-07-01,"Romana","0.15733905476742738"
"11",2003-07-01,"Siembra","0.22337543343733657"
"12",2003-08-01,"Atlántico","0"
"13",2003-08-01,"Camino1","0.21085339841887785"
"14",2003-08-01,"Caribalico2","0.1851610379908093"
"15",2003-08-01,"Crecer","0.2134228263168243"
"16",2003-08-01,"JMMB-BDI","0"
"17",2003-08-01,"León3","0.20910687630768932"
"18",2003-08-01,"Popular","0.19865162463470276"
"19",2003-08-01,"Porvenir4","0.22105714461500336"
"20",2003-08-01,"Reservas","0.18726402515706164"
"21",2003-08-01,"Romana","0.18152790324246504"
"22",2003-08-01,"Siembra","0.22971143466123145"
"23",2003-09-01,"Atlántico","0"
"24",2003-09-01,"Camino1","0.23159375243048186"
"25",2003-09-01,"Caribalico2","0.20873258563799091"
"26",2003-09-01,"Crecer","0.23149316656565788"
"27",2003-09-01,"JMMB-BDI","0"
"28",2003-09-01,"León3","0.22765888012242552"
"29",2003-09-01,"Popular","0.22282750249767513"
"30",2003-09-01,"Porvenir4","0.2403187114043368"
"31",2003-09-01,"Reservas","0.21117218822604444"
"32",2003-09-01,"Romana","0.21100477296726949"
"33",2003-09-01,"Siembra","0.2455481284700789"
"34",2003-10-01,"Atlántico","0"
"35",2003-10-01,"Camino1","0.23776924426777279"
"36",2003-10-01,"Caribalico2","0.21510568230944505"
"37",2003-10-01,"Crecer","0.23660697638167205"
"38",2003-10-01,"JMMB-BDI","0"
"39",2003-10-01,"León3","0.23317655470224685"
"40",2003-10-01,"Popular","0.23074138877379702"
"41",2003-10-01,"Porvenir4","0.24529526846930216"
"42",2003-10-01,"Reservas","0.22381536113605449"
"43",2003-10-01,"Romana","0.22048358262670398"
"44",2003-10-01,"Siembra","0.24904627429779147"
"45",2003-11-01,"Atlántico","0"
"46",2003-11-01,"Camino1","0.2371187849451506"
"47",2003-11-01,"Caribalico2","0.21487206077068333"
"48",2003-11-01,"Crecer","0.23520806963225405"
"49",2003-11-01,"JMMB-BDI","0"
"50",2003-11-01,"León3","0.23032953740025452"
"51",2003-11-01,"Popular","0.23554082418651179"
"52",2003-11-01,"Porvenir4","0.24236088525035715"
"53",2003-11-01,"Reservas","0.22408360289327511"
"54",2003-11-01,"Romana","0.21962941524799562"
"55",2003-11-01,"Siembra","0.24683375659222784"
"56",2003-12-01,"Atlántico","0"
"57",2003-12-01,"Camino1","0.2403795813451759"
"58",2003-12-01,"Caribalico2","0.22086953799872466"
"59",2003-12-01,"Crecer","0.2390758390955916"
"60",2003-12-01,"JMMB-BDI","0"
"61",2003-12-01,"León3","0.23402831345771635"
"62",2003-12-01,"Popular","0.23985315021984399"
"63",2003-12-01,"Porvenir4","0.24612468620071271"
"64",2003-12-01,"Reservas","0.22918044151801786"
"65",2003-12-01,"Romana","0.22443096881645608"
"66",2003-12-01,"Siembra","0.25066054599217802"
"67",2004-01-01,"Atlántico","0"
"68",2004-01-01,"Camino1","0.24054382284315068"
"69",2004-01-01,"Caribalico2","0.22162314134414252"
"70",2004-01-01,"Crecer","0.23934519921534148"
"71",2004-01-01,"JMMB-BDI","0"
"72",2004-01-01,"León3","0.23256207435177978"
"73",2004-01-01,"Popular","0.23871167246696956"
"74",2004-01-01,"Porvenir4","0.23819891183929021"
"75",2004-01-01,"Reservas","0.2279691743592327"
"76",2004-01-01,"Romana","0.22394920843883037"
"77",2004-01-01,"Siembra","0.24826892574107018"
"78",2004-02-01,"Atlántico","0"
"79",2004-02-01,"Camino1","0.23698958447224405"
"80",2004-02-01,"Caribalico2","0.21885496463810816"
"81",2004-02-01,"Crecer","0.25083849143132197"
"82",2004-02-01,"JMMB-BDI","0"
"83",2004-02-01,"León3","0.22929641525518485"
"84",2004-02-01,"Popular","0.23534620626953795"
"85",2004-02-01,"Porvenir4","0.24717670965666105"
"86",2004-02-01,"Reservas","0.2245183082907809"
"87",2004-02-01,"Romana","0.22024468173851819"
"88",2004-02-01,"Siembra","0.24385266106928172"
"89",2004-03-01,"Atlántico","0"
"90",2004-03-01,"Camino1","0.24260000000000001"
"91",2004-03-01,"Caribalico2","0.22459999999999999"
"92",2004-03-01,"Crecer","0.25459999999999999"
"93",2004-03-01,"JMMB-BDI","0"
"94",2004-03-01,"León3","0.2354"
"95",2004-03-01,"Popular","0.24129999999999999"
"96",2004-03-01,"Porvenir4","0.25019999999999998"
"97",2004-03-01,"Reservas","0.23089999999999999"
"98",2004-03-01,"Romana","0.2266"
"99",2004-03-01,"Siembra","0.2492"
"100",2004-04-01,"Atlántico","0"
"101",2004-04-01,"Camino1","0.2445"
"102",2004-04-01,"Caribalico2","0.2261"
"103",2004-04-01,"Crecer","0.25629999999999997"
"104",2004-04-01,"JMMB-BDI","0"
"105",2004-04-01,"León3","0.23769999999999999"
"106",2004-04-01,"Popular","0.24540000000000001"
"107",2004-04-01,"Porvenir4","0.25280000000000002"
"108",2004-04-01,"Reservas","0.23430000000000001"
"109",2004-04-01,"Romana","0.22950000000000001"
"110",2004-04-01,"Siembra","0.25130000000000002"
"111",2004-05-01,"Atlántico","0"
"112",2004-05-01,"Camino1","0.24859999999999999"
"113",2004-05-01,"Caribalico2","0.23"
"114",2004-05-01,"Crecer","0.26079999999999998"
"115",2004-05-01,"JMMB-BDI","0"
"116",2004-05-01,"León3","0.2424"
"117",2004-05-01,"Popular","0.25359999999999999"
"118",2004-05-01,"Porvenir4","0.25729999999999997"
"119",2004-05-01,"Reservas","0.24"
"120",2004-05-01,"Romana","0.23569999999999999"
"121",2004-05-01,"Siembra","0.25800000000000001"
"122",2004-06-01,"Atlántico","0"
"123",2004-06-01,"Camino1","0.24943927661895682"
"124",2004-06-01,"Caribalico2","0.23157061194717743"
"125",2004-06-01,"Crecer","0.25640350450218641"
"126",2004-06-01,"JMMB-BDI","0"
"127",2004-06-01,"León3","0.24417411856634486"
"128",2004-06-01,"Popular","0.25161835941955646"
"129",2004-06-01,"Porvenir4","0.25369099954350771"
"130",2004-06-01,"Reservas","0.24219268111301751"
"131",2004-06-01,"Romana","0.23786225886181467"
"132",2004-06-01,"Siembra","0.25939562536518013"
"133",2004-07-01,"Atlántico","0"
"134",2004-07-01,"Camino1","0.25708712502840098"
"135",2004-07-01,"Caribalico2","0.23947095495242701"
"136",2004-07-01,"Crecer","0.25931763642996303"
"137",2004-07-01,"JMMB-BDI","0"
"138",2004-07-01,"León3","0.25254214912046002"
"139",2004-07-01,"Popular","0.25121985790829798"
"140",2004-07-01,"Porvenir4","0.256631236517185"
"141",2004-07-01,"Reservas","0.25320681007691698"
"142",2004-07-01,"Romana","0.24748988251309301"
"143",2004-07-01,"Siembra","0.26530226052637301"
"144",2004-08-01,"Atlántico","0"
"145",2004-08-01,"Camino1","0.26305129050709802"
"146",2004-08-01,"Caribalico2","0.246883437035989"
"147",2004-08-01,"Crecer","0.24850692793639101"
"148",2004-08-01,"JMMB-BDI","0"
"149",2004-08-01,"León3","0.25792354408342499"
"150",2004-08-01,"Popular","0.219555805682001"
"151",2004-08-01,"Porvenir4","0.24571966189955"
"152",2004-08-01,"Reservas","0.26009507263938902"
"153",2004-08-01,"Romana","0.254042453533327"
"154",2004-08-01,"Siembra","0.250519918870164"
"155",2004-09-01,"Atlántico","0"
"156",2004-09-01,"Camino1","0.262979003155066"
"157",2004-09-01,"Caribalico2","0.24738624107961699"
"158",2004-09-01,"Crecer","0.23116061056479301"
"159",2004-09-01,"JMMB-BDI","0"
"160",2004-09-01,"León3","0.25771506890099499"
"161",2004-09-01,"Popular","0.20968937361775999"
"162",2004-09-01,"Porvenir4","0.22856000327328799"
"163",2004-09-01,"Reservas","0.26127063412120599"
"164",2004-09-01,"Romana","0.25131995584339201"
"165",2004-09-01,"Siembra","0.23928237264577801"
"166",2004-10-01,"Atlántico","0"
"167",2004-10-01,"Camino1","0.26219999999999999"
"168",2004-10-01,"Caribalico2","0.24809999999999999"
"169",2004-10-01,"Crecer","0.22170000000000001"
"170",2004-10-01,"JMMB-BDI","0"
"171",2004-10-01,"León3","0.25679999999999997"
"172",2004-10-01,"Popular","0.21110000000000001"
"173",2004-10-01,"Porvenir4","0"
"174",2004-10-01,"Reservas","0.26029999999999998"
"175",2004-10-01,"Romana","0.249"
"176",2004-10-01,"Siembra","0.23039999999999999"
"177",2004-11-01,"Atlántico","0"
"178",2004-11-01,"Camino1","0.26590000000000003"
"179",2004-11-01,"Caribalico2","0.25319999999999998"
"180",2004-11-01,"Crecer","0.2142"
"181",2004-11-01,"JMMB-BDI","0"
"182",2004-11-01,"León3","0.26140000000000002"
"183",2004-11-01,"Popular","0.2036"
"184",2004-11-01,"Porvenir4","0"
"185",2004-11-01,"Reservas","0.26519999999999999"
"186",2004-11-01,"Romana","0.25330000000000003"
"187",2004-11-01,"Siembra","0.22159999999999999"
"188",2004-12-01,"Atlántico","0"
"189",2004-12-01,"Camino1","0.26621535901815202"
"190",2004-12-01,"Caribalico2","0.25397130995666001"
"191",2004-12-01,"Crecer","0.22093490586317299"
"192",2004-12-01,"JMMB-BDI","0"
"193",2004-12-01,"León3","0.262396104186152"
"194",2004-12-01,"Popular","0.219090579050879"
"195",2004-12-01,"Porvenir4","0"
"196",2004-12-01,"Reservas","0.26633399667375501"
"197",2004-12-01,"Romana","0.25398737189781601"
"198",2004-12-01,"Siembra","0.22283276392020801"
"199",2005-01-01,"Atlántico","0"
"200",2005-01-01,"Camino1","0"
"201",2005-01-01,"Caribalico2","0.25690000000000002"
"202",2005-01-01,"Crecer","0.22550000000000001"
"203",2005-01-01,"JMMB-BDI","0"
"204",2005-01-01,"León3","0.2656"
"205",2005-01-01,"Popular","0.22539999999999999"
"206",2005-01-01,"Porvenir4","0"
"207",2005-01-01,"Reservas","0.26989999999999997"
"208",2005-01-01,"Romana","0.25659999999999999"
"209",2005-01-01,"Siembra","0.2268"
"210",2005-02-01,"Atlántico","0"
"211",2005-02-01,"Camino1","0"
"212",2005-02-01,"Caribalico2","0.25956978195582803"
"213",2005-02-01,"Crecer","0.21710454492203568"
"214",2005-02-01,"JMMB-BDI","0"
"215",2005-02-01,"León3","0.26753977440161325"
"216",2005-02-01,"Popular","0.22673935319639368"
"217",2005-02-01,"Porvenir4","0"
"218",2005-02-01,"Reservas","0.27269402651581931"
"219",2005-02-01,"Romana","0.25891571896309795"
"220",2005-02-01,"Siembra","0.22860938583891374"
"221",2005-03-01,"Atlántico","0"
"222",2005-03-01,"Camino1","0"
"223",2005-03-01,"Caribalico2","0.25731270089256175"
"224",2005-03-01,"Crecer","0.21787009517677003"
"225",2005-03-01,"JMMB-BDI","0"
"226",2005-03-01,"León3","0.26423677553971547"
"227",2005-03-01,"Popular","0.22348480554447381"
"228",2005-03-01,"Porvenir4","0"
"229",2005-03-01,"Reservas","0.27022112885944449"
"230",2005-03-01,"Romana","0.25496326412876869"
"231",2005-03-01,"Siembra","0.22547487309600522"
"232",2005-04-01,"Atlántico","0"
"233",2005-04-01,"Camino1","0"
"234",2005-04-01,"Caribalico2","0.25242024457660728"
"235",2005-04-01,"Crecer","0.21288082252681798"
"236",2005-04-01,"JMMB-BDI","0"
"237",2005-04-01,"León3","0.25722327383318655"
"238",2005-04-01,"Popular","0.21484561116641832"
"239",2005-04-01,"Porvenir4","0"
"240",2005-04-01,"Reservas","0.26458486267885473"
"241",2005-04-01,"Romana","0.24643621714534825"
"242",2005-04-01,"Siembra","0.21862256256895862"
"243",2005-05-01,"Atlántico","0"
"244",2005-05-01,"Camino1","0"
"245",2005-05-01,"Caribalico2","0.24395757765465054"
"246",2005-05-01,"Crecer","0.20337596821282378"
"247",2005-05-01,"JMMB-BDI","0"
"248",2005-05-01,"León3","0.24643968509975078"
"249",2005-05-01,"Popular","0.20094462994068985"
"250",2005-05-01,"Porvenir4","0"
"251",2005-05-01,"Reservas","0.2544886093194727"
"252",2005-05-01,"Romana","0.23269088041851282"
"253",2005-05-01,"Siembra","0.20587090468085534"
"254",2005-06-01,"Atlántico","0"
"255",2005-06-01,"Camino1","0"
"256",2005-06-01,"Caribalico2","0.22161304320050726"
"257",2005-06-01,"Crecer","0.19627107395253707"
"258",2005-06-01,"JMMB-BDI","0"
"259",2005-06-01,"León3","0.22037264613563257"
"260",2005-06-01,"Popular","0.19219498658971901"
"261",2005-06-01,"Porvenir4","0"
"262",2005-06-01,"Reservas","0.22244808847033704"
"263",2005-06-01,"Romana","0.21790827966836734"
"264",2005-06-01,"Siembra","0.19262591034659748"
"265",2005-07-01,"Atlántico","0"
"266",2005-07-01,"Camino1","0"
"267",2005-07-01,"Caribalico2","0.20616888392822719"
"268",2005-07-01,"Crecer","0.18794135657268954"
"269",2005-07-01,"JMMB-BDI","0"
"270",2005-07-01,"León3","0.20526204459646435"
"271",2005-07-01,"Popular","0.18779126391672782"
"272",2005-07-01,"Porvenir4","0"
"273",2005-07-01,"Reservas","0.20594952181761816"
"274",2005-07-01,"Romana","0.20406177988636132"
"275",2005-07-01,"Siembra","0.17928097486957939"
"276",2005-08-01,"Atlántico","0"
"277",2005-08-01,"Camino1","0"
"278",2005-08-01,"Caribalico2","0.19312288227436958"
"279",2005-08-01,"Crecer","0.19143766607324708"
"280",2005-08-01,"JMMB-BDI","0"
"281",2005-08-01,"León3","0.19204520487386012"
"282",2005-08-01,"Popular","0.2118869267951522"
"283",2005-08-01,"Porvenir4","0"
"284",2005-08-01,"Reservas","0.19316463748080159"
"285",2005-08-01,"Romana","0.19093459977937699"
"286",2005-08-01,"Siembra","0.1843683537156966"
"287",2005-09-01,"Atlántico","0"
"288",2005-09-01,"Camino1","0"
"289",2005-09-01,"Caribalico2","0.18090897843588749"
"290",2005-09-01,"Crecer","0.19659705623903379"
"291",2005-09-01,"JMMB-BDI","0"
"292",2005-09-01,"León3","0.18039015527517877"
"293",2005-09-01,"Popular","0.20954099307742305"
"294",2005-09-01,"Porvenir4","0"
"295",2005-09-01,"Reservas","0.18146073787696282"
"296",2005-09-01,"Romana","0.18127811538421354"
"297",2005-09-01,"Siembra","0.18406676566378466"
"298",2005-10-01,"Atlántico","0"
"299",2005-10-01,"Camino1","0"
"300",2005-10-01,"Caribalico2","0.1733332938644141"
"301",2005-10-01,"Crecer","0.19555692136560876"
"302",2005-10-01,"JMMB-BDI","0"
"303",2005-10-01,"León3","0.17468251845408786"
"304",2005-10-01,"Popular","0.19750380254710898"
"305",2005-10-01,"Porvenir4","0"
"306",2005-10-01,"Reservas","0.17409996016517718"
"307",2005-10-01,"Romana","0.1767677359261397"
"308",2005-10-01,"Siembra","0.18163454323728304"
"309",2005-11-01,"Atlántico","0"
"310",2005-11-01,"Camino1","0"
"311",2005-11-01,"Caribalico2","0.1651371015046148"
"312",2005-11-01,"Crecer","0.19532666978772451"
"313",2005-11-01,"JMMB-BDI","0"
"314",2005-11-01,"León3","0.16622928064513975"
"315",2005-11-01,"Popular","0.19541438768557096"
"316",2005-11-01,"Porvenir4","0"
"317",2005-11-01,"Reservas","0.16536593395136645"
"318",2005-11-01,"Romana","0.16719845988282267"
"319",2005-11-01,"Siembra","0.18172505578935508"
"320",2005-12-01,"Atlántico","0"
"321",2005-12-01,"Camino1","0"
"322",2005-12-01,"Caribalico2","0.16422548553048366"
"323",2005-12-01,"Crecer","0.17889904206539331"
"324",2005-12-01,"JMMB-BDI","0"
"325",2005-12-01,"León3","0.16430841081119207"
"326",2005-12-01,"Popular","0.1701651173588079"
"327",2005-12-01,"Porvenir4","0"
"328",2005-12-01,"Reservas","0.16372280683513729"
"329",2005-12-01,"Romana","0.1649600698854701"
"330",2005-12-01,"Siembra","0.17016681497133868"
"331",2006-01-01,"Atlántico","0"
"332",2006-01-01,"Camino1","0"
"333",2006-01-01,"Caribalico2","0.1550371398775805"
"334",2006-01-01,"Crecer","0.16703375482165028"
"335",2006-01-01,"JMMB-BDI","0"
"336",2006-01-01,"León3","0.15520908717333426"
"337",2006-01-01,"Popular","0.1573822587135667"
"338",2006-01-01,"Porvenir4","0"
"339",2006-01-01,"Reservas","0.15422474133159847"
"340",2006-01-01,"Romana","0.15663804114006874"
"341",2006-01-01,"Siembra","0.15984290094199349"
"342",2006-02-01,"Atlántico","0"
"343",2006-02-01,"Camino1","0"
"344",2006-02-01,"Caribalico2","0.14701590855246893"
"345",2006-02-01,"Crecer","0.15949046934250966"
"346",2006-02-01,"JMMB-BDI","0"
"347",2006-02-01,"León3","0.1474151370636243"
"348",2006-02-01,"Popular","0.1496801901539857"
"349",2006-02-01,"Porvenir4","0"
"350",2006-02-01,"Reservas","0.14603223608837301"
"351",2006-02-01,"Romana","0.14951495576269735"
"352",2006-02-01,"Siembra","0.15174510621048243"
"353",2006-03-01,"Atlántico","0"
"354",2006-03-01,"Camino1","0"
"355",2006-03-01,"Caribalico2","0.13934996663799604"
"356",2006-03-01,"Crecer","0.14663476231204808"
"357",2006-03-01,"JMMB-BDI","0"
"358",2006-03-01,"León3","0.13896403682553893"
"359",2006-03-01,"Popular","0.13947241472359106"
"360",2006-03-01,"Porvenir4","0"
"361",2006-03-01,"Reservas","0.13629778455930919"
"362",2006-03-01,"Romana","0.14265097955171235"
"363",2006-03-01,"Siembra","0.14282306352841112"
"364",2006-04-01,"Atlántico","0"
"365",2006-04-01,"Camino1","0"
"366",2006-04-01,"Caribalico2","0.134180730480983"
"367",2006-04-01,"Crecer","0.13803967093597502"
"368",2006-04-01,"JMMB-BDI","0"
"369",2006-04-01,"León3","0.13375490783763877"
"370",2006-04-01,"Popular","0.13277550939274541"
"371",2006-04-01,"Porvenir4","0"
"372",2006-04-01,"Reservas","0.12869463652120494"
"373",2006-04-01,"Romana","0.13944932652506647"
"374",2006-04-01,"Siembra","0.13677026635827216"
"375",2006-05-01,"Atlántico","0"
"376",2006-05-01,"Camino1","0"
"377",2006-05-01,"Caribalico2","0.13228934497262768"
"378",2006-05-01,"Crecer","0.13373537486941345"
"379",2006-05-01,"JMMB-BDI","0"
"380",2006-05-01,"León3","0.13225221762228578"
"381",2006-05-01,"Popular","0.12955513165398003"
"382",2006-05-01,"Porvenir4","0"
"383",2006-05-01,"Reservas","0.12513121705212593"
"384",2006-05-01,"Romana","0.14049131670651738"
"385",2006-05-01,"Siembra","0.13466387757380538"
"386",2006-06-01,"Atlántico","0"
"387",2006-06-01,"Camino1","0"
"388",2006-06-01,"Caribalico2","0.14161074276826136"
"389",2006-06-01,"Crecer","0.13215138910682267"
"390",2006-06-01,"JMMB-BDI","0"
"391",2006-06-01,"León3","0.14412325737646614"
"392",2006-06-01,"Popular","0.12773870351843186"
"393",2006-06-01,"Porvenir4","0"
"394",2006-06-01,"Reservas","0.14208600813122629"
"395",2006-06-01,"Romana","0.14236045611470671"
"396",2006-06-01,"Siembra","0.13397553038581278"
"397",2006-07-01,"Atlántico","0"
"398",2006-07-01,"Camino1","0"
"399",2006-07-01,"Caribalico2","0.14475591728537629"
"400",2006-07-01,"Crecer","0.13159883921169779"
"401",2006-07-01,"JMMB-BDI","0"
"402",2006-07-01,"León3","0.14611047901596663"
"403",2006-07-01,"Popular","0.12777546642333881"
"404",2006-07-01,"Porvenir4","0"
"405",2006-07-01,"Reservas","0.14501466492337878"
"406",2006-07-01,"Romana","0.14404698003925787"
"407",2006-07-01,"Siembra","0.13427926848922467"
"408",2006-08-01,"Atlántico","0"
"409",2006-08-01,"Camino1","0"
"410",2006-08-01,"Caribalico2","0.14378300750430562"
"411",2006-08-01,"Crecer","0.1292991794709113"
"412",2006-08-01,"JMMB-BDI","0"
"413",2006-08-01,"León3","0.14489248225507478"
"414",2006-08-01,"Popular","0.12602000963077287"
"415",2006-08-01,"Porvenir4","0"
"416",2006-08-01,"Reservas","0.14310269732181435"
"417",2006-08-01,"Romana","0.14323277975395654"
"418",2006-08-01,"Siembra","0.13280169924293994"
"419",2006-09-01,"Atlántico","0"
"420",2006-09-01,"Camino1","0"
"421",2006-09-01,"Caribalico2","0.14171685795265265"
"422",2006-09-01,"Crecer","0.12592644267339792"
"423",2006-09-01,"JMMB-BDI","0"
"424",2006-09-01,"León3","0.13836426063320695"
"425",2006-09-01,"Popular","0.12225645331089785"
"426",2006-09-01,"Porvenir4","0"
"427",2006-09-01,"Reservas","0.13904640471941221"
"428",2006-09-01,"Romana","0.14033666649156751"
"429",2006-09-01,"Siembra","0.12815145849652065"
"430",2006-10-01,"Atlántico","0"
"431",2006-10-01,"Camino1","0"
"432",2006-10-01,"Caribalico2","0.13790578495712658"
"433",2006-10-01,"Crecer","0.12462278088570657"
"434",2006-10-01,"JMMB-BDI","0"
"435",2006-10-01,"León3","0.13747666864194885"
"436",2006-10-01,"Popular","0.1206001879958125"
"437",2006-10-01,"Porvenir4","0"
"438",2006-10-01,"Reservas","0.13491841732130117"
"439",2006-10-01,"Romana","0.1353963011045749"
"440",2006-10-01,"Siembra","0.126702256296233"
"441",2006-11-01,"Atlántico","0"
"442",2006-11-01,"Camino1","0"
"443",2006-11-01,"Caribalico2","0.13122848878595006"
"444",2006-11-01,"Crecer","0.12083079986631873"
"445",2006-11-01,"JMMB-BDI","0"
"446",2006-11-01,"León3","0.13075581210726184"
"447",2006-11-01,"Popular","0.11636508075152661"
"448",2006-11-01,"Porvenir4","0"
"449",2006-11-01,"Reservas","0.12776111901563714"
"450",2006-11-01,"Romana","0.12986885641730184"
"451",2006-11-01,"Siembra","0.12288334867458417"
"452",2006-12-01,"Atlántico","0"
"453",2006-12-01,"Camino1","0"
"454",2006-12-01,"Caribalico2","0.11778811860458926"
"455",2006-12-01,"Crecer","0.11618191763578523"
"456",2006-12-01,"JMMB-BDI","0"
"457",2006-12-01,"León3","0.11801834431899882"
"458",2006-12-01,"Popular","0.11169757770915666"
"459",2006-12-01,"Porvenir4","0"
"460",2006-12-01,"Reservas","0.11441505130789409"
"461",2006-12-01,"Romana","0.11774768321326"
"462",2006-12-01,"Siembra","0.11784380387111139"
"463",2007-01-01,"Atlántico","0"
"464",2007-01-01,"Camino1","0"
"465",2007-01-01,"Caribalico2","0.11339270470629327"
"466",2007-01-01,"Crecer","0.11161257864170926"
"467",2007-01-01,"JMMB-BDI","0"
"468",2007-01-01,"León3","0.11373972829346934"
"469",2007-01-01,"Popular","0.10728709594319884"
"470",2007-01-01,"Porvenir4","0"
"471",2007-01-01,"Reservas","0.11014226831172567"
"472",2007-01-01,"Romana","0.1131262361642138"
"473",2007-01-01,"Siembra","0.11303980992671893"
"474",2007-02-01,"Atlántico","0"
"475",2007-02-01,"Camino1","0"
"476",2007-02-01,"Caribalico2","0.10908475349942549"
"477",2007-02-01,"Crecer","0.10740329071774246"
"478",2007-02-01,"JMMB-BDI","0"
"479",2007-02-01,"León3","0.10951926529698142"
"480",2007-02-01,"Popular","0.10310436429303005"
"481",2007-02-01,"Porvenir4","0"
"482",2007-02-01,"Reservas","0.10612247978229504"
"483",2007-02-01,"Romana","0.10867552586404529"
"484",2007-02-01,"Siembra","0.10867561034478701"
"485",2007-03-01,"Atlántico","0"
"486",2007-03-01,"Camino1","0"
"487",2007-03-01,"Caribalico2","0.10441846760845962"
"488",2007-03-01,"Crecer","0.10597359572321086"
"489",2007-03-01,"JMMB-BDI","0"
"490",2007-03-01,"León3","0.10549945518241222"
"491",2007-03-01,"Popular","0.10047887494875729"
"492",2007-03-01,"Porvenir4","0"
"493",2007-03-01,"Reservas","0.10267517270689887"
"494",2007-03-01,"Romana","0.10402676078356698"
"495",2007-03-01,"Siembra","0.10452764977464302"
"496",2007-04-01,"Atlántico","0"
"497",2007-04-01,"Camino1","0"
"498",2007-04-01,"Caribalico2","0.10074646044162726"
"499",2007-04-01,"Crecer","0.10349977752754637"
"500",2007-04-01,"JMMB-BDI","0"
"501",2007-04-01,"León3","0.10232529570219938"
"502",2007-04-01,"Popular","9.8709140419463312E-2"
"503",2007-04-01,"Porvenir4","0"
"504",2007-04-01,"Reservas","0.10019012743213329"
"505",2007-04-01,"Romana","0.10035616686379134"
"506",2007-04-01,"Siembra","0.10134291839181175"
"507",2007-05-01,"Atlántico","0"
"508",2007-05-01,"Camino1","0"
"509",2007-05-01,"Caribalico2","0"
"510",2007-05-01,"Crecer","0.10094645853351845"
"511",2007-05-01,"JMMB-BDI","0"
"512",2007-05-01,"León3","9.8808037871672236E-2"
"513",2007-05-01,"Popular","9.6807162592707177E-2"
"514",2007-05-01,"Porvenir4","0"
"515",2007-05-01,"Reservas","9.7479823560894227E-2"
"516",2007-05-01,"Romana","9.6472001285855757E-2"
"517",2007-05-01,"Siembra","9.8104692654148451E-2"
"518",2007-06-01,"Atlántico","0"
"519",2007-06-01,"Camino1","0"
"520",2007-06-01,"Caribalico2","0"
"521",2007-06-01,"Crecer","9.7157971256023531E-2"
"522",2007-06-01,"JMMB-BDI","0"
"523",2007-06-01,"León3","0"
"524",2007-06-01,"Popular","9.3164521205437043E-2"
"525",2007-06-01,"Porvenir4","0"
"526",2007-06-01,"Reservas","9.3482062837821456E-2"
"527",2007-06-01,"Romana","9.2327592842274195E-2"
"528",2007-06-01,"Siembra","9.427950604740222E-2"
"529",2007-07-01,"Atlántico","0"
"530",2007-07-01,"Camino1","0"
"531",2007-07-01,"Caribalico2","0"
"532",2007-07-01,"Crecer","9.4090336128113142E-2"
"533",2007-07-01,"JMMB-BDI","0"
"534",2007-07-01,"León3","0"
"535",2007-07-01,"Popular","8.9968375040617263E-2"
"536",2007-07-01,"Porvenir4","0"
"537",2007-07-01,"Reservas","9.0123183111685781E-2"
"538",2007-07-01,"Romana","8.9118611488808952E-2"
"539",2007-07-01,"Siembra","9.1271988690811087E-2"
"540",2007-08-01,"Atlántico","0"
"541",2007-08-01,"Camino1","0"
"542",2007-08-01,"Caribalico2","0"
"543",2007-08-01,"Crecer","9.1320958867805016E-2"
"544",2007-08-01,"JMMB-BDI","0"
"545",2007-08-01,"León3","0"
"546",2007-08-01,"Popular","8.7048267094625972E-2"
"547",2007-08-01,"Porvenir4","0"
"548",2007-08-01,"Reservas","8.7184701721097144E-2"
"549",2007-08-01,"Romana","8.6435332378299604E-2"
"550",2007-08-01,"Siembra","8.8589237748883942E-2"
"551",2007-09-01,"Atlántico","0"
"552",2007-09-01,"Camino1","0"
"553",2007-09-01,"Caribalico2","0"
"554",2007-09-01,"Crecer","8.922926269673305E-2"
"555",2007-09-01,"JMMB-BDI","0"
"556",2007-09-01,"León3","0"
"557",2007-09-01,"Popular","8.5661076806598194E-2"
"558",2007-09-01,"Porvenir4","0"
"559",2007-09-01,"Reservas","8.42251649669883E-2"
"560",2007-09-01,"Romana","8.080062649631635E-2"
"561",2007-09-01,"Siembra","8.6927940567298467E-2"
"562",2007-10-01,"Atlántico","0"
"563",2007-10-01,"Camino1","0"
"564",2007-10-01,"Caribalico2","0"
"565",2007-10-01,"Crecer","8.7973985540240801E-2"
"566",2007-10-01,"JMMB-BDI","0"
"567",2007-10-01,"León3","0"
"568",2007-10-01,"Popular","8.5065885622280998E-2"
"569",2007-10-01,"Porvenir4","0"
"570",2007-10-01,"Reservas","8.3330353411559907E-2"
"571",2007-10-01,"Romana","7.9741564752388472E-2"
"572",2007-10-01,"Siembra","8.5904741726818834E-2"
"573",2007-11-01,"Atlántico","0"
"574",2007-11-01,"Camino1","0"
"575",2007-11-01,"Caribalico2","0"
"576",2007-11-01,"Crecer","8.7124049287607794E-2"
"577",2007-11-01,"JMMB-BDI","0"
"578",2007-11-01,"León3","0"
"579",2007-11-01,"Popular","8.4506499073803601E-2"
"580",2007-11-01,"Porvenir4","0"
"581",2007-11-01,"Reservas","8.291947412827616E-2"
"582",2007-11-01,"Romana","7.9880375825350569E-2"
"583",2007-11-01,"Siembra","8.5153305715531355E-2"
"584",2007-12-01,"Atlántico","0"
"585",2007-12-01,"Camino1","0"
"586",2007-12-01,"Caribalico2","0"
"587",2007-12-01,"Crecer","8.6807361915582207E-2"
"588",2007-12-01,"JMMB-BDI","0"
"589",2007-12-01,"León3","0"
"590",2007-12-01,"Popular","8.4366844752335801E-2"
"591",2007-12-01,"Porvenir4","0"
"592",2007-12-01,"Reservas","8.2792931058556701E-2"
"593",2007-12-01,"Romana","7.9484293541368697E-2"
"594",2007-12-01,"Siembra","8.4953795519465705E-2"
"595",2008-01-01,"Atlántico","0"
"596",2008-01-01,"Camino1","0"
"597",2008-01-01,"Caribalico2","0"
"598",2008-01-01,"Crecer","8.6282989179596856E-2"
"599",2008-01-01,"JMMB-BDI","0"
"600",2008-01-01,"León3","0"
"601",2008-01-01,"Popular","8.364246932022068E-2"
"602",2008-01-01,"Porvenir4","0"
"603",2008-01-01,"Reservas","8.2205166200947519E-2"
"604",2008-01-01,"Romana","7.880394186130335E-2"
"605",2008-01-01,"Siembra","8.4138496881322133E-2"
"606",2008-02-01,"Atlántico","0"
"607",2008-02-01,"Camino1","0"
"608",2008-02-01,"Caribalico2","0"
"609",2008-02-01,"Crecer","8.6316517711398935E-2"
"610",2008-02-01,"JMMB-BDI","0"
"611",2008-02-01,"León3","0"
"612",2008-02-01,"Popular","8.3940918982995813E-2"
"613",2008-02-01,"Porvenir4","0"
"614",2008-02-01,"Reservas","8.1704448937700125E-2"
"615",2008-02-01,"Romana","7.8737443749941738E-2"
"616",2008-02-01,"Siembra","8.4393928982313238E-2"
"617",2008-03-01,"Atlántico","0"
"618",2008-03-01,"Camino1","0"
"619",2008-03-01,"Caribalico2","0"
"620",2008-03-01,"Crecer","8.48929769598879E-2"
"621",2008-03-01,"JMMB-BDI","0"
"622",2008-03-01,"León3","0"
"623",2008-03-01,"Popular","8.4449076883177807E-2"
"624",2008-03-01,"Porvenir4","0"
"625",2008-03-01,"Reservas","8.2210504008082899E-2"
"626",2008-03-01,"Romana","7.9306545394167705E-2"
"627",2008-03-01,"Siembra","8.4652201138184294E-2"
"628",2008-04-01,"Atlántico","0"
"629",2008-04-01,"Camino1","0"
"630",2008-04-01,"Caribalico2","0"
"631",2008-04-01,"Crecer","8.5698619983389998E-2"
"632",2008-04-01,"JMMB-BDI","0"
"633",2008-04-01,"León3","0"
"634",2008-04-01,"Popular","8.5486404987881168E-2"
"635",2008-04-01,"Porvenir4","0"
"636",2008-04-01,"Reservas","8.2870258470521888E-2"
"637",2008-04-01,"Romana","8.0121269132642295E-2"
"638",2008-04-01,"Siembra","8.5336150913929418E-2"
"639",2008-05-01,"Atlántico","0"
"640",2008-05-01,"Camino1","0"
"641",2008-05-01,"Caribalico2","0"
"642",2008-05-01,"Crecer","8.5470316802154195E-2"
"643",2008-05-01,"JMMB-BDI","0"
"644",2008-05-01,"León3","0"
"645",2008-05-01,"Popular","8.5601711656881893E-2"
"646",2008-05-01,"Porvenir4","0"
"647",2008-05-01,"Reservas","8.4585926997070404E-2"
"648",2008-05-01,"Romana","7.9453963663087795E-2"
"649",2008-05-01,"Siembra","8.5660064085061494E-2"
"650",2008-06-01,"Atlántico","0"
"651",2008-06-01,"Camino1","0"
"652",2008-06-01,"Caribalico2","0"
"653",2008-06-01,"Crecer","8.6628932572076198E-2"
"654",2008-06-01,"JMMB-BDI","0"
"655",2008-06-01,"León3","0"
"656",2008-06-01,"Popular","8.7548065734859695E-2"
"657",2008-06-01,"Porvenir4","0"
"658",2008-06-01,"Reservas","8.5759275749480099E-2"
"659",2008-06-01,"Romana","7.9905291712295295E-2"
"660",2008-06-01,"Siembra","8.6407261353362394E-2"
"661",2008-07-01,"Atlántico","0"
"662",2008-07-01,"Camino1","0"
"663",2008-07-01,"Caribalico2","0"
"664",2008-07-01,"Crecer","8.9599999999999999E-2"
"665",2008-07-01,"JMMB-BDI","0"
"666",2008-07-01,"León3","0"
"667",2008-07-01,"Popular","9.1899999999999996E-2"
"668",2008-07-01,"Porvenir4","0"
"669",2008-07-01,"Reservas","9.0499999999999997E-2"
"670",2008-07-01,"Romana","8.4199999999999997E-2"
"671",2008-07-01,"Siembra","9.1300000000000006E-2"
"672",2008-08-01,"Atlántico","0"
"673",2008-08-01,"Camino1","0"
"674",2008-08-01,"Caribalico2","0"
"675",2008-08-01,"Crecer","9.2600000000000002E-2"
"676",2008-08-01,"JMMB-BDI","0"
"677",2008-08-01,"León3","0"
"678",2008-08-01,"Popular","9.6299999999999997E-2"
"679",2008-08-01,"Porvenir4","0"
"680",2008-08-01,"Reservas","9.3799999999999994E-2"
"681",2008-08-01,"Romana","8.6300000000000002E-2"
"682",2008-08-01,"Siembra","9.4899999999999998E-2"
"683",2008-09-01,"Atlántico","0"
"684",2008-09-01,"Camino1","0"
"685",2008-09-01,"Caribalico2","0"
"686",2008-09-01,"Crecer","9.8599999999999993E-2"
"687",2008-09-01,"JMMB-BDI","0"
"688",2008-09-01,"León3","0"
"689",2008-09-01,"Popular","0.1028"
"690",2008-09-01,"Porvenir4","0"
"691",2008-09-01,"Reservas","0.1013"
"692",2008-09-01,"Romana","9.5600000000000004E-2"
"693",2008-09-01,"Siembra","0.1009"
"694",2008-10-01,"Atlántico","0"
"695",2008-10-01,"Camino1","0"
"696",2008-10-01,"Caribalico2","0"
"697",2008-10-01,"Crecer","0.1036"
"698",2008-10-01,"JMMB-BDI","0"
"699",2008-10-01,"León3","0"
"700",2008-10-01,"Popular","0.10829999999999999"
"701",2008-10-01,"Porvenir4","0"
"702",2008-10-01,"Reservas","0.10639999999999999"
"703",2008-10-01,"Romana","0.10100000000000001"
"704",2008-10-01,"Siembra","0.1062"
"705",2008-11-01,"Atlántico","0"
"706",2008-11-01,"Camino1","0"
"707",2008-11-01,"Caribalico2","0"
"708",2008-11-01,"Crecer","0.10879999999999999"
"709",2008-11-01,"JMMB-BDI","0"
"710",2008-11-01,"León3","0"
"711",2008-11-01,"Popular","0.1148"
"712",2008-11-01,"Porvenir4","0"
"713",2008-11-01,"Reservas","0.1147"
"714",2008-11-01,"Romana","0.1032"
"715",2008-11-01,"Siembra","0.1139"
"716",2008-12-01,"Atlántico","0"
"717",2008-12-01,"Camino1","0"
"718",2008-12-01,"Caribalico2","0"
"719",2008-12-01,"Crecer","0.11624894376727468"
"720",2008-12-01,"JMMB-BDI","0"
"721",2008-12-01,"León3","0"
"722",2008-12-01,"Popular","0.12280725393518033"
"723",2008-12-01,"Porvenir4","0"
"724",2008-12-01,"Reservas","0.12243683374122183"
"725",2008-12-01,"Romana","0.10964297981235749"
"726",2008-12-01,"Siembra","0.12164469393616774"
"727",2009-01-01,"Atlántico","0"
"728",2009-01-01,"Camino1","0"
"729",2009-01-01,"Caribalico2","0"
"730",2009-01-01,"Crecer","0.1226"
"731",2009-01-01,"JMMB-BDI","0"
"732",2009-01-01,"León3","0"
"733",2009-01-01,"Popular","0.1293"
"734",2009-01-01,"Porvenir4","0"
"735",2009-01-01,"Reservas","0.13"
"736",2009-01-01,"Romana","0.1164"
"737",2009-01-01,"Siembra","0.1288"
"738",2009-02-01,"Atlántico","0"
"739",2009-02-01,"Camino1","0"
"740",2009-02-01,"Caribalico2","0"
"741",2009-02-01,"Crecer","0.12809999999999999"
"742",2009-02-01,"JMMB-BDI","0"
"743",2009-02-01,"León3","0"
"744",2009-02-01,"Popular","0.13519999999999999"
"745",2009-02-01,"Porvenir4","0"
"746",2009-02-01,"Reservas","0.13639999999999999"
"747",2009-02-01,"Romana","0.12089999999999999"
"748",2009-02-01,"Siembra","0.13500000000000001"
"749",2009-03-01,"Atlántico","0"
"750",2009-03-01,"Camino1","0"
"751",2009-03-01,"Caribalico2","0"
"752",2009-03-01,"Crecer","0.13519999999999999"
"753",2009-03-01,"JMMB-BDI","0"
"754",2009-03-01,"León3","0"
"755",2009-03-01,"Popular","0.1421"
"756",2009-03-01,"Porvenir4","0"
"757",2009-03-01,"Reservas","0.1474"
"758",2009-03-01,"Romana","0.12790000000000001"
"759",2009-03-01,"Siembra","0.14349999999999999"
"760",2009-04-01,"Atlántico","0"
"761",2009-04-01,"Camino1","0"
"762",2009-04-01,"Caribalico2","0"
"763",2009-04-01,"Crecer","0.14080000000000001"
"764",2009-04-01,"JMMB-BDI","0"
"765",2009-04-01,"León3","0"
"766",2009-04-01,"Popular","0.1479"
"767",2009-04-01,"Porvenir4","0"
"768",2009-04-01,"Reservas","0.1535"
"769",2009-04-01,"Romana","0.1326"
"770",2009-04-01,"Siembra","0.14990000000000001"
"771",2009-05-01,"Atlántico","0"
"772",2009-05-01,"Camino1","0"
"773",2009-05-01,"Caribalico2","0"
"774",2009-05-01,"Crecer","0.1447"
"775",2009-05-01,"JMMB-BDI","0"
"776",2009-05-01,"León3","0"
"777",2009-05-01,"Popular","0.15110000000000001"
"778",2009-05-01,"Porvenir4","0"
"779",2009-05-01,"Reservas","0.15540000000000001"
"780",2009-05-01,"Romana","0.1361"
"781",2009-05-01,"Siembra","0.1535"
"782",2009-06-01,"Atlántico","0"
"783",2009-06-01,"Camino1","0"
"784",2009-06-01,"Caribalico2","0"
"785",2009-06-01,"Crecer","0.1489"
"786",2009-06-01,"JMMB-BDI","0"
"787",2009-06-01,"León3","0"
"788",2009-06-01,"Popular","0.1552"
"789",2009-06-01,"Porvenir4","0"
"790",2009-06-01,"Reservas","0.16009999999999999"
"791",2009-06-01,"Romana","0.1396"
"792",2009-06-01,"Siembra","0.1598"
"793",2009-07-01,"Atlántico","0"
"794",2009-07-01,"Camino1","0"
"795",2009-07-01,"Caribalico2","0"
"796",2009-07-01,"Crecer","0.1497"
"797",2009-07-01,"JMMB-BDI","0"
"798",2009-07-01,"León3","0"
"799",2009-07-01,"Popular","0.1542"
"800",2009-07-01,"Porvenir4","0"
"801",2009-07-01,"Reservas","0.15939999999999999"
"802",2009-07-01,"Romana","0.14050000000000001"
"803",2009-07-01,"Siembra","0.15870000000000001"
"804",2009-08-01,"Atlántico","0"
"805",2009-08-01,"Camino1","0"
"806",2009-08-01,"Caribalico2","0"
"807",2009-08-01,"Crecer","0.15079999999999999"
"808",2009-08-01,"JMMB-BDI","0"
"809",2009-08-01,"León3","0"
"810",2009-08-01,"Popular","0.15590000000000001"
"811",2009-08-01,"Porvenir4","0"
"812",2009-08-01,"Reservas","0.1603"
"813",2009-08-01,"Romana","0.14019999999999999"
"814",2009-08-01,"Siembra","0.159"
"815",2009-09-01,"Atlántico","0"
"816",2009-09-01,"Camino1","0"
"817",2009-09-01,"Caribalico2","0"
"818",2009-09-01,"Crecer","0.1487"
"819",2009-09-01,"JMMB-BDI","0"
"820",2009-09-01,"León3","0"
"821",2009-09-01,"Popular","0.15229999999999999"
"822",2009-09-01,"Porvenir4","0"
"823",2009-09-01,"Reservas","0.15840000000000001"
"824",2009-09-01,"Romana","0.13769999999999999"
"825",2009-09-01,"Siembra","0.15690000000000001"
"826",2009-10-01,"Atlántico","0"
"827",2009-10-01,"Camino1","0"
"828",2009-10-01,"Caribalico2","0"
"829",2009-10-01,"Crecer","0.1457"
"830",2009-10-01,"JMMB-BDI","0"
"831",2009-10-01,"León3","0"
"832",2009-10-01,"Popular","0.14860000000000001"
"833",2009-10-01,"Porvenir4","0"
"834",2009-10-01,"Reservas","0.15620000000000001"
"835",2009-10-01,"Romana","0.1346"
"836",2009-10-01,"Siembra","0.15290000000000001"
"837",2009-11-01,"Atlántico","0"
"838",2009-11-01,"Camino1","0"
"839",2009-11-01,"Caribalico2","0"
"840",2009-11-01,"Crecer","0.1431"
"841",2009-11-01,"JMMB-BDI","0"
"842",2009-11-01,"León3","0"
"843",2009-11-01,"Popular","0.14399999999999999"
"844",2009-11-01,"Porvenir4","0"
"845",2009-11-01,"Reservas","0.151"
"846",2009-11-01,"Romana","0.13400000000000001"
"847",2009-11-01,"Siembra","0.14779999999999999"
"848",2009-12-01,"Atlántico","0"
"849",2009-12-01,"Camino1","0"
"850",2009-12-01,"Caribalico2","0"
"851",2009-12-01,"Crecer","0.13969999999999999"
"852",2009-12-01,"JMMB-BDI","0"
"853",2009-12-01,"León3","0"
"854",2009-12-01,"Popular","0.13769999999999999"
"855",2009-12-01,"Porvenir4","0"
"856",2009-12-01,"Reservas","0.14599999999999999"
"857",2009-12-01,"Romana","0.1295"
"858",2009-12-01,"Siembra","0.14219999999999999"
"859",2010-01-01,"Atlántico","0"
"860",2010-01-01,"Camino1","0"
"861",2010-01-01,"Caribalico2","0"
"862",2010-01-01,"Crecer","0.13389999999999999"
"863",2010-01-01,"JMMB-BDI","0"
"864",2010-01-01,"León3","0"
"865",2010-01-01,"Popular","0.13159999999999999"
"866",2010-01-01,"Porvenir4","0"
"867",2010-01-01,"Reservas","0.14000000000000001"
"868",2010-01-01,"Romana","0.1232"
"869",2010-01-01,"Siembra","0.13619999999999999"
"870",2010-02-01,"Atlántico","0"
"871",2010-02-01,"Camino1","0"
"872",2010-02-01,"Caribalico2","0"
"873",2010-02-01,"Crecer","0.12909999999999999"
"874",2010-02-01,"JMMB-BDI","0"
"875",2010-02-01,"León3","0"
"876",2010-02-01,"Popular","0.12620000000000001"
"877",2010-02-01,"Porvenir4","0"
"878",2010-02-01,"Reservas","0.13589999999999999"
"879",2010-02-01,"Romana","0.11940000000000001"
"880",2010-02-01,"Siembra","0.13109999999999999"
"881",2010-03-01,"Atlántico","0"
"882",2010-03-01,"Camino1","0"
"883",2010-03-01,"Caribalico2","0"
"884",2010-03-01,"Crecer","0.12330000000000001"
"885",2010-03-01,"JMMB-BDI","0"
"886",2010-03-01,"León3","0"
"887",2010-03-01,"Popular","0.12180000000000001"
"888",2010-03-01,"Porvenir4","0"
"889",2010-03-01,"Reservas","0.1273"
"890",2010-03-01,"Romana","0.1142"
"891",2010-03-01,"Siembra","0.12770000000000001"
"892",2010-04-01,"Atlántico","0"
"893",2010-04-01,"Camino1","0"
"894",2010-04-01,"Caribalico2","0"
"895",2010-04-01,"Crecer","0.11849999999999999"
"896",2010-04-01,"JMMB-BDI","0"
"897",2010-04-01,"León3","0"
"898",2010-04-01,"Popular","0.11899999999999999"
"899",2010-04-01,"Porvenir4","0"
"900",2010-04-01,"Reservas","0.1239"
"901",2010-04-01,"Romana","0.1091"
"902",2010-04-01,"Siembra","0.1245"
"903",2010-05-01,"Atlántico","0"
"904",2010-05-01,"Camino1","0"
"905",2010-05-01,"Caribalico2","0"
"906",2010-05-01,"Crecer","0.1157"
"907",2010-05-01,"JMMB-BDI","0"
"908",2010-05-01,"León3","0"
"909",2010-05-01,"Popular","0.1169"
"910",2010-05-01,"Porvenir4","0"
"911",2010-05-01,"Reservas","0.1235"
"912",2010-05-01,"Romana","0.1084"
"913",2010-05-01,"Siembra","0.12239999999999999"
"914",2010-06-01,"Atlántico","0"
"915",2010-06-01,"Camino1","0"
"916",2010-06-01,"Caribalico2","0"
"917",2010-06-01,"Crecer","0.1148"
"918",2010-06-01,"JMMB-BDI","0"
"919",2010-06-01,"León3","0"
"920",2010-06-01,"Popular","0.11459999999999999"
"921",2010-06-01,"Porvenir4","0"
"922",2010-06-01,"Reservas","0.1203"
"923",2010-06-01,"Romana","0.10730000000000001"
"924",2010-06-01,"Siembra","0.1177"
"925",2010-07-01,"Atlántico","0"
"926",2010-07-01,"Camino1","0"
"927",2010-07-01,"Caribalico2","0"
"928",2010-07-01,"Crecer","0.1114"
"929",2010-07-01,"JMMB-BDI","0"
"930",2010-07-01,"León3","0"
"931",2010-07-01,"Popular","0.112"
"932",2010-07-01,"Porvenir4","0"
"933",2010-07-01,"Reservas","0.1179"
"934",2010-07-01,"Romana","0.1018"
"935",2010-07-01,"Siembra","0.1149"
"936",2010-08-01,"Atlántico","0"
"937",2010-08-01,"Camino1","0"
"938",2010-08-01,"Caribalico2","0"
"939",2010-08-01,"Crecer","0.109"
"940",2010-08-01,"JMMB-BDI","0"
"941",2010-08-01,"León3","0"
"942",2010-08-01,"Popular","0.1077"
"943",2010-08-01,"Porvenir4","0"
"944",2010-08-01,"Reservas","0.11600000000000001"
"945",2010-08-01,"Romana","0.1008"
"946",2010-08-01,"Siembra","0.11310000000000001"
"947",2010-09-01,"Atlántico","0"
"948",2010-09-01,"Camino1","0"
"949",2010-09-01,"Caribalico2","0"
"950",2010-09-01,"Crecer","0.107"
"951",2010-09-01,"JMMB-BDI","0"
"952",2010-09-01,"León3","0"
"953",2010-09-01,"Popular","0.10639999999999999"
"954",2010-09-01,"Porvenir4","0"
"955",2010-09-01,"Reservas","0.1142"
"956",2010-09-01,"Romana","0.10349999999999999"
"957",2010-09-01,"Siembra","0.1123"
"958",2010-10-01,"Atlántico","0"
"959",2010-10-01,"Camino1","0"
"960",2010-10-01,"Caribalico2","0"
"961",2010-10-01,"Crecer","0.10512720595503"
"962",2010-10-01,"JMMB-BDI","0"
"963",2010-10-01,"León3","0"
"964",2010-10-01,"Popular","0.104905553418699"
"965",2010-10-01,"Porvenir4","0"
"966",2010-10-01,"Reservas","0.112625737130205"
"967",2010-10-01,"Romana","0.102981052716432"
"968",2010-10-01,"Siembra","0.111539299787936"
"969",2010-11-01,"Atlántico","0"
"970",2010-11-01,"Camino1","0"
"971",2010-11-01,"Caribalico2","0"
"972",2010-11-01,"Crecer","0.104972794720501"
"973",2010-11-01,"JMMB-BDI","0"
"974",2010-11-01,"León3","0"
"975",2010-11-01,"Popular","0.107054206204939"
"976",2010-11-01,"Porvenir4","0"
"977",2010-11-01,"Reservas","0.11241999885538299"
"978",2010-11-01,"Romana","0.10281511153462"
"979",2010-11-01,"Siembra","0.111455473723691"
"980",2010-12-01,"Atlántico","0"
"981",2010-12-01,"Camino1","0"
"982",2010-12-01,"Caribalico2","0"
"983",2010-12-01,"Crecer","0.10524461800772"
"984",2010-12-01,"JMMB-BDI","0"
"985",2010-12-01,"León3","0"
"986",2010-12-01,"Popular","0.107229431624965"
"987",2010-12-01,"Porvenir4","0"
"988",2010-12-01,"Reservas","0.112136366612914"
"989",2010-12-01,"Romana","0.102772157998287"
"990",2010-12-01,"Siembra","0.11141154575163"
"991",2011-01-01,"Atlántico","0"
"992",2011-01-01,"Camino1","0"
"993",2011-01-01,"Caribalico2","0"
"994",2011-01-01,"Crecer","0.105935767144356"
"995",2011-01-01,"JMMB-BDI","0"
"996",2011-01-01,"León3","0"
"997",2011-01-01,"Popular","0.10841966221622799"
"998",2011-01-01,"Porvenir4","0"
"999",2011-01-01,"Reservas","0.112783574220222"
"1000",2011-01-01,"Romana","0.103642862466957"
"1001",2011-01-01,"Siembra","0.112398254699664"
"1002",2011-02-01,"Atlántico","0"
"1003",2011-02-01,"Camino1","0"
"1004",2011-02-01,"Caribalico2","0"
"1005",2011-02-01,"Crecer","0.107143597962831"
"1006",2011-02-01,"JMMB-BDI","0"
"1007",2011-02-01,"León3","0"
"1008",2011-02-01,"Popular","0.109376746130741"
"1009",2011-02-01,"Porvenir4","0"
"1010",2011-02-01,"Reservas","0.114475684911737"
"1011",2011-02-01,"Romana","0.104074345386931"
"1012",2011-02-01,"Siembra","0.113100594646592"
"1013",2011-03-01,"Atlántico","0"
"1014",2011-03-01,"Camino1","0"
"1015",2011-03-01,"Caribalico2","0"
"1016",2011-03-01,"Crecer","0.108729400207754"
"1017",2011-03-01,"JMMB-BDI","0"
"1018",2011-03-01,"León3","0"
"1019",2011-03-01,"Popular","0.107847563256649"
"1020",2011-03-01,"Porvenir4","0"
"1021",2011-03-01,"Reservas","0.113811149636697"
"1022",2011-03-01,"Romana","0.102851327040651"
"1023",2011-03-01,"Siembra","0.11116533450138801"
"1024",2011-04-01,"Atlántico","0"
"1025",2011-04-01,"Camino1","0"
"1026",2011-04-01,"Caribalico2","0"
"1027",2011-04-01,"Crecer","0.11020000000000001"
"1028",2011-04-01,"JMMB-BDI","0"
"1029",2011-04-01,"León3","0"
"1030",2011-04-01,"Popular","0.1087"
"1031",2011-04-01,"Porvenir4","0"
"1032",2011-04-01,"Reservas","0.1134"
"1033",2011-04-01,"Romana","0.1046"
"1034",2011-04-01,"Siembra","0.1148"
"1035",2011-05-01,"Atlántico","0"
"1036",2011-05-01,"Camino1","0"
"1037",2011-05-01,"Caribalico2","0"
"1038",2011-05-01,"Crecer","0.110347892346443"
"1039",2011-05-01,"JMMB-BDI","0"
"1040",2011-05-01,"León3","0"
"1041",2011-05-01,"Popular","0.112770777646437"
"1042",2011-05-01,"Porvenir4","0"
"1043",2011-05-01,"Reservas","0.113710836351435"
"1044",2011-05-01,"Romana","0.103259991890908"
"1045",2011-05-01,"Siembra","0.11538905640149801"
"1046",2011-06-01,"Atlántico","0"
"1047",2011-06-01,"Camino1","0"
"1048",2011-06-01,"Caribalico2","0"
"1049",2011-06-01,"Crecer","0.11155431672850601"
"1050",2011-06-01,"JMMB-BDI","0"
"1051",2011-06-01,"León3","0"
"1052",2011-06-01,"Popular","0.113271479651002"
"1053",2011-06-01,"Porvenir4","0"
"1054",2011-06-01,"Reservas","0.116253564151116"
"1055",2011-06-01,"Romana","0.102664828168596"
"1056",2011-06-01,"Siembra","0.116630217431186"
"1057",2011-07-01,"Atlántico","0"
"1058",2011-07-01,"Camino1","0"
"1059",2011-07-01,"Caribalico2","0"
"1060",2011-07-01,"Crecer","0.11329754236421199"
"1061",2011-07-01,"JMMB-BDI","0"
"1062",2011-07-01,"León3","0"
"1063",2011-07-01,"Popular","0.11514963424576501"
"1064",2011-07-01,"Porvenir4","0"
"1065",2011-07-01,"Reservas","0.11701087727371801"
"1066",2011-07-01,"Romana","0.10517517124584599"
"1067",2011-07-01,"Siembra","0.11798387589868201"
"1068",2011-08-01,"Atlántico","0"
"1069",2011-08-01,"Camino1","0"
"1070",2011-08-01,"Caribalico2","0"
"1071",2011-08-01,"Crecer","0.1162"
"1072",2011-08-01,"JMMB-BDI","0"
"1073",2011-08-01,"León3","0"
"1074",2011-08-01,"Popular","0.1173"
"1075",2011-08-01,"Porvenir4","0"
"1076",2011-08-01,"Reservas","0.1197"
"1077",2011-08-01,"Romana","0.1081"
"1078",2011-08-01,"Siembra","0.1203"
"1079",2011-09-01,"Atlántico","0"
"1080",2011-09-01,"Camino1","0"
"1081",2011-09-01,"Caribalico2","0"
"1082",2011-09-01,"Crecer","0.11865660808803299"
"1083",2011-09-01,"JMMB-BDI","0"
"1084",2011-09-01,"León3","0"
"1085",2011-09-01,"Popular","0.11979695050523601"
"1086",2011-09-01,"Porvenir4","0"
"1087",2011-09-01,"Reservas","0.122730975381681"
"1088",2011-09-01,"Romana","0.106058739928952"
"1089",2011-09-01,"Siembra","0.12158934091251"
"1090",2011-10-01,"Atlántico","0"
"1091",2011-10-01,"Camino1","0"
"1092",2011-10-01,"Caribalico2","0"
"1093",2011-10-01,"Crecer","0.122"
"1094",2011-10-01,"JMMB-BDI","0"
"1095",2011-10-01,"León3","0"
"1096",2011-10-01,"Popular","0.12268700256798699"
"1097",2011-10-01,"Porvenir4","0"
"1098",2011-10-01,"Reservas","0.12640000000000001"
"1099",2011-10-01,"Romana","0.1077"
"1100",2011-10-01,"Siembra","0.1246"
"1101",2011-11-01,"Atlántico","0"
"1102",2011-11-01,"Camino1","0"
"1103",2011-11-01,"Caribalico2","0"
"1104",2011-11-01,"Crecer","0.12286810844104"
"1105",2011-11-01,"JMMB-BDI","0"
"1106",2011-11-01,"León3","0"
"1107",2011-11-01,"Popular","0.12210674395071899"
"1108",2011-11-01,"Porvenir4","0"
"1109",2011-11-01,"Reservas","0.12728159655485199"
"1110",2011-11-01,"Romana","0.109665219757868"
"1111",2011-11-01,"Siembra","0.12548805492186199"
"1112",2011-12-01,"Atlántico","0"
"1113",2011-12-01,"Camino1","0"
"1114",2011-12-01,"Caribalico2","0"
"1115",2011-12-01,"Crecer","0.122540735467036"
"1116",2011-12-01,"JMMB-BDI","0"
"1117",2011-12-01,"León3","0"
"1118",2011-12-01,"Popular","0.12344683797825901"
"1119",2011-12-01,"Porvenir4","0"
"1120",2011-12-01,"Reservas","0.12873793303294301"
"1121",2011-12-01,"Romana","0.11209120977294899"
"1122",2011-12-01,"Siembra","0.12740635463580699"
"1123",2012-01-01,"Atlántico","0"
"1124",2012-01-01,"Camino1","0"
"1125",2012-01-01,"Caribalico2","0"
"1126",2012-01-01,"Crecer","0.12485565307688"
"1127",2012-01-01,"JMMB-BDI","0"
"1128",2012-01-01,"León3","0"
"1129",2012-01-01,"Popular","0.125685952292825"
"1130",2012-01-01,"Porvenir4","0"
"1131",2012-01-01,"Reservas","0.130406558204051"
"1132",2012-01-01,"Romana","0.114769352424125"
"1133",2012-01-01,"Siembra","0.128742076210284"
"1134",2012-02-01,"Atlántico","0"
"1135",2012-02-01,"Camino1","0"
"1136",2012-02-01,"Caribalico2","0"
"1137",2012-02-01,"Crecer","0.12662844883152299"
"1138",2012-02-01,"JMMB-BDI","0"
"1139",2012-02-01,"León3","0"
"1140",2012-02-01,"Popular","0.12805472866915699"
"1141",2012-02-01,"Porvenir4","0"
"1142",2012-02-01,"Reservas","0.130669728429612"
"1143",2012-02-01,"Romana","0.11561907207113301"
"1144",2012-02-01,"Siembra","0.13113125395486799"
"1145",2012-03-01,"Atlántico","0"
"1146",2012-03-01,"Camino1","0"
"1147",2012-03-01,"Caribalico2","0"
"1148",2012-03-01,"Crecer","0.12732910730599301"
"1149",2012-03-01,"JMMB-BDI","0"
"1150",2012-03-01,"León3","0"
"1151",2012-03-01,"Popular","0.13020028338155501"
"1152",2012-03-01,"Porvenir4","0"
"1153",2012-03-01,"Reservas","0.13224570209079201"
"1154",2012-03-01,"Romana","0.11860810067535101"
"1155",2012-03-01,"Siembra","0.132429187883357"
"1156",2012-04-01,"Atlántico","0"
"1157",2012-04-01,"Camino1","0"
"1158",2012-04-01,"Caribalico2","0"
"1159",2012-04-01,"Crecer","0.12746977484343799"
"1160",2012-04-01,"JMMB-BDI","0"
"1161",2012-04-01,"León3","0"
"1162",2012-04-01,"Popular","0.12848088301681401"
"1163",2012-04-01,"Porvenir4","0"
"1164",2012-04-01,"Reservas","0.132602170680552"
"1165",2012-04-01,"Romana","0.119031641188322"
"1166",2012-04-01,"Siembra","0.12973000604249799"
"1167",2012-05-01,"Atlántico","0"
"1168",2012-05-01,"Camino1","0"
"1169",2012-05-01,"Caribalico2","0"
"1170",2012-05-01,"Crecer","0.130292653500137"
"1171",2012-05-01,"JMMB-BDI","0"
"1172",2012-05-01,"León3","0"
"1173",2012-05-01,"Popular","0.126926259019291"
"1174",2012-05-01,"Porvenir4","0"
"1175",2012-05-01,"Reservas","0.13276358495785401"
"1176",2012-05-01,"Romana","0.123413118559054"
"1177",2012-05-01,"Siembra","0.133124979303821"
"1178",2012-06-01,"Atlántico","0"
"1179",2012-06-01,"Camino1","0"
"1180",2012-06-01,"Caribalico2","0"
"1181",2012-06-01,"Crecer","0.13053468001109936"
"1182",2012-06-01,"JMMB-BDI","0"
"1183",2012-06-01,"León3","0"
"1184",2012-06-01,"Popular","0.12768452884882001"
"1185",2012-06-01,"Porvenir4","0"
"1186",2012-06-01,"Reservas","0.13400506595730999"
"1187",2012-06-01,"Romana","0.12764199185103742"
"1188",2012-06-01,"Siembra","0.13474698310393007"
"1189",2012-07-01,"Atlántico","0"
"1190",2012-07-01,"Camino1","0"
"1191",2012-07-01,"Caribalico2","0"
"1192",2012-07-01,"Crecer","0.13539999999999999"
"1193",2012-07-01,"JMMB-BDI","0"
"1194",2012-07-01,"León3","0"
"1195",2012-07-01,"Popular","0.1303"
"1196",2012-07-01,"Porvenir4","0"
"1197",2012-07-01,"Reservas","0.13789999999999999"
"1198",2012-07-01,"Romana","0.1338"
"1199",2012-07-01,"Siembra","0.14099999999999999"
"1200",2012-08-01,"Atlántico","0"
"1201",2012-08-01,"Camino1","0"
"1202",2012-08-01,"Caribalico2","0"
"1203",2012-08-01,"Crecer","0.13519999999999999"
"1204",2012-08-01,"JMMB-BDI","0"
"1205",2012-08-01,"León3","0"
"1206",2012-08-01,"Popular","0.1295"
"1207",2012-08-01,"Porvenir4","0"
"1208",2012-08-01,"Reservas","0.13730000000000001"
"1209",2012-08-01,"Romana","0.1356"
"1210",2012-08-01,"Siembra","0.1401"
"1211",2012-09-01,"Atlántico","0"
"1212",2012-09-01,"Camino1","0"
"1213",2012-09-01,"Caribalico2","0"
"1214",2012-09-01,"Crecer","0.13750000000000001"
"1215",2012-09-01,"JMMB-BDI","0"
"1216",2012-09-01,"León3","0"
"1217",2012-09-01,"Popular","0.13"
"1218",2012-09-01,"Porvenir4","0"
"1219",2012-09-01,"Reservas","0.13539999999999999"
"1220",2012-09-01,"Romana","0.13439999999999999"
"1221",2012-09-01,"Siembra","0.1404"
"1222",2012-10-01,"Atlántico","0"
"1223",2012-10-01,"Camino1","0"
"1224",2012-10-01,"Caribalico2","0"
"1225",2012-10-01,"Crecer","0.14000000000000001"
"1226",2012-10-01,"JMMB-BDI","0"
"1227",2012-10-01,"León3","0"
"1228",2012-10-01,"Popular","0.12920000000000001"
"1229",2012-10-01,"Porvenir4","0"
"1230",2012-10-01,"Reservas","0.13500000000000001"
"1231",2012-10-01,"Romana","0.14430000000000001"
"1232",2012-10-01,"Siembra","0.1459"
"1233",2012-11-01,"Atlántico","0"
"1234",2012-11-01,"Camino1","0"
"1235",2012-11-01,"Caribalico2","0"
"1236",2012-11-01,"Crecer","0.14199999999999999"
"1237",2012-11-01,"JMMB-BDI","0"
"1238",2012-11-01,"León3","0"
"1239",2012-11-01,"Popular","0.14199999999999999"
"1240",2012-11-01,"Porvenir4","0"
"1241",2012-11-01,"Reservas","0.14680000000000001"
"1242",2012-11-01,"Romana","0.14630000000000001"
"1243",2012-11-01,"Siembra","0.1502"
"1244",2012-12-01,"Atlántico","0"
"1245",2012-12-01,"Camino1","0"
"1246",2012-12-01,"Caribalico2","0"
"1247",2012-12-01,"Crecer","0.1396"
"1248",2012-12-01,"JMMB-BDI","0"
"1249",2012-12-01,"León3","0"
"1250",2012-12-01,"Popular","0.1401"
"1251",2012-12-01,"Porvenir4","0"
"1252",2012-12-01,"Reservas","0.14510000000000001"
"1253",2012-12-01,"Romana","0.1431"
"1254",2012-12-01,"Siembra","0.14860000000000001"
"1255",2013-01-01,"Atlántico","0"
"1256",2013-01-01,"Camino1","0"
"1257",2013-01-01,"Caribalico2","0"
"1258",2013-01-01,"Crecer","0.1371"
"1259",2013-01-01,"JMMB-BDI","0"
"1260",2013-01-01,"León3","0"
"1261",2013-01-01,"Popular","0.1381"
"1262",2013-01-01,"Porvenir4","0"
"1263",2013-01-01,"Reservas","0.14380000000000001"
"1264",2013-01-01,"Romana","0.14050000000000001"
"1265",2013-01-01,"Siembra","0.14749999999999999"
"1266",2013-02-01,"Atlántico","0"
"1267",2013-02-01,"Camino1","0"
"1268",2013-02-01,"Caribalico2","0"
"1269",2013-02-01,"Crecer","0.1386"
"1270",2013-02-01,"JMMB-BDI","0"
"1271",2013-02-01,"León3","0"
"1272",2013-02-01,"Popular","0.13650000000000001"
"1273",2013-02-01,"Porvenir4","0"
"1274",2013-02-01,"Reservas","0.14910000000000001"
"1275",2013-02-01,"Romana","0.1484"
"1276",2013-02-01,"Siembra","0.14910000000000001"
"1277",2013-03-01,"Atlántico","0"
"1278",2013-03-01,"Camino1","0"
"1279",2013-03-01,"Caribalico2","0"
"1280",2013-03-01,"Crecer","0.1434"
"1281",2013-03-01,"JMMB-BDI","0"
"1282",2013-03-01,"León3","0"
"1283",2013-03-01,"Popular","0.14000000000000001"
"1284",2013-03-01,"Porvenir4","0"
"1285",2013-03-01,"Reservas","0.15060000000000001"
"1286",2013-03-01,"Romana","0.14660000000000001"
"1287",2013-03-01,"Siembra","0.14990000000000001"
"1288",2013-04-01,"Atlántico","0"
"1289",2013-04-01,"Camino1","0"
"1290",2013-04-01,"Caribalico2","0"
"1291",2013-04-01,"Crecer","0.14649999999999999"
"1292",2013-04-01,"JMMB-BDI","0"
"1293",2013-04-01,"León3","0"
"1294",2013-04-01,"Popular","0.1421"
"1295",2013-04-01,"Porvenir4","0"
"1296",2013-04-01,"Reservas","0.1547"
"1297",2013-04-01,"Romana","0.151"
"1298",2013-04-01,"Siembra","0.15290000000000001"
"1299",2013-05-01,"Atlántico","0"
"1300",2013-05-01,"Camino1","0"
"1301",2013-05-01,"Caribalico2","0"
"1302",2013-05-01,"Crecer","0.14599999999999999"
"1303",2013-05-01,"JMMB-BDI","0"
"1304",2013-05-01,"León3","0"
"1305",2013-05-01,"Popular","0.14030000000000001"
"1306",2013-05-01,"Porvenir4","0"
"1307",2013-05-01,"Reservas","0.15479999999999999"
"1308",2013-05-01,"Romana","0.15559999999999999"
"1309",2013-05-01,"Siembra","0.1575"
"1310",2013-06-01,"Atlántico","0"
"1311",2013-06-01,"Camino1","0"
"1312",2013-06-01,"Caribalico2","0"
"1313",2013-06-01,"Crecer","0.14990000000000001"
"1314",2013-06-01,"JMMB-BDI","0"
"1315",2013-06-01,"León3","0"
"1316",2013-06-01,"Popular","0.1469"
"1317",2013-06-01,"Porvenir4","0"
"1318",2013-06-01,"Reservas","0.15809999999999999"
"1319",2013-06-01,"Romana","0.1663"
"1320",2013-06-01,"Siembra","0.16320000000000001"
"1321",2013-07-01,"Atlántico","0"
"1322",2013-07-01,"Camino1","0"
"1323",2013-07-01,"Caribalico2","0"
"1324",2013-07-01,"Crecer","0.15"
"1325",2013-07-01,"JMMB-BDI","0"
"1326",2013-07-01,"León3","0"
"1327",2013-07-01,"Popular","0.1542"
"1328",2013-07-01,"Porvenir4","0"
"1329",2013-07-01,"Reservas","0.1573"
"1330",2013-07-01,"Romana","0.16120000000000001"
"1331",2013-07-01,"Siembra","0.15920000000000001"
"1332",2013-08-01,"Atlántico","0"
"1333",2013-08-01,"Camino1","0"
"1334",2013-08-01,"Caribalico2","0"
"1335",2013-08-01,"Crecer","0.14560000000000001"
"1336",2013-08-01,"JMMB-BDI","0"
"1337",2013-08-01,"León3","0"
"1338",2013-08-01,"Popular","0.15310000000000001"
"1339",2013-08-01,"Porvenir4","0"
"1340",2013-08-01,"Reservas","0.1525"
"1341",2013-08-01,"Romana","0.1532"
"1342",2013-08-01,"Siembra","0.15559999999999999"
"1343",2013-09-01,"Atlántico","0"
"1344",2013-09-01,"Camino1","0"
"1345",2013-09-01,"Caribalico2","0"
"1346",2013-09-01,"Crecer","0.13650000000000001"
"1347",2013-09-01,"JMMB-BDI","0"
"1348",2013-09-01,"León3","0"
"1349",2013-09-01,"Popular","0.14460000000000001"
"1350",2013-09-01,"Porvenir4","0"
"1351",2013-09-01,"Reservas","0.14630000000000001"
"1352",2013-09-01,"Romana","0.1489"
"1353",2013-09-01,"Siembra","0.14749999999999999"
"1354",2013-10-01,"Atlántico","0"
"1355",2013-10-01,"Camino1","0"
"1356",2013-10-01,"Caribalico2","0"
"1357",2013-10-01,"Crecer","0.13370000000000001"
"1358",2013-10-01,"JMMB-BDI","0"
"1359",2013-10-01,"León3","0"
"1360",2013-10-01,"Popular","0.14080000000000001"
"1361",2013-10-01,"Porvenir4","0"
"1362",2013-10-01,"Reservas","0.14449999999999999"
"1363",2013-10-01,"Romana","0.1363"
"1364",2013-10-01,"Siembra","0.13600000000000001"
"1365",2013-11-01,"Atlántico","0"
"1366",2013-11-01,"Camino1","0"
"1367",2013-11-01,"Caribalico2","0"
"1368",2013-11-01,"Crecer","0.131409241978997"
"1369",2013-11-01,"JMMB-BDI","0"
"1370",2013-11-01,"León3","0"
"1371",2013-11-01,"Popular","0.130009755102243"
"1372",2013-11-01,"Porvenir4","0"
"1373",2013-11-01,"Reservas","0.13670589548377901"
"1374",2013-11-01,"Romana","0.131847841854561"
"1375",2013-11-01,"Siembra","0.13118767447899499"
"1376",2013-12-01,"Atlántico","0"
"1377",2013-12-01,"Camino1","0"
"1378",2013-12-01,"Caribalico2","0"
"1379",2013-12-01,"Crecer","0.13061278685682001"
"1380",2013-12-01,"JMMB-BDI","0"
"1381",2013-12-01,"León3","0"
"1382",2013-12-01,"Popular","0.13223267408391601"
"1383",2013-12-01,"Porvenir4","0"
"1384",2013-12-01,"Reservas","0.13743631485575"
"1385",2013-12-01,"Romana","0.124582211153085"
"1386",2013-12-01,"Siembra","0.13089095697080899"
"1387",2014-01-01,"Atlántico","0"
"1388",2014-01-01,"Camino1","0"
"1389",2014-01-01,"Caribalico2","0"
"1390",2014-01-01,"Crecer","0.13131762071075201"
"1391",2014-01-01,"JMMB-BDI","0"
"1392",2014-01-01,"León3","0"
"1393",2014-01-01,"Popular","0.130829904476018"
"1394",2014-01-01,"Porvenir4","0"
"1395",2014-01-01,"Reservas","0.13751157521568499"
"1396",2014-01-01,"Romana","0.12231339601456299"
"1397",2014-01-01,"Siembra","0.13393624384438299"
"1398",2014-02-01,"Atlántico","0"
"1399",2014-02-01,"Camino1","0"
"1400",2014-02-01,"Caribalico2","0"
"1401",2014-02-01,"Crecer","0.12976578809425199"
"1402",2014-02-01,"JMMB-BDI","0"
"1403",2014-02-01,"León3","0"
"1404",2014-02-01,"Popular","0.13070923573884399"
"1405",2014-02-01,"Porvenir4","0"
"1406",2014-02-01,"Reservas","0.13167698807789799"
"1407",2014-02-01,"Romana","0.115145519418627"
"1408",2014-02-01,"Siembra","0.131687423086255"
"1409",2014-03-01,"Atlántico","0"
"1410",2014-03-01,"Camino1","0"
"1411",2014-03-01,"Caribalico2","0"
"1412",2014-03-01,"Crecer","0.123459720600363"
"1413",2014-03-01,"JMMB-BDI","0"
"1414",2014-03-01,"León3","0"
"1415",2014-03-01,"Popular","0.12605359980063799"
"1416",2014-03-01,"Porvenir4","0"
"1417",2014-03-01,"Reservas","0.12825231659080599"
"1418",2014-03-01,"Romana","0.11437660916447399"
"1419",2014-03-01,"Siembra","0.128436457296843"
"1420",2014-04-01,"Atlántico","0"
"1421",2014-04-01,"Camino1","0"
"1422",2014-04-01,"Caribalico2","0"
"1423",2014-04-01,"Crecer","0.11903643651529899"
"1424",2014-04-01,"JMMB-BDI","0"
"1425",2014-04-01,"León3","0"
"1426",2014-04-01,"Popular","0.123320319335329"
"1427",2014-04-01,"Porvenir4","0"
"1428",2014-04-01,"Reservas","0.123488088136366"
"1429",2014-04-01,"Romana","0.110083809997743"
"1430",2014-04-01,"Siembra","0.12358205105556599"
"1431",2014-05-01,"Atlántico","0"
"1432",2014-05-01,"Camino1","0"
"1433",2014-05-01,"Caribalico2","0"
"1434",2014-05-01,"Crecer","0.115654795817347"
"1435",2014-05-01,"JMMB-BDI","0"
"1436",2014-05-01,"León3","0"
"1437",2014-05-01,"Popular","0.121626288239376"
"1438",2014-05-01,"Porvenir4","0"
"1439",2014-05-01,"Reservas","0.11999068365701"
"1440",2014-05-01,"Romana","0.101297334072943"
"1441",2014-05-01,"Siembra","0.11385527102139199"
"1442",2014-06-01,"Atlántico","0"
"1443",2014-06-01,"Camino1","0"
"1444",2014-06-01,"Caribalico2","0"
"1445",2014-06-01,"Crecer","0.113353713927855"
"1446",2014-06-01,"JMMB-BDI","0"
"1447",2014-06-01,"León3","0"
"1448",2014-06-01,"Popular","0.120550642658612"
"1449",2014-06-01,"Porvenir4","0"
"1450",2014-06-01,"Reservas","0.119219601772034"
"1451",2014-06-01,"Romana","9.1346393168508302E-2"
"1452",2014-06-01,"Siembra","0.113429362058569"
"1453",2014-07-01,"Atlántico","0"
"1454",2014-07-01,"Camino1","0"
"1455",2014-07-01,"Caribalico2","0"
"1456",2014-07-01,"Crecer","0.11088711734734"
"1457",2014-07-01,"JMMB-BDI","0"
"1458",2014-07-01,"León3","0"
"1459",2014-07-01,"Popular","0.11668449019793101"
"1460",2014-07-01,"Porvenir4","0"
"1461",2014-07-01,"Reservas","0.121955287333463"
"1462",2014-07-01,"Romana","0.111694004919839"
"1463",2014-07-01,"Siembra","0.120030894347774"
"1464",2014-08-01,"Atlántico","0"
"1465",2014-08-01,"Camino1","0"
"1466",2014-08-01,"Caribalico2","0"
"1467",2014-08-01,"Crecer","0.111721335607658"
"1468",2014-08-01,"JMMB-BDI","0"
"1469",2014-08-01,"León3","0"
"1470",2014-08-01,"Popular","0.11616373425897999"
"1471",2014-08-01,"Porvenir4","0"
"1472",2014-08-01,"Reservas","0.123841440768118"
"1473",2014-08-01,"Romana","0.11454728302945601"
"1474",2014-08-01,"Siembra","0.12075604902121399"
"1475",2014-09-01,"Atlántico","0"
"1476",2014-09-01,"Camino1","0"
"1477",2014-09-01,"Caribalico2","0"
"1478",2014-09-01,"Crecer","0.116028580967624"
"1479",2014-09-01,"JMMB-BDI","0"
"1480",2014-09-01,"León3","0"
"1481",2014-09-01,"Popular","0.12279780975876101"
"1482",2014-09-01,"Porvenir4","0"
"1483",2014-09-01,"Reservas","0.128209507223842"
"1484",2014-09-01,"Romana","0.118699842019242"
"1485",2014-09-01,"Siembra","0.12602813633669499"
"1486",2014-10-01,"Atlántico","0"
"1487",2014-10-01,"Camino1","0"
"1488",2014-10-01,"Caribalico2","0"
"1489",2014-10-01,"Crecer","0.11346658766701501"
"1490",2014-10-01,"JMMB-BDI","0"
"1491",2014-10-01,"León3","0"
"1492",2014-10-01,"Popular","0.12468420697881399"
"1493",2014-10-01,"Porvenir4","0"
"1494",2014-10-01,"Reservas","0.12689048072272299"
"1495",2014-10-01,"Romana","0.118430602153744"
"1496",2014-10-01,"Siembra","0.12846468106389999"
"1497",2014-11-01,"Atlántico","0"
"1498",2014-11-01,"Camino1","0"
"1499",2014-11-01,"Caribalico2","0"
"1500",2014-11-01,"Crecer","0.11202722272863599"
"1501",2014-11-01,"JMMB-BDI","0"
"1502",2014-11-01,"León3","0"
"1503",2014-11-01,"Popular","0.119958822874494"
"1504",2014-11-01,"Porvenir4","0"
"1505",2014-11-01,"Reservas","0.121503820614731"
"1506",2014-11-01,"Romana","0.117180415603871"
"1507",2014-11-01,"Siembra","0.126272939456401"
"1508",2014-12-01,"Atlántico","0"
"1509",2014-12-01,"Camino1","0"
"1510",2014-12-01,"Caribalico2","0"
"1511",2014-12-01,"Crecer","0.114045333882312"
"1512",2014-12-01,"JMMB-BDI","0"
"1513",2014-12-01,"León3","0"
"1514",2014-12-01,"Popular","0.119113171702925"
"1515",2014-12-01,"Porvenir4","0"
"1516",2014-12-01,"Reservas","0.12177522356846"
"1517",2014-12-01,"Romana","0.126126272424473"
"1518",2014-12-01,"Siembra","0.12761285071759201"
"1519",2015-01-01,"Atlántico","0"
"1520",2015-01-01,"Camino1","0"
"1521",2015-01-01,"Caribalico2","0"
"1522",2015-01-01,"Crecer","0.1152"
"1523",2015-01-01,"JMMB-BDI","0"
"1524",2015-01-01,"León3","0"
"1525",2015-01-01,"Popular","0.1211"
"1526",2015-01-01,"Porvenir4","0"
"1527",2015-01-01,"Reservas","0.1226"
"1528",2015-01-01,"Romana","0.1298"
"1529",2015-01-01,"Siembra","0.12529999999999999"
"1530",2015-02-01,"Atlántico","0"
"1531",2015-02-01,"Camino1","0"
"1532",2015-02-01,"Caribalico2","0"
"1533",2015-02-01,"Crecer","0.113063997439824"
"1534",2015-02-01,"JMMB-BDI","0"
"1535",2015-02-01,"León3","0"
"1536",2015-02-01,"Popular","0.12102680727868"
"1537",2015-02-01,"Porvenir4","0"
"1538",2015-02-01,"Reservas","0.121732111019656"
"1539",2015-02-01,"Romana","0.1290524120979"
"1540",2015-02-01,"Siembra","0.124834031690259"
"1541",2015-03-01,"Atlántico","0"
"1542",2015-03-01,"Camino1","0"
"1543",2015-03-01,"Caribalico2","0"
"1544",2015-03-01,"Crecer","0.11564032865155199"
"1545",2015-03-01,"JMMB-BDI","0"
"1546",2015-03-01,"León3","0"
"1547",2015-03-01,"Popular","0.12308469791901901"
"1548",2015-03-01,"Porvenir4","0"
"1549",2015-03-01,"Reservas","0.12588200601004801"
"1550",2015-03-01,"Romana","0.134628386284982"
"1551",2015-03-01,"Siembra","0.12790055429828301"
"1552",2015-04-01,"Atlántico","0"
"1553",2015-04-01,"Camino1","0"
"1554",2015-04-01,"Caribalico2","0"
"1555",2015-04-01,"Crecer","0.11610795074847099"
"1556",2015-04-01,"JMMB-BDI","0"
"1557",2015-04-01,"León3","0"
"1558",2015-04-01,"Popular","0.12355833890934199"
"1559",2015-04-01,"Porvenir4","0"
"1560",2015-04-01,"Reservas","0.12719449775959599"
"1561",2015-04-01,"Romana","0.13435696201247699"
"1562",2015-04-01,"Siembra","0.12781501416984101"
"1563",2015-05-01,"Atlántico","0"
"1564",2015-05-01,"Camino1","0"
"1565",2015-05-01,"Caribalico2","0"
"1566",2015-05-01,"Crecer","0.119712365787897"
"1567",2015-05-01,"JMMB-BDI","0"
"1568",2015-05-01,"León3","0"
"1569",2015-05-01,"Popular","0.12531129477799"
"1570",2015-05-01,"Porvenir4","0"
"1571",2015-05-01,"Reservas","0.13016399054621"
"1572",2015-05-01,"Romana","0.13576393967577899"
"1573",2015-05-01,"Siembra","0.129544939176711"
"1574",2015-06-01,"Atlántico","0"
"1575",2015-06-01,"Camino1","0"
"1576",2015-06-01,"Caribalico2","0"
"1577",2015-06-01,"Crecer","0.11642578728127401"
"1578",2015-06-01,"JMMB-BDI","0"
"1579",2015-06-01,"León3","0"
"1580",2015-06-01,"Popular","0.118528511165906"
"1581",2015-06-01,"Porvenir4","0"
"1582",2015-06-01,"Reservas","0.12366469293422"
"1583",2015-06-01,"Romana","0.130641057154363"
"1584",2015-06-01,"Siembra","0.12269348812700299"
"1585",2015-07-01,"Atlántico","0"
"1586",2015-07-01,"Camino1","0"
"1587",2015-07-01,"Caribalico2","0"
"1588",2015-07-01,"Crecer","0.11214609235700999"
"1589",2015-07-01,"JMMB-BDI","0"
"1590",2015-07-01,"León3","0"
"1591",2015-07-01,"Popular","0.11064238165527199"
"1592",2015-07-01,"Porvenir4","0"
"1593",2015-07-01,"Reservas","0.11640228785433901"
"1594",2015-07-01,"Romana","0.10830428155347199"
"1595",2015-07-01,"Siembra","0.11177576473337002"
"1596",2015-08-01,"Atlántico","0"
"1597",2015-08-01,"Camino1","0"
"1598",2015-08-01,"Caribalico2","0"
"1599",2015-08-01,"Crecer","0.11312854242782701"
"1600",2015-08-01,"JMMB-BDI","0"
"1601",2015-08-01,"León3","0"
"1602",2015-08-01,"Popular","0.1109"
"1603",2015-08-01,"Porvenir4","0"
"1604",2015-08-01,"Reservas","0.1158483502968"
"1605",2015-08-01,"Romana","0.10861388471003799"
"1606",2015-08-01,"Siembra","0.111661874845272"
"1607",2015-09-01,"Atlántico","0"
"1608",2015-09-01,"Camino1","0"
"1609",2015-09-01,"Caribalico2","0"
"1610",2015-09-01,"Crecer","0.1123"
"1611",2015-09-01,"JMMB-BDI","0"
"1612",2015-09-01,"León3","0"
"1613",2015-09-01,"Popular","0.1095"
"1614",2015-09-01,"Porvenir4","0"
"1615",2015-09-01,"Reservas","0.1157"
"1616",2015-09-01,"Romana","0.1071"
"1617",2015-09-01,"Siembra","0.1119"
"1618",2015-10-01,"Atlántico","0"
"1619",2015-10-01,"Camino1","0"
"1620",2015-10-01,"Caribalico2","0"
"1621",2015-10-01,"Crecer","0.11134687756290941"
"1622",2015-10-01,"JMMB-BDI","0"
"1623",2015-10-01,"León3","0"
"1624",2015-10-01,"Popular","0.10764320229071433"
"1625",2015-10-01,"Porvenir4","0"
"1626",2015-10-01,"Reservas","0.11419013055341608"
"1627",2015-10-01,"Romana","0.1072307954473537"
"1628",2015-10-01,"Siembra","0.1107234124227341"
"1629",2015-11-01,"Atlántico","0"
"1630",2015-11-01,"Camino1","0"
"1631",2015-11-01,"Caribalico2","0"
"1632",2015-11-01,"Crecer","0.10959365487921356"
"1633",2015-11-01,"JMMB-BDI","0"
"1634",2015-11-01,"León3","0"
"1635",2015-11-01,"Popular","0.10795245039971313"
"1636",2015-11-01,"Porvenir4","0"
"1637",2015-11-01,"Reservas","0.10974677750341065"
"1638",2015-11-01,"Romana","0.10803101140094619"
"1639",2015-11-01,"Siembra","0.10986237323471348"
"1640",2015-12-01,"Atlántico","0"
"1641",2015-12-01,"Camino1","0"
"1642",2015-12-01,"Caribalico2","0"
"1643",2015-12-01,"Crecer","0.1079259033200457"
"1644",2015-12-01,"JMMB-BDI","0"
"1645",2015-12-01,"León3","0"
"1646",2015-12-01,"Popular","0.10572728115856433"
"1647",2015-12-01,"Porvenir4","0"
"1648",2015-12-01,"Reservas","0.10781241594134695"
"1649",2015-12-01,"Romana","0.10491769612482461"
"1650",2015-12-01,"Siembra","0.10744763328509865"
"1651",2016-01-01,"Atlántico","0"
"1652",2016-01-01,"Camino1","0"
"1653",2016-01-01,"Caribalico2","0"
"1654",2016-01-01,"Crecer","0.10450572008752079"
"1655",2016-01-01,"JMMB-BDI","0"
"1656",2016-01-01,"León3","0"
"1657",2016-01-01,"Popular","0.10348689366922879"
"1658",2016-01-01,"Porvenir4","0"
"1659",2016-01-01,"Reservas","0.10435890352533207"
"1660",2016-01-01,"Romana","0.10212643890496054"
"1661",2016-01-01,"Siembra","0.10427917954291722"
"1662",2016-02-01,"Atlántico","0"
"1663",2016-02-01,"Camino1","0"
"1664",2016-02-01,"Caribalico2","0"
"1665",2016-02-01,"Crecer","0.10464511427066858"
"1666",2016-02-01,"JMMB-BDI","0"
"1667",2016-02-01,"León3","0"
"1668",2016-02-01,"Popular","0.10293921605620016"
"1669",2016-02-01,"Porvenir4","0"
"1670",2016-02-01,"Reservas","0.10339074809801317"
"1671",2016-02-01,"Romana","0.10255574488614716"
"1672",2016-02-01,"Siembra","0.10207441817367592"
"1673",2016-03-01,"Atlántico","0"
"1674",2016-03-01,"Camino1","0"
"1675",2016-03-01,"Caribalico2","0"
"1676",2016-03-01,"Crecer","0.10127668273080669"
"1677",2016-03-01,"JMMB-BDI","0"
"1678",2016-03-01,"León3","0"
"1679",2016-03-01,"Popular","0.10055473258226577"
"1680",2016-03-01,"Porvenir4","0"
"1681",2016-03-01,"Reservas","9.9782097410074488E-2"
"1682",2016-03-01,"Romana","9.8282601398336875E-2"
"1683",2016-03-01,"Siembra","9.8967088697204067E-2"
"1684",2016-04-01,"Atlántico","0"
"1685",2016-04-01,"Camino1","0"
"1686",2016-04-01,"Caribalico2","0"
"1687",2016-04-01,"Crecer","0.10082801621656579"
"1688",2016-04-01,"JMMB-BDI","0"
"1689",2016-04-01,"León3","0"
"1690",2016-04-01,"Popular","9.9338608212919954E-2"
"1691",2016-04-01,"Porvenir4","0"
"1692",2016-04-01,"Reservas","9.7968136240845785E-2"
"1693",2016-04-01,"Romana","9.722375962451156E-2"
"1694",2016-04-01,"Siembra","9.9102262140242883E-2"
"1695",2016-05-01,"Atlántico","0"
"1696",2016-05-01,"Camino1","0"
"1697",2016-05-01,"Caribalico2","0"
"1698",2016-05-01,"Crecer","9.7232104027136668E-2"
"1699",2016-05-01,"JMMB-BDI","0"
"1700",2016-05-01,"León3","0"
"1701",2016-05-01,"Popular","9.7712817650676076E-2"
"1702",2016-05-01,"Porvenir4","0"
"1703",2016-05-01,"Reservas","9.5018585532603783E-2"
"1704",2016-05-01,"Romana","9.5868653094074899E-2"
"1705",2016-05-01,"Siembra","9.7104919490528907E-2"
"1706",2016-06-01,"Atlántico","0"
"1707",2016-06-01,"Camino1","0"
"1708",2016-06-01,"Caribalico2","0"
"1709",2016-06-01,"Crecer","9.4100000000000003E-2"
"1710",2016-06-01,"JMMB-BDI","0"
"1711",2016-06-01,"León3","0"
"1712",2016-06-01,"Popular","9.5699999999999993E-2"
"1713",2016-06-01,"Porvenir4","0"
"1714",2016-06-01,"Reservas","9.3399999999999997E-2"
"1715",2016-06-01,"Romana","9.4899999999999998E-2"
"1716",2016-06-01,"Siembra","9.4799999999999995E-2"
"1717",2016-07-01,"Atlántico","0"
"1718",2016-07-01,"Camino1","0"
"1719",2016-07-01,"Caribalico2","0"
"1720",2016-07-01,"Crecer","9.4019960507904621E-2"
"1721",2016-07-01,"JMMB-BDI","0"
"1722",2016-07-01,"León3","0"
"1723",2016-07-01,"Popular","9.5225690147398456E-2"
"1724",2016-07-01,"Porvenir4","0"
"1725",2016-07-01,"Reservas","9.228622869914993E-2"
"1726",2016-07-01,"Romana","9.4209480952000213E-2"
"1727",2016-07-01,"Siembra","9.5181647602831779E-2"
"1728",2016-08-01,"Atlántico","0.1057"
"1729",2016-08-01,"Camino1","0"
"1730",2016-08-01,"Caribalico2","0"
"1731",2016-08-01,"Crecer","9.3512063839856552E-2"
"1732",2016-08-01,"JMMB-BDI","0"
"1733",2016-08-01,"León3","0"
"1734",2016-08-01,"Popular","9.4994958262080154E-2"
"1735",2016-08-01,"Porvenir4","0"
"1736",2016-08-01,"Reservas","9.2146869235888426E-2"
"1737",2016-08-01,"Romana","9.3917280051609264E-2"
"1738",2016-08-01,"Siembra","9.4632316894862623E-2"
"1739",2016-09-01,"Atlántico","0.10830000000000001"
"1740",2016-09-01,"Camino1","0"
"1741",2016-09-01,"Caribalico2","0"
"1742",2016-09-01,"Crecer","9.3751149585225443E-2"
"1743",2016-09-01,"JMMB-BDI","0"
"1744",2016-09-01,"León3","0"
"1745",2016-09-01,"Popular","9.5425426486990941E-2"
"1746",2016-09-01,"Porvenir4","0"
"1747",2016-09-01,"Reservas","9.2128586813901236E-2"
"1748",2016-09-01,"Romana","9.4044431034461903E-2"
"1749",2016-09-01,"Siembra","9.4363738419944485E-2"
"1750",2016-10-01,"Atlántico","0.10880000000000001"
"1751",2016-10-01,"Camino1","0"
"1752",2016-10-01,"Caribalico2","0"
"1753",2016-10-01,"Crecer","9.4489012147233917E-2"
"1754",2016-10-01,"JMMB-BDI","0"
"1755",2016-10-01,"León3","0"
"1756",2016-10-01,"Popular","9.674470008141034E-2"
"1757",2016-10-01,"Porvenir4","0"
"1758",2016-10-01,"Reservas","9.2044974405239829E-2"
"1759",2016-10-01,"Romana","9.3871798773313753E-2"
"1760",2016-10-01,"Siembra","9.5473317047463535E-2"
"1761",2016-11-01,"Atlántico","0.10635862971300609"
"1762",2016-11-01,"Camino1","0"
"1763",2016-11-01,"Caribalico2","0"
"1764",2016-11-01,"Crecer","9.7175213441445418E-2"
"1765",2016-11-01,"JMMB-BDI","0"
"1766",2016-11-01,"León3","0"
"1767",2016-11-01,"Popular","9.7635475990128354E-2"
"1768",2016-11-01,"Porvenir4","0"
"1769",2016-11-01,"Reservas","9.6640399476005209E-2"
"1770",2016-11-01,"Romana","9.4747504526224061E-2"
"1771",2016-11-01,"Siembra","9.7370542387905878E-2"
"1772",2016-12-01,"Atlántico","0.10357245091807457"
"1773",2016-12-01,"Camino1","0"
"1774",2016-12-01,"Caribalico2","0"
"1775",2016-12-01,"Crecer","9.788408593772413E-2"
"1776",2016-12-01,"JMMB-BDI","0"
"1777",2016-12-01,"León3","0"
"1778",2016-12-01,"Popular","9.8823164443647471E-2"
"1779",2016-12-01,"Porvenir4","0"
"1780",2016-12-01,"Reservas","9.7346433921597253E-2"
"1781",2016-12-01,"Romana","9.8613441745206032E-2"
"1782",2016-12-01,"Siembra","9.864298105380008E-2"
"1783",2017-01-01,"Atlántico","0.10580000000000001"
"1784",2017-01-01,"Camino1","0"
"1785",2017-01-01,"Caribalico2","0"
"1786",2017-01-01,"Crecer","9.9540900685018752E-2"
"1787",2017-01-01,"JMMB-BDI","0"
"1788",2017-01-01,"León3","0"
"1789",2017-01-01,"Popular","9.9689985224730382E-2"
"1790",2017-01-01,"Porvenir4","0"
"1791",2017-01-01,"Reservas","9.8639517974600674E-2"
"1792",2017-01-01,"Romana","9.949627987005695E-2"
"1793",2017-01-01,"Siembra","0.1001854279908545"
"1794",2017-02-01,"Atlántico","0.10630000000000001"
"1795",2017-02-01,"Camino1","0"
"1796",2017-02-01,"Caribalico2","0"
"1797",2017-02-01,"Crecer","9.8443360730779292E-2"
"1798",2017-02-01,"JMMB-BDI","0"
"1799",2017-02-01,"León3","0"
"1800",2017-02-01,"Popular","9.8044637491002687E-2"
"1801",2017-02-01,"Porvenir4","0"
"1802",2017-02-01,"Reservas","9.7686859333791856E-2"
"1803",2017-02-01,"Romana","9.8292810230046643E-2"
"1804",2017-02-01,"Siembra","9.8957390449195159E-2"
"1805",2017-03-01,"Atlántico","0.10640000000000001"
"1806",2017-03-01,"Camino1","0"
"1807",2017-03-01,"Caribalico2","0"
"1808",2017-03-01,"Crecer","9.804313004511013E-2"
"1809",2017-03-01,"JMMB-BDI","0"
"1810",2017-03-01,"León3","0"
"1811",2017-03-01,"Popular","9.7424823697123575E-2"
"1812",2017-03-01,"Porvenir4","0"
"1813",2017-03-01,"Reservas","9.6451402631752003E-2"
"1814",2017-03-01,"Romana","9.6724848342701217E-2"
"1815",2017-03-01,"Siembra","9.8437098084841246E-2"
"1816",2017-04-01,"Atlántico","0.10589999999999999"
"1817",2017-04-01,"Camino1","0"
"1818",2017-04-01,"Caribalico2","0"
"1819",2017-04-01,"Crecer","9.6815853859545373E-2"
"1820",2017-04-01,"JMMB-BDI","0"
"1821",2017-04-01,"León3","0"
"1822",2017-04-01,"Popular","9.6325701549149864E-2"
"1823",2017-04-01,"Porvenir4","0"
"1824",2017-04-01,"Reservas","9.5138361124162282E-2"
"1825",2017-04-01,"Romana","9.6626512350878033E-2"
"1826",2017-04-01,"Siembra","9.6089804573312509E-2"
"1827",2017-05-01,"Atlántico","0.10529999999999999"
"1828",2017-05-01,"Camino1","0"
"1829",2017-05-01,"Caribalico2","0"
"1830",2017-05-01,"Crecer","9.6978612331287697E-2"
"1831",2017-05-01,"JMMB-BDI","0"
"1832",2017-05-01,"León3","0"
"1833",2017-05-01,"Popular","9.6434679911019394E-2"
"1834",2017-05-01,"Porvenir4","0"
"1835",2017-05-01,"Reservas","9.5102117172250158E-2"
"1836",2017-05-01,"Romana","9.6631852644314176E-2"
"1837",2017-05-01,"Siembra","9.6799108032910475E-2"
"1838",2017-06-01,"Atlántico","0.10529999999999999"
"1839",2017-06-01,"Camino1","0"
"1840",2017-06-01,"Caribalico2","0"
"1841",2017-06-01,"Crecer","9.654362146413685E-2"
"1842",2017-06-01,"JMMB-BDI","0"
"1843",2017-06-01,"León3","0"
"1844",2017-06-01,"Popular","9.5730220985531536E-2"
"1845",2017-06-01,"Porvenir4","0"
"1846",2017-06-01,"Reservas","9.4489032550870919E-2"
"1847",2017-06-01,"Romana","9.6341465376744484E-2"
"1848",2017-06-01,"Siembra","9.5690358903546949E-2"
"1849",2017-07-01,"Atlántico","0.1048"
"1850",2017-07-01,"Camino1","0"
"1851",2017-07-01,"Caribalico2","0"
"1852",2017-07-01,"Crecer","9.6698114199876173E-2"
"1853",2017-07-01,"JMMB-BDI","0"
"1854",2017-07-01,"León3","0"
"1855",2017-07-01,"Popular","9.5790560540065073E-2"
"1856",2017-07-01,"Porvenir4","0"
"1857",2017-07-01,"Reservas","9.4875485421080263E-2"
"1858",2017-07-01,"Romana","9.7731173278209571E-2"
"1859",2017-07-01,"Siembra","9.5359738406740183E-2"
"1860",2017-08-01,"Atlántico","0.1033"
"1861",2017-08-01,"Camino1","0"
"1862",2017-08-01,"Caribalico2","0"
"1863",2017-08-01,"Crecer","9.8738452723677206E-2"
"1864",2017-08-01,"JMMB-BDI","0"
"1865",2017-08-01,"León3","0"
"1866",2017-08-01,"Popular","9.8583353009134012E-2"
"1867",2017-08-01,"Porvenir4","0"
"1868",2017-08-01,"Reservas","9.7660115108836543E-2"
"1869",2017-08-01,"Romana","9.988210278715591E-2"
"1870",2017-08-01,"Siembra","9.999166374616042E-2"
"1871",2017-09-01,"Atlántico","0.10369999999999999"
"1872",2017-09-01,"Camino1","0"
"1873",2017-09-01,"Caribalico2","0"
"1874",2017-09-01,"Crecer","9.8061751767208202E-2"
"1875",2017-09-01,"JMMB-BDI","0"
"1876",2017-09-01,"León3","0"
"1877",2017-09-01,"Popular","9.7177883985140698E-2"
"1878",2017-09-01,"Porvenir4","0"
"1879",2017-09-01,"Reservas","9.6662191669059747E-2"
"1880",2017-09-01,"Romana","9.8837126994189214E-2"
"1881",2017-09-01,"Siembra","9.900308643685897E-2"
"1882",2017-10-01,"Atlántico","0.1169"
"1883",2017-10-01,"Camino1","0"
"1884",2017-10-01,"Caribalico2","0"
"1885",2017-10-01,"Crecer","0.1012"
"1886",2017-10-01,"JMMB-BDI","9.9900000000000003E-2"
"1887",2017-10-01,"León3","0"
"1888",2017-10-01,"Popular","0.10059999999999999"
"1889",2017-10-01,"Porvenir4","0"
"1890",2017-10-01,"Reservas","0.1012"
"1891",2017-10-01,"Romana","0.1028"
"1892",2017-10-01,"Siembra","0.10349999999999999"
"1893",2017-11-01,"Atlántico","0.1162"
"1894",2017-11-01,"Camino1","0"
"1895",2017-11-01,"Caribalico2","0"
"1896",2017-11-01,"Crecer","0.10150000000000001"
"1897",2017-11-01,"JMMB-BDI","9.4E-2"
"1898",2017-11-01,"León3","0"
"1899",2017-11-01,"Popular","0.1023"
"1900",2017-11-01,"Porvenir4","0"
"1901",2017-11-01,"Reservas","0.1032"
"1902",2017-11-01,"Romana","0.109"
"1903",2017-11-01,"Siembra","0.1084"
"1904",2017-12-01,"Atlántico","0.124"
"1905",2017-12-01,"Camino1","0"
"1906",2017-12-01,"Caribalico2","0"
"1907",2017-12-01,"Crecer","0.1047"
"1908",2017-12-01,"JMMB-BDI","9.2999999999999999E-2"
"1909",2017-12-01,"León3","0"
"1910",2017-12-01,"Popular","0.1061"
"1911",2017-12-01,"Porvenir4","0"
"1912",2017-12-01,"Reservas","0.1085"
"1913",2017-12-01,"Romana","0.1076"
"1914",2017-12-01,"Siembra","0.1148"
"1915",2018-01-01,"Atlántico","0.1235"
"1916",2018-01-01,"Camino1","0"
"1917",2018-01-01,"Caribalico2","0"
"1918",2018-01-01,"Crecer","0.105"
"1919",2018-01-01,"JMMB-BDI","9.1499999999999998E-2"
"1920",2018-01-01,"León3","0"
"1921",2018-01-01,"Popular","0.1085"
"1922",2018-01-01,"Porvenir4","0"
"1923",2018-01-01,"Reservas","0.1103"
"1924",2018-01-01,"Romana","0.11269999999999999"
"1925",2018-01-01,"Siembra","0.115"
"1926",2018-02-01,"Atlántico","0.12470000000000001"
"1927",2018-02-01,"Camino1","0"
"1928",2018-02-01,"Caribalico2","0"
"1929",2018-02-01,"Crecer","0.107"
"1930",2018-02-01,"JMMB-BDI","8.8400000000000006E-2"
"1931",2018-02-01,"León3","0"
"1932",2018-02-01,"Popular","0.1111"
"1933",2018-02-01,"Porvenir4","0"
"1934",2018-02-01,"Reservas","0.1145"
"1935",2018-02-01,"Romana","0.1119"
"1936",2018-02-01,"Siembra","0.11990000000000001"
"1937",2018-03-01,"Atlántico","0.1174"
"1938",2018-03-01,"Camino1","0"
"1939",2018-03-01,"Caribalico2","0"
"1940",2018-03-01,"Crecer","0.1031"
"1941",2018-03-01,"JMMB-BDI","8.8800000000000004E-2"
"1942",2018-03-01,"León3","0"
"1943",2018-03-01,"Popular","0.10639999999999999"
"1944",2018-03-01,"Porvenir4","0"
"1945",2018-03-01,"Reservas","0.10970000000000001"
"1946",2018-03-01,"Romana","0.1081"
"1947",2018-03-01,"Siembra","0.11700000000000001"
"1948",2018-04-01,"Atlántico","0.1154"
"1949",2018-04-01,"Camino1","0"
"1950",2018-04-01,"Caribalico2","0"
"1951",2018-04-01,"Crecer","0.1028"
"1952",2018-04-01,"JMMB-BDI","8.9700000000000002E-2"
"1953",2018-04-01,"León3","0"
"1954",2018-04-01,"Popular","0.107"
"1955",2018-04-01,"Porvenir4","0"
"1956",2018-04-01,"Reservas","0.1104"
"1957",2018-04-01,"Romana","0.10730000000000001"
"1958",2018-04-01,"Siembra","0.1169"
"1959",2018-05-01,"Atlántico","0.1133"
"1960",2018-05-01,"Camino1","0"
"1961",2018-05-01,"Caribalico2","0"
"1962",2018-05-01,"Crecer","0.1013"
"1963",2018-05-01,"JMMB-BDI","9.0499999999999997E-2"
"1964",2018-05-01,"León3","0"
"1965",2018-05-01,"Popular","0.1036"
"1966",2018-05-01,"Porvenir4","0"
"1967",2018-05-01,"Reservas","0.108"
"1968",2018-05-01,"Romana","0.10489999999999999"
"1969",2018-05-01,"Siembra","0.1137"
"1970",2018-06-01,"Atlántico","0.1052"
"1971",2018-06-01,"Camino1","0"
"1972",2018-06-01,"Caribalico2","0"
"1973",2018-06-01,"Crecer","9.8100000000000007E-2"
"1974",2018-06-01,"JMMB-BDI","9.1899999999999996E-2"
"1975",2018-06-01,"León3","0"
"1976",2018-06-01,"Popular","0.1"
"1977",2018-06-01,"Porvenir4","0"
"1978",2018-06-01,"Reservas","0.104"
"1979",2018-06-01,"Romana","9.9099999999999994E-2"
"1980",2018-06-01,"Siembra","0.106"
"1981",2018-07-01,"Atlántico","0.10282444198034968"
"1982",2018-07-01,"Camino1","0"
"1983",2018-07-01,"Caribalico2","0"
"1984",2018-07-01,"Crecer","9.7838442882664189E-2"
"1985",2018-07-01,"JMMB-BDI","9.1999999999999998E-2"
"1986",2018-07-01,"León3","0"
"1987",2018-07-01,"Popular","9.934274210319316E-2"
"1988",2018-07-01,"Porvenir4","0"
"1989",2018-07-01,"Reservas","0.10312634749757699"
"1990",2018-07-01,"Romana","9.6752684879183981E-2"
"1991",2018-07-01,"Siembra","0.10654778073060743"
"1992",2018-08-01,"Atlántico","9.7073564892179665E-2"
"1993",2018-08-01,"Camino1","0"
"1994",2018-08-01,"Caribalico2","0"
"1995",2018-08-01,"Crecer","9.4380506231639641E-2"
"1996",2018-08-01,"JMMB-BDI","9.35E-2"
"1997",2018-08-01,"León3","0"
"1998",2018-08-01,"Popular","9.4569566722364259E-2"
"1999",2018-08-01,"Porvenir4","0"
"2000",2018-08-01,"Reservas","9.9529320510219468E-2"
"2001",2018-08-01,"Romana","9.2163931072743357E-2"
"2002",2018-08-01,"Siembra","0.10143542600345402"
"2003",2018-09-01,"Atlántico","9.5255750032871025E-2"
"2004",2018-09-01,"Camino1","0"
"2005",2018-09-01,"Caribalico2","0"
"2006",2018-09-01,"Crecer","9.2930905340434786E-2"
"2007",2018-09-01,"JMMB-BDI","9.7100000000000006E-2"
"2008",2018-09-01,"León3","0"
"2009",2018-09-01,"Popular","9.2204886847033762E-2"
"2010",2018-09-01,"Porvenir4","0"
"2011",2018-09-01,"Reservas","9.6513644057625303E-2"
"2012",2018-09-01,"Romana","8.8470997102729321E-2"
"2013",2018-09-01,"Siembra","9.8466312677842449E-2"
"2014",2018-10-01,"Atlántico","8.9557853978731186E-2"
"2015",2018-10-01,"Camino1","0"
"2016",2018-10-01,"Caribalico2","0"
"2017",2018-10-01,"Crecer","8.8398942412015735E-2"
"2018",2018-10-01,"JMMB-BDI","0.10279896777079323"
"2019",2018-10-01,"León3","0"
"2020",2018-10-01,"Popular","8.8189797878347451E-2"
"2021",2018-10-01,"Porvenir4","0"
"2022",2018-10-01,"Reservas","9.0499999999999997E-2"
"2023",2018-10-01,"Romana","8.522023197331885E-2"
"2024",2018-10-01,"Siembra","9.4039140325882217E-2"
"2025",2018-11-01,"Atlántico","7.8302519822616823E-2"
"2026",2018-11-01,"Camino1","0"
"2027",2018-11-01,"Caribalico2","0"
"2028",2018-11-01,"Crecer","8.3845507714845446E-2"
"2029",2018-11-01,"JMMB-BDI","9.7846280326270088E-2"
"2030",2018-11-01,"León3","0"
"2031",2018-11-01,"Popular","8.199402811215073E-2"
"2032",2018-11-01,"Porvenir4","0"
"2033",2018-11-01,"Reservas","8.3746916360604384E-2"
"2034",2018-11-01,"Romana","7.4972708261859866E-2"
"2035",2018-11-01,"Siembra","8.594423478459623E-2"
"2036",2018-12-01,"Atlántico","6.8745353285536215E-2"
"2037",2018-12-01,"Camino1","0"
"2038",2018-12-01,"Caribalico2","0"
"2039",2018-12-01,"Crecer","7.8686695091294556E-2"
"2040",2018-12-01,"JMMB-BDI","9.1895105183774847E-2"
"2041",2018-12-01,"León3","0"
"2042",2018-12-01,"Popular","7.7440019175754715E-2"
"2043",2018-12-01,"Porvenir4","0"
"2044",2018-12-01,"Reservas","7.7368546305897068E-2"
"2045",2018-12-01,"Romana","7.4630430484574406E-2"
"2046",2018-12-01,"Siembra","7.7167675682469516E-2"
"2047",2019-01-01,"Atlántico","6.7697266718407922E-2"
"2048",2019-01-01,"Camino1","0"
"2049",2019-01-01,"Caribalico2","0"
"2050",2019-01-01,"Crecer","7.8953683228311977E-2"
"2051",2019-01-01,"JMMB-BDI","9.2183825777465631E-2"
"2052",2019-01-01,"León3","0"
"2053",2019-01-01,"Popular","7.7317484195841724E-2"
"2054",2019-01-01,"Porvenir4","0"
"2055",2019-01-01,"Reservas","7.6210945361236737E-2"
"2056",2019-01-01,"Romana","7.194802297520253E-2"
"2057",2019-01-01,"Siembra","7.7175616074620645E-2"
"2058",2019-02-01,"Atlántico","6.8213440564069305E-2"
"2059",2019-02-01,"Camino1","0"
"2060",2019-02-01,"Caribalico2","0"
"2061",2019-02-01,"Crecer","7.7679010155949246E-2"
"2062",2019-02-01,"JMMB-BDI","8.8787338635118562E-2"
"2063",2019-02-01,"León3","0"
"2064",2019-02-01,"Popular","7.6674693967420771E-2"
"2065",2019-02-01,"Porvenir4","0"
"2066",2019-02-01,"Reservas","7.3312144505169208E-2"
"2067",2019-02-01,"Romana","7.5244760874290106E-2"
"2068",2019-02-01,"Siembra","7.413659611352208E-2"
"2069",2019-03-01,"Atlántico","7.3638346595659376E-2"
"2070",2019-03-01,"Camino1","0"
"2071",2019-03-01,"Caribalico2","0"
"2072",2019-03-01,"Crecer","8.054872051017338E-2"
"2073",2019-03-01,"JMMB-BDI","9.5151888952645258E-2"
"2074",2019-03-01,"León3","0"
"2075",2019-03-01,"Popular","7.9796594470903592E-2"
"2076",2019-03-01,"Porvenir4","0"
"2077",2019-03-01,"Reservas","7.7198687131333044E-2"
"2078",2019-03-01,"Romana","7.8512987692768155E-2"
"2079",2019-03-01,"Siembra","7.519567711688957E-2"
"2080",2019-04-01,"Atlántico","7.6382826583610397E-2"
"2081",2019-04-01,"Camino1","0"
"2082",2019-04-01,"Caribalico2","0"
"2083",2019-04-01,"Crecer","8.3309732476301898E-2"
"2084",2019-04-01,"JMMB-BDI","9.6659835258509089E-2"
"2085",2019-04-01,"León3","0"
"2086",2019-04-01,"Popular","8.1537556250601106E-2"
"2087",2019-04-01,"Porvenir4","0"
"2088",2019-04-01,"Reservas","7.9550251754022749E-2"
"2089",2019-04-01,"Romana","8.2844694820290096E-2"
"2090",2019-04-01,"Siembra","7.7185271656461385E-2"
"2091",2019-05-01,"Atlántico","7.9810242261953102E-2"
"2092",2019-05-01,"Camino1","0"
"2093",2019-05-01,"Caribalico2","0"
"2094",2019-05-01,"Crecer","8.9065270345451975E-2"
"2095",2019-05-01,"JMMB-BDI","0.10044402283426868"
"2096",2019-05-01,"León3","0"
"2097",2019-05-01,"Popular","8.949281172420287E-2"
"2098",2019-05-01,"Porvenir4","0"
"2099",2019-05-01,"Reservas","8.669369587999419E-2"
"2100",2019-05-01,"Romana","9.076965724393693E-2"
"2101",2019-05-01,"Siembra","8.4516004926502783E-2"
"2102",2019-06-01,"Atlántico","8.977029791229052E-2"
"2103",2019-06-01,"Camino1","0"
"2104",2019-06-01,"Caribalico2","0"
"2105",2019-06-01,"Crecer","9.5060481682312847E-2"
"2106",2019-06-01,"JMMB-BDI","0.10781616087253187"
"2107",2019-06-01,"León3","0"
"2108",2019-06-01,"Popular","9.4943830123396675E-2"
"2109",2019-06-01,"Porvenir4","0"
"2110",2019-06-01,"Reservas","9.2931287043367158E-2"
"2111",2019-06-01,"Romana","9.956238282352349E-2"
"2112",2019-06-01,"Siembra","9.4385252935715425E-2"
"2113",2019-07-01,"Atlántico","9.3337684657383915E-2"
"2114",2019-07-01,"Camino1","0"
"2115",2019-07-01,"Caribalico2","0"
"2116",2019-07-01,"Crecer","9.840875559526395E-2"
"2117",2019-07-01,"JMMB-BDI","0.10996394729902415"
"2118",2019-07-01,"León3","0"
"2119",2019-07-01,"Popular","9.830794872118688E-2"
"2120",2019-07-01,"Porvenir4","0"
"2121",2019-07-01,"Reservas","9.5846822349240343E-2"
"2122",2019-07-01,"Romana","0.10190541759065287"
"2123",2019-07-01,"Siembra","9.7441984890079811E-2"
"2124",2019-08-01,"Atlántico","9.7452827962701813E-2"
"2125",2019-08-01,"Camino1","0"
"2126",2019-08-01,"Caribalico2","0"
"2127",2019-08-01,"Crecer","0.10296436489278937"
"2128",2019-08-01,"JMMB-BDI","0.1113869246440171"
"2129",2019-08-01,"León3","0"
"2130",2019-08-01,"Popular","0.10477013897066678"
"2131",2019-08-01,"Porvenir4","0"
"2132",2019-08-01,"Reservas","0.10171871460014149"
"2133",2019-08-01,"Romana","0.11145543963390558"
"2134",2019-08-01,"Siembra","0.10417132416901076"
"2135",2019-09-01,"Atlántico","9.9844785249741039E-2"
"2136",2019-09-01,"Camino1","0"
"2137",2019-09-01,"Caribalico2","0"
"2138",2019-09-01,"Crecer","0.1055521830926569"
"2139",2019-09-01,"JMMB-BDI","0.11056807468142038"
"2140",2019-09-01,"León3","0"
"2141",2019-09-01,"Popular","0.1087239549889234"
"2142",2019-09-01,"Porvenir4","0"
"2143",2019-09-01,"Reservas","0.10570771893842303"
"2144",2019-09-01,"Romana","0.11534416249262858"
"2145",2019-09-01,"Siembra","0.10877997376073602"
"2146",2019-10-01,"Atlántico","9.7936010276912899E-2"
"2147",2019-10-01,"Camino1","0"
"2148",2019-10-01,"Caribalico2","0"
"2149",2019-10-01,"Crecer","0.10416108219776966"
"2150",2019-10-01,"JMMB-BDI","0.10755618607539841"
"2151",2019-10-01,"León3","0"
"2152",2019-10-01,"Popular","0.10778773945891729"
"2153",2019-10-01,"Porvenir4","0"
"2154",2019-10-01,"Reservas","0.10626569639863126"
"2155",2019-10-01,"Romana","0.11212802399600807"
"2156",2019-10-01,"Siembra","0.10751292508594279"
"2157",2019-11-01,"Atlántico","0.10067573427133825"
"2158",2019-11-01,"Camino1","0"
"2159",2019-11-01,"Caribalico2","0"
"2160",2019-11-01,"Crecer","0.10664564351290151"
"2161",2019-11-01,"JMMB-BDI","0.10796437278918214"
"2162",2019-11-01,"León3","0"
"2163",2019-11-01,"Popular","0.11095498805604521"
"2164",2019-11-01,"Porvenir4","0"
"2165",2019-11-01,"Reservas","0.10775471231728308"
"2166",2019-11-01,"Romana","0.11524240586012514"
"2167",2019-11-01,"Siembra","0.10903654038921617"
"2168",2019-12-01,"Atlántico","0.10133952188651719"
"2169",2019-12-01,"Camino1","0"
"2170",2019-12-01,"Caribalico2","0"
"2171",2019-12-01,"Crecer","0.10664312811472619"
"2172",2019-12-01,"JMMB-BDI","0.10851322200069081"
"2173",2019-12-01,"León3","0"
"2174",2019-12-01,"Popular","0.10953083781290542"
"2175",2019-12-01,"Porvenir4","0"
"2176",2019-12-01,"Reservas","0.10684369415916661"
"2177",2019-12-01,"Romana","0.1139998114235954"
"2178",2019-12-01,"Siembra","0.10835403841058477"
"2179",2020-01-01,"Atlántico","0.10092561301871417"
"2180",2020-01-01,"Camino1","0"
"2181",2020-01-01,"Caribalico2","0"
"2182",2020-01-01,"Crecer","0.10603484945062046"
"2183",2020-01-01,"JMMB-BDI","0.10739310816106705"
"2184",2020-01-01,"León3","0"
"2185",2020-01-01,"Popular","0.10610633068028384"
"2186",2020-01-01,"Porvenir4","0"
"2187",2020-01-01,"Reservas","0.10490841654079386"
"2188",2020-01-01,"Romana","0.11044514527608262"
"2189",2020-01-01,"Siembra","0.10638625611594366"
"2190",2020-02-01,"Atlántico","0.10016445882787671"
"2191",2020-02-01,"Camino1","0"
"2192",2020-02-01,"Caribalico2","0"
"2193",2020-02-01,"Crecer","0.10779100145551856"
"2194",2020-02-01,"JMMB-BDI","0.10932933064480889"
"2195",2020-02-01,"León3","0"
"2196",2020-02-01,"Popular","0.10604148259108515"
"2197",2020-02-01,"Porvenir4","0"
"2198",2020-02-01,"Reservas","0.10439348806127825"
"2199",2020-02-01,"Romana","0.10906018395175711"
"2200",2020-02-01,"Siembra","0.10674325766191049"
"2201",2020-03-01,"Atlántico","9.9655374873225178E-2"
"2202",2020-03-01,"Camino1","0"
"2203",2020-03-01,"Caribalico2","0"
"2204",2020-03-01,"Crecer","0.10325036910440177"
"2205",2020-03-01,"JMMB-BDI","0.10834454220301847"
"2206",2020-03-01,"León3","0"
"2207",2020-03-01,"Popular","0.10113306305110846"
"2208",2020-03-01,"Porvenir4","0"
"2209",2020-03-01,"Reservas","0.10357928546920459"
"2210",2020-03-01,"Romana","0.10733823837577618"
"2211",2020-03-01,"Siembra","9.9950766002614197E-2"
"2212",2020-04-01,"Atlántico","9.7830660379647938E-2"
"2213",2020-04-01,"Camino1","0"
"2214",2020-04-01,"Caribalico2","0"
"2215",2020-04-01,"Crecer","0.10271558614733634"
"2216",2020-04-01,"JMMB-BDI","0.10582483472712578"
"2217",2020-04-01,"León3","0"
"2218",2020-04-01,"Popular","0.1012321258828135"
"2219",2020-04-01,"Porvenir4","0"
"2220",2020-04-01,"Reservas","0.10103645228638601"
"2221",2020-04-01,"Romana","0.10271727371389883"
"2222",2020-04-01,"Siembra","0.10141823663577544"
"2223",2020-05-01,"Atlántico","9.4086790062739567E-2"
"2224",2020-05-01,"Camino1","0"
"2225",2020-05-01,"Caribalico2","0"
"2226",2020-05-01,"Crecer","0.10186284009207668"
"2227",2020-05-01,"JMMB-BDI","0.10413185629888755"
"2228",2020-05-01,"León3","0"
"2229",2020-05-01,"Popular","0.10131887749282086"
"2230",2020-05-01,"Porvenir4","0"
"2231",2020-05-01,"Reservas","9.8744459435345502E-2"
"2232",2020-05-01,"Romana","9.4403732923643346E-2"
"2233",2020-05-01,"Siembra","0.10254940144002278"
"2234",2020-06-01,"Atlántico","9.2681416416304785E-2"
"2235",2020-06-01,"Camino1","0"
"2236",2020-06-01,"Caribalico2","0"
"2237",2020-06-01,"Crecer","0.10534414133309265"
"2238",2020-06-01,"JMMB-BDI","0.10211813041112074"
"2239",2020-06-01,"León3","0"
"2240",2020-06-01,"Popular","0.10515106297605371"
"2241",2020-06-01,"Porvenir4","0"
"2242",2020-06-01,"Reservas","0.10068339926952487"
"2243",2020-06-01,"Romana","9.12866549713236E-2"
"2244",2020-06-01,"Siembra","0.1092953800367229"
"2245",2020-07-01,"Atlántico","9.0300000000000005E-2"
"2246",2020-07-01,"Camino1","0"
"2247",2020-07-01,"Caribalico2","0"
"2248",2020-07-01,"Crecer","0.1012"
"2249",2020-07-01,"JMMB-BDI","9.9099999999999994E-2"
"2250",2020-07-01,"León3","0"
"2251",2020-07-01,"Popular","0.1008"
"2252",2020-07-01,"Porvenir4","0"
"2253",2020-07-01,"Reservas","9.7100000000000006E-2"
"2254",2020-07-01,"Romana","8.9200000000000002E-2"
"2255",2020-07-01,"Siembra","0.1042"
"2256",2020-08-01,"Atlántico","8.582010546037333E-2"
"2257",2020-08-01,"Camino1","0"
"2258",2020-08-01,"Caribalico2","0"
"2259",2020-08-01,"Crecer","9.4323306855102373E-2"
"2260",2020-08-01,"JMMB-BDI","9.5530956678619314E-2"
"2261",2020-08-01,"León3","0"
"2262",2020-08-01,"Popular","9.8148129286546718E-2"
"2263",2020-08-01,"Porvenir4","0"
"2264",2020-08-01,"Reservas","9.0820418482159493E-2"
"2265",2020-08-01,"Romana","7.8290575027649467E-2"
"2266",2020-08-01,"Siembra","0.10065741233676807"
"2267",2020-09-01,"Atlántico","8.3998310103541099E-2"
"2268",2020-09-01,"Camino1","0"
"2269",2020-09-01,"Caribalico2","0"
"2270",2020-09-01,"Crecer","9.5265348924598481E-2"
"2271",2020-09-01,"JMMB-BDI","9.8475890546057432E-2"
"2272",2020-09-01,"León3","0"
"2273",2020-09-01,"Popular","9.5824578676429351E-2"
"2274",2020-09-01,"Porvenir4","0"
"2275",2020-09-01,"Reservas","9.0837125442705821E-2"
"2276",2020-09-01,"Romana","7.6329725959820571E-2"
"2277",2020-09-01,"Siembra","9.7583595521562927E-2"
"2278",2020-10-01,"Atlántico","8.9887902139304643E-2"
"2279",2020-10-01,"Camino1","0"
"2280",2020-10-01,"Caribalico2","0"
"2281",2020-10-01,"Crecer","9.8462068669299865E-2"
"2282",2020-10-01,"JMMB-BDI","0.10387572311842931"
"2283",2020-10-01,"León3","0"
"2284",2020-10-01,"Popular","0.10100249854610821"
"2285",2020-10-01,"Porvenir4","0"
"2286",2020-10-01,"Reservas","9.372959156840753E-2"
"2287",2020-10-01,"Romana","8.8254046120835206E-2"
"2288",2020-10-01,"Siembra","0.10220071095669582"
"2289",2020-11-01,"Atlántico","9.2177206148644122E-2"
"2290",2020-11-01,"Camino1","0"
"2291",2020-11-01,"Caribalico2","0"
"2292",2020-11-01,"Crecer","0.10348637019250395"
"2293",2020-11-01,"JMMB-BDI","0.10618888824519444"
"2294",2020-11-01,"León3","0"
"2295",2020-11-01,"Popular","0.10228598889628859"
"2296",2020-11-01,"Porvenir4","0"
"2297",2020-11-01,"Reservas","9.4503514860335702E-2"
"2298",2020-11-01,"Romana","8.6407613320180557E-2"
"2299",2020-11-01,"Siembra","0.10420588379270823"
"2300",2020-12-01,"Atlántico","9.2267291504552595E-2"
"2301",2020-12-01,"Camino1","0"
"2302",2020-12-01,"Caribalico2","0"
"2303",2020-12-01,"Crecer","0.10442353293854367"
"2304",2020-12-01,"JMMB-BDI","0.1077773900553991"
"2305",2020-12-01,"León3","0"
"2306",2020-12-01,"Popular","0.10452331227528999"
"2307",2020-12-01,"Porvenir4","0"
"2308",2020-12-01,"Reservas","9.6067714264413309E-2"
"2309",2020-12-01,"Romana","9.0252716102462008E-2"
"2310",2020-12-01,"Siembra","0.10466082545192258"
"2311",2021-01-01,"Atlántico","9.8367944647755015E-2"
"2312",2021-01-01,"Camino1","0"
"2313",2021-01-01,"Caribalico2","0"
"2314",2021-01-01,"Crecer","0.10309253956354357"
"2315",2021-01-01,"JMMB-BDI","0.10836545762495643"
"2316",2021-01-01,"León3","0"
"2317",2021-01-01,"Popular","0.104148497553612"
"2318",2021-01-01,"Porvenir4","0"
"2319",2021-01-01,"Reservas","0.10509646462492217"
"2320",2021-01-01,"Romana","9.6264679722950941E-2"
"2321",2021-01-01,"Siembra","0.10253594422271274"
"2322",2021-02-01,"Atlántico","0.11208685864154111"
"2323",2021-02-01,"Camino1","0"
"2324",2021-02-01,"Caribalico2","0"
"2325",2021-02-01,"Crecer","0.11205648775777967"
"2326",2021-02-01,"JMMB-BDI","0.11031352745125587"
"2327",2021-02-01,"León3","0"
"2328",2021-02-01,"Popular","0.11472428748980355"
"2329",2021-02-01,"Porvenir4","0"
"2330",2021-02-01,"Reservas","0.11249968032007507"
"2331",2021-02-01,"Romana","0.12009354484746314"
"2332",2021-02-01,"Siembra","0.11568772364349013"
"2333",2021-03-01,"Atlántico","0.11126214170848116"
"2334",2021-03-01,"Camino1","0"
"2335",2021-03-01,"Caribalico2","0"
"2336",2021-03-01,"Crecer","0.11582739425032894"
"2337",2021-03-01,"JMMB-BDI","0.1165198415483568"
"2338",2021-03-01,"León3","0"
"2339",2021-03-01,"Popular","0.12050198476674279"
"2340",2021-03-01,"Porvenir4","0"
"2341",2021-03-01,"Reservas","0.1110152140216696"
"2342",2021-03-01,"Romana","0.13175319719629863"
"2343",2021-03-01,"Siembra","0.12328770633768382"
"2344",2021-04-01,"Atlántico","0.11035030851677942"
"2345",2021-04-01,"Camino1","0"
"2346",2021-04-01,"Caribalico2","0"
"2347",2021-04-01,"Crecer","0.11142816291366643"
"2348",2021-04-01,"JMMB-BDI","0.116310365879581"
"2349",2021-04-01,"León3","0"
"2350",2021-04-01,"Popular","0.11594707358814471"
"2351",2021-04-01,"Porvenir4","0"
"2352",2021-04-01,"Reservas","0.10913491090184912"
"2353",2021-04-01,"Romana","0.13074833090134241"
"2354",2021-04-01,"Siembra","0.11726391662759506"
"2355",2021-05-01,"Atlántico","0.1144640128869041"
"2356",2021-05-01,"Camino1","0"
"2357",2021-05-01,"Caribalico2","0"
"2358",2021-05-01,"Crecer","0.10879920088323614"
"2359",2021-05-01,"JMMB-BDI","0.11859808500558146"
"2360",2021-05-01,"León3","0"
"2361",2021-05-01,"Popular","0.11294150069156927"
"2362",2021-05-01,"Porvenir4","0"
"2363",2021-05-01,"Reservas","0.11022279460367201"
"2364",2021-05-01,"Romana","0.13629175236584912"
"2365",2021-05-01,"Siembra","0.11319400719771068"
"2366",2021-06-01,"Atlántico","0.118180708558695"
"2367",2021-06-01,"Camino1","0"
"2368",2021-06-01,"Caribalico2","0"
"2369",2021-06-01,"Crecer","0.10789345702637165"
"2370",2021-06-01,"JMMB-BDI","0.12121986740066128"
"2371",2021-06-01,"León3","0"
"2372",2021-06-01,"Popular","0.11209002500026122"
"2373",2021-06-01,"Porvenir4","0"
"2374",2021-06-01,"Reservas","0.10769349549565232"
"2375",2021-06-01,"Romana","0.14054432281689677"
"2376",2021-06-01,"Siembra","0.11189698964984629"
"2377",2021-07-01,"Atlántico","0.12403102634209917"
"2378",2021-07-01,"Camino1","0"
"2379",2021-07-01,"Caribalico2","0"
"2380",2021-07-01,"Crecer","0.11180265815103407"
"2381",2021-07-01,"JMMB-BDI","0.12512049282467097"
"2382",2021-07-01,"León3","0"
"2383",2021-07-01,"Popular","0.11281429051026981"
"2384",2021-07-01,"Porvenir4","0"
"2385",2021-07-01,"Reservas","0.11056430165874342"
"2386",2021-07-01,"Romana","0.14136299129598173"
"2387",2021-07-01,"Siembra","0.11329763210175647"
"2388",2021-08-01,"Atlántico","0.14226320101825962"
"2389",2021-08-01,"Camino1","0"
"2390",2021-08-01,"Caribalico2","0"
"2391",2021-08-01,"Crecer","0.13180441508707652"
"2392",2021-08-01,"JMMB-BDI","0.13026840098833303"
"2393",2021-08-01,"León3","0"
"2394",2021-08-01,"Popular","0.11972082319374033"
"2395",2021-08-01,"Porvenir4","0"
"2396",2021-08-01,"Reservas","0.11777831641093295"
"2397",2021-08-01,"Romana","0.15570885202549611"
"2398",2021-08-01,"Siembra","0.11699177399133998"
"2399",2021-09-01,"Atlántico","0.14641842319407083"
"2400",2021-09-01,"Camino1","0"
"2401",2021-09-01,"Caribalico2","0"
"2402",2021-09-01,"Crecer","0.13131552682460979"
"2403",2021-09-01,"JMMB-BDI","0.12982395830841265"
"2404",2021-09-01,"León3","0"
"2405",2021-09-01,"Popular","0.11719093812031378"
"2406",2021-09-01,"Porvenir4","0"
"2407",2021-09-01,"Reservas","0.11962485004223054"
"2408",2021-09-01,"Romana","0.15189548225842042"
"2409",2021-09-01,"Siembra","0.11291563005751737"
"2410",2021-10-01,"Atlántico","0.15156122800612359"
"2411",2021-10-01,"Camino1","0"
"2412",2021-10-01,"Caribalico2","0"
"2413",2021-10-01,"Crecer","0.14195612716649508"
"2414",2021-10-01,"JMMB-BDI","0.12879883616098464"
"2415",2021-10-01,"León3","0"
"2416",2021-10-01,"Popular","0.11556879797440223"
"2417",2021-10-01,"Porvenir4","0"
"2418",2021-10-01,"Reservas","0.12208931843587578"
"2419",2021-10-01,"Romana","0.13679370341634223"
"2420",2021-10-01,"Siembra","0.11161819061440671"
"2421",2021-11-01,"Atlántico","0.13958479431080084"
"2422",2021-11-01,"Camino1","0"
"2423",2021-11-01,"Caribalico2","0"
"2424",2021-11-01,"Crecer","0.13478142824302797"
"2425",2021-11-01,"JMMB-BDI","0.12736359440524492"
"2426",2021-11-01,"León3","0"
"2427",2021-11-01,"Popular","0.11327485766300249"
"2428",2021-11-01,"Porvenir4","0"
"2429",2021-11-01,"Reservas","0.12461008489044169"
"2430",2021-11-01,"Romana","0.13795247548886236"
"2431",2021-11-01,"Siembra","0.10942515921575759"
"2432",2021-12-01,"Atlántico","0.13922097077368933"
"2433",2021-12-01,"Camino1","0"
"2434",2021-12-01,"Caribalico2","0"
"2435",2021-12-01,"Crecer","0.13438373084799604"
"2436",2021-12-01,"JMMB-BDI","0.12690673977599665"
"2437",2021-12-01,"León3","0"
"2438",2021-12-01,"Popular","0.11451794562210547"
"2439",2021-12-01,"Porvenir4","0"
"2440",2021-12-01,"Reservas","0.12650133493729943"
"2441",2021-12-01,"Romana","0.13084391372980808"
"2442",2021-12-01,"Siembra","0.1127331624895309"
"2443",2022-01-01,"Atlántico","0.1342682899356642"
"2444",2022-01-01,"Camino1","0"
"2445",2022-01-01,"Caribalico2","0"
"2446",2022-01-01,"Crecer","0.13222144817912884"
"2447",2022-01-01,"JMMB-BDI","0.12584365392629215"
"2448",2022-01-01,"León3","0"
"2449",2022-01-01,"Popular","0.11413522352899808"
"2450",2022-01-01,"Porvenir4","0"
"2451",2022-01-01,"Reservas","0.11777802565684968"
"2452",2022-01-01,"Romana","0.11842134972706543"
"2453",2022-01-01,"Siembra","0.11206399158716905"
"2454",2022-02-01,"Atlántico","0.1115684546489495"
"2455",2022-02-01,"Camino1","0"
"2456",2022-02-01,"Caribalico2","0"
"2457",2022-02-01,"Crecer","0.10613385327208548"
"2458",2022-02-01,"JMMB-BDI","0.11144867141437764"
"2459",2022-02-01,"León3","0"
"2460",2022-02-01,"Popular","8.389902821445494E-2"
"2461",2022-02-01,"Porvenir4","0"
"2462",2022-02-01,"Reservas","9.1861810168923252E-2"
"2463",2022-02-01,"Romana","9.1115715931055372E-2"
"2464",2022-02-01,"Siembra","7.7364073191036109E-2"
"2465",2022-03-01,"Atlántico","0.11397728953569362"
"2466",2022-03-01,"Camino1","0"
"2467",2022-03-01,"Caribalico2","0"
"2468",2022-03-01,"Crecer","0.10761454580919994"
"2469",2022-03-01,"JMMB-BDI","0.10501604427935263"
"2470",2022-03-01,"León3","0"
"2471",2022-03-01,"Popular","8.5027514118343639E-2"
"2472",2022-03-01,"Porvenir4","0"
"2473",2022-03-01,"Reservas","9.5167918447998989E-2"
"2474",2022-03-01,"Romana","7.8379996188803869E-2"
"2475",2022-03-01,"Siembra","7.9374752568673212E-2"
"2476",2022-04-01,"Atlántico","0.11182277534534023"
"2477",2022-04-01,"Camino1","0"
"2478",2022-04-01,"Caribalico2","0"
"2479",2022-04-01,"Crecer","0.1068836140849756"
"2480",2022-04-01,"JMMB-BDI","0.10188421435195473"
"2481",2022-04-01,"León3","0"
"2482",2022-04-01,"Popular","8.3846161595197768E-2"
"2483",2022-04-01,"Porvenir4","0"
"2484",2022-04-01,"Reservas","9.3455416416201378E-2"
"2485",2022-04-01,"Romana","7.7120404674677845E-2"
"2486",2022-04-01,"Siembra","7.869502386776861E-2"
"2487",2022-05-01,"Atlántico","0.10587525072791039"
"2488",2022-05-01,"Camino1","0"
"2489",2022-05-01,"Caribalico2","0"
"2490",2022-05-01,"Crecer","0.10183160535606772"
"2491",2022-05-01,"JMMB-BDI","9.7256047531790735E-2"
"2492",2022-05-01,"León3","0"
"2493",2022-05-01,"Popular","7.8020265226164121E-2"
"2494",2022-05-01,"Porvenir4","0"
"2495",2022-05-01,"Reservas","8.5692876133283344E-2"
"2496",2022-05-01,"Romana","7.0654083701583437E-2"
"2497",2022-05-01,"Siembra","7.2713163053901075E-2"
"2498",2022-06-01,"Atlántico","9.8008539883265092E-2"
"2499",2022-06-01,"Camino1","0"
"2500",2022-06-01,"Caribalico2","0"
"2501",2022-06-01,"Crecer","9.2261781800756074E-2"
"2502",2022-06-01,"JMMB-BDI","9.1238047994250948E-2"
"2503",2022-06-01,"León3","0"
"2504",2022-06-01,"Popular","6.8229429061780422E-2"
"2505",2022-06-01,"Porvenir4","0"
"2506",2022-06-01,"Reservas","7.9942296642503186E-2"
"2507",2022-06-01,"Romana","6.3148563026199866E-2"
"2508",2022-06-01,"Siembra","6.1124017214693627E-2"
"2509",2022-07-01,"Atlántico","8.8700628217042374E-2"
"2510",2022-07-01,"Camino1","0"
"2511",2022-07-01,"Caribalico2","0"
"2512",2022-07-01,"Crecer","8.4744086983125091E-2"
"2513",2022-07-01,"JMMB-BDI","8.3953443528721472E-2"
"2514",2022-07-01,"León3","0"
"2515",2022-07-01,"Popular","6.4040633323804386E-2"
"2516",2022-07-01,"Porvenir4","0"
"2517",2022-07-01,"Reservas","7.3952778447284651E-2"
"2518",2022-07-01,"Romana","6.0422254968580669E-2"
"2519",2022-07-01,"Siembra","5.6104230916522502E-2"
"2520",2022-08-01,"Atlántico","6.8370536161678874E-2"
"2521",2022-08-01,"Camino1","0"
"2522",2022-08-01,"Caribalico2","0"
"2523",2022-08-01,"Crecer","6.2958490928391342E-2"
"2524",2022-08-01,"JMMB-BDI","7.4450707643326508E-2"
"2525",2022-08-01,"León3","0"
"2526",2022-08-01,"Popular","4.8043519398639711E-2"
"2527",2022-08-01,"Porvenir4","0"
"2528",2022-08-01,"Reservas","6.1740296505523373E-2"
"2529",2022-08-01,"Romana","4.8697953538965999E-2"
"2530",2022-08-01,"Siembra","4.3540561609250572E-2"
"2531",2022-09-01,"Atlántico","6.4474225611225178E-2"
"2532",2022-09-01,"Camino1","0"
"2533",2022-09-01,"Caribalico2","0"
"2534",2022-09-01,"Crecer","5.9021275177932431E-2"
"2535",2022-09-01,"JMMB-BDI","7.0877791003089108E-2"
"2536",2022-09-01,"León3","0"
"2537",2022-09-01,"Popular","4.8592064665547552E-2"
"2538",2022-09-01,"Porvenir4","0"
"2539",2022-09-01,"Reservas","5.6343199347748785E-2"
"2540",2022-09-01,"Romana","5.2855776688865763E-2"
"2541",2022-09-01,"Siembra","4.5983901300559848E-2"
"2542",2022-10-01,"Atlántico","5.5577990376155073E-2"
"2543",2022-10-01,"Camino1","0"
"2544",2022-10-01,"Caribalico2","0"
"2545",2022-10-01,"Crecer","4.6497318426018897E-2"
"2546",2022-10-01,"JMMB-BDI","7.3131716836325467E-2"
"2547",2022-10-01,"León3","0"
"2548",2022-10-01,"Popular","4.5643097388447851E-2"
"2549",2022-10-01,"Porvenir4","0"
"2550",2022-10-01,"Reservas","5.3646484224963764E-2"
"2551",2022-10-01,"Romana","5.5931626264394296E-2"
"2552",2022-10-01,"Siembra","4.5165859167436428E-2"
"2553",2022-11-01,"Atlántico","6.5100000000000005E-2"
"2554",2022-11-01,"Camino1","0"
"2555",2022-11-01,"Caribalico2","0"
"2556",2022-11-01,"Crecer","5.04E-2"
"2557",2022-11-01,"JMMB-BDI","7.2499999999999995E-2"
"2558",2022-11-01,"León3","0"
"2559",2022-11-01,"Popular","4.7699999999999999E-2"
"2560",2022-11-01,"Porvenir4","0"
"2561",2022-11-01,"Reservas","5.4800000000000001E-2"
"2562",2022-11-01,"Romana","5.5E-2"
"2563",2022-11-01,"Siembra","4.7899999999999998E-2"
"2564",2022-12-01,"Atlántico","6.9800000000000001E-2"
"2565",2022-12-01,"Camino1","0"
"2566",2022-12-01,"Caribalico2","0"
"2567",2022-12-01,"Crecer","5.6399999999999999E-2"
"2568",2022-12-01,"JMMB-BDI","7.3400000000000007E-2"
"2569",2022-12-01,"León3","0"
"2570",2022-12-01,"Popular","5.1999999999999998E-2"
"2571",2022-12-01,"Porvenir4","0"
"2572",2022-12-01,"Reservas","6.0600000000000001E-2"
"2573",2022-12-01,"Romana","5.7099999999999998E-2"
"2574",2022-12-01,"Siembra","5.3100000000000001E-2"
"2575",2023-01-01,"Atlántico","6.9873534242844926E-2"
"2576",2023-01-01,"Camino1","0"
"2577",2023-01-01,"Caribalico2","0"
"2578",2023-01-01,"Crecer","5.807701771616447E-2"
"2579",2023-01-01,"JMMB-BDI","7.2985750405644589E-2"
"2580",2023-01-01,"León3","0"
"2581",2023-01-01,"Popular","5.3009019056234896E-2"
"2582",2023-01-01,"Porvenir4","0"
"2583",2023-01-01,"Reservas","6.000731760710809E-2"
"2584",2023-01-01,"Romana","6.217108701005758E-2"
"2585",2023-01-01,"Siembra","5.6942892614301632E-2"
"2586",2023-02-01,"Atlántico","7.5240997992058745E-2"
"2587",2023-02-01,"Camino1","0"
"2588",2023-02-01,"Caribalico2","0"
"2589",2023-02-01,"Crecer","6.9357681184161635E-2"
"2590",2023-02-01,"JMMB-BDI","8.717175091754692E-2"
"2591",2023-02-01,"León3","0"
"2592",2023-02-01,"Popular","6.7373323583467926E-2"
"2593",2023-02-01,"Porvenir4","0"
"2594",2023-02-01,"Reservas","7.5778725258275115E-2"
"2595",2023-02-01,"Romana","6.2359567978681252E-2"
"2596",2023-02-01,"Siembra","7.4542003837501758E-2"
"2597",2023-03-01,"Atlántico","6.9800000000000001E-2"
"2598",2023-03-01,"Camino1","0"
"2599",2023-03-01,"Caribalico2","0"
"2600",2023-03-01,"Crecer","6.5100000000000005E-2"
"2601",2023-03-01,"JMMB-BDI","8.6099999999999996E-2"
"2602",2023-03-01,"León3","0"
"2603",2023-03-01,"Popular","6.2799999999999995E-2"
"2604",2023-03-01,"Porvenir4","0"
"2605",2023-03-01,"Reservas","7.2400000000000006E-2"
"2606",2023-03-01,"Romana","6.3899999999999998E-2"
"2607",2023-03-01,"Siembra","7.0300000000000001E-2"
"2608",2023-04-01,"Atlántico","6.9599999999999995E-2"
"2609",2023-04-01,"Camino1","0"
"2610",2023-04-01,"Caribalico2","0"
"2611",2023-04-01,"Crecer","6.3600000000000004E-2"
"2612",2023-04-01,"JMMB-BDI","8.6499999999999994E-2"
"2613",2023-04-01,"León3","0"
"2614",2023-04-01,"Popular","6.08E-2"
"2615",2023-04-01,"Porvenir4","0"
"2616",2023-04-01,"Reservas","7.0699999999999999E-2"
"2617",2023-04-01,"Romana","6.5199999999999994E-2"
"2618",2023-04-01,"Siembra","6.8500000000000005E-2"
"2619",2023-05-01,"Atlántico","6.8199999999999997E-2"
"2620",2023-05-01,"Camino1","0"
"2621",2023-05-01,"Caribalico2","0"
"2622",2023-05-01,"Crecer","6.3500000000000001E-2"
"2623",2023-05-01,"JMMB-BDI","8.8499999999999995E-2"
"2624",2023-05-01,"León3","0"
"2625",2023-05-01,"Popular","0.06"
"2626",2023-05-01,"Porvenir4","0"
"2627",2023-05-01,"Reservas","7.17E-2"
"2628",2023-05-01,"Romana","6.7199999999999996E-2"
"2629",2023-05-01,"Siembra","6.8000000000000005E-2"
"2630",2023-06-01,"Atlántico","6.93E-2"
"2631",2023-06-01,"Camino1","0"
"2632",2023-06-01,"Caribalico2","0"
"2633",2023-06-01,"Crecer","6.5799999999999997E-2"
"2634",2023-06-01,"JMMB-BDI","9.1600000000000001E-2"
"2635",2023-06-01,"León3","0"
"2636",2023-06-01,"Popular","6.4799999999999996E-2"
"2637",2023-06-01,"Porvenir4","0"
"2638",2023-06-01,"Reservas","7.5499999999999998E-2"
"2639",2023-06-01,"Romana","7.0099999999999996E-2"
"2640",2023-06-01,"Siembra","7.1499999999999994E-2"
"2641",2023-07-01,"Atlántico","7.2999999999999995E-2"
"2642",2023-07-01,"Camino1","0"
"2643",2023-07-01,"Caribalico2","0"
"2644",2023-07-01,"Crecer","7.2599999999999998E-2"
"2645",2023-07-01,"JMMB-BDI","9.4200000000000006E-2"
"2646",2023-07-01,"León3","0"
"2647",2023-07-01,"Popular","7.51E-2"
"2648",2023-07-01,"Porvenir4","0"
"2649",2023-07-01,"Reservas","8.1600000000000006E-2"
"2650",2023-07-01,"Romana","7.1599999999999997E-2"
"2651",2023-07-01,"Siembra","8.0299999999999996E-2"
"2652",2023-08-01,"Atlántico","7.8617664597696993E-2"
"2653",2023-08-01,"Camino1","0"
"2654",2023-08-01,"Caribalico2","0"
"2655",2023-08-01,"Crecer","8.3946760235894494E-2"
"2656",2023-08-01,"JMMB-BDI","0.10071429166598156"
"2657",2023-08-01,"León3","0"
"2658",2023-08-01,"Popular","8.5148240389293375E-2"
"2659",2023-08-01,"Porvenir4","0"
"2660",2023-08-01,"Reservas","9.0556643128345549E-2"
"2661",2023-08-01,"Romana","7.2011379171560419E-2"
"2662",2023-08-01,"Siembra","8.9820278101889736E-2"
"2663",2023-09-01,"Atlántico","8.0913689020889912E-2"
"2664",2023-09-01,"Camino1","0"
"2665",2023-09-01,"Caribalico2","0"
"2666",2023-09-01,"Crecer","8.6444526037547487E-2"
"2667",2023-09-01,"JMMB-BDI","0.10351086061019131"
"2668",2023-09-01,"León3","0"
"2669",2023-09-01,"Popular","9.1082237172202429E-2"
"2670",2023-09-01,"Porvenir4","0"
"2671",2023-09-01,"Reservas","9.6187177722101502E-2"
"2672",2023-09-01,"Romana","7.2369727259071759E-2"
"2673",2023-09-01,"Siembra","9.3608486605246011E-2"
"2674",2023-10-01,"Atlántico","7.9967238980699351E-2"
"2675",2023-10-01,"Camino1","0"
"2676",2023-10-01,"Caribalico2","0"
"2677",2023-10-01,"Crecer","8.7653801780455107E-2"
"2678",2023-10-01,"JMMB-BDI","9.9391665425527354E-2"
"2679",2023-10-01,"León3","0"
"2680",2023-10-01,"Popular","9.2936389311319978E-2"
"2681",2023-10-01,"Porvenir4","0"
"2682",2023-10-01,"Reservas","9.5757368782191113E-2"
"2683",2023-10-01,"Romana","7.3086514846146367E-2"
"2684",2023-10-01,"Siembra","9.341369177848069E-2"
"2685",2023-11-01,"Atlántico","7.7669732726891372E-2"
"2686",2023-11-01,"Camino1","0"
"2687",2023-11-01,"Caribalico2","0"
"2688",2023-11-01,"Crecer","8.338232013728053E-2"
"2689",2023-11-01,"JMMB-BDI","9.8944657560461766E-2"
"2690",2023-11-01,"León3","0"
"2691",2023-11-01,"Popular","9.1190778701916178E-2"
"2692",2023-11-01,"Porvenir4","0"
"2693",2023-11-01,"Reservas","9.0454888383380005E-2"
"2694",2023-11-01,"Romana","7.3546902001276226E-2"
"2695",2023-11-01,"Siembra","8.9544673143662212E-2"
"2696",2023-12-01,"Atlántico","7.7204221947354323E-2"
"2697",2023-12-01,"Camino1","0"
"2698",2023-12-01,"Caribalico2","0"
"2699",2023-12-01,"Crecer","7.8138908190303891E-2"
"2700",2023-12-01,"JMMB-BDI","9.9414732681418094E-2"
"2701",2023-12-01,"León3","0"
"2702",2023-12-01,"Popular","9.5768498580890871E-2"
"2703",2023-12-01,"Porvenir4","0"
"2704",2023-12-01,"Reservas","8.9409724817357095E-2"
"2705",2023-12-01,"Romana","7.3086497397832684E-2"
"2706",2023-12-01,"Siembra","8.3203926334589173E-2"
"2707",2024-01-01,"Atlántico","7.7517025387872751E-2"
"2708",2024-01-01,"Camino1","0"
"2709",2024-01-01,"Caribalico2","0"
"2710",2024-01-01,"Crecer","7.9845142801871383E-2"
"2711",2024-01-01,"JMMB-BDI","0.10230824858174901"
"2712",2024-01-01,"León3","0"
"2713",2024-01-01,"Popular","0.10181157046230549"
"2714",2024-01-01,"Porvenir4","0"
"2715",2024-01-01,"Reservas","9.1647066422474222E-2"
"2716",2024-01-01,"Romana","7.3991770789214373E-2"
"2717",2024-01-01,"Siembra","8.5336978874501104E-2"
"2718",2024-02-01,"Atlántico","8.0602316398818305E-2"
"2719",2024-02-01,"Camino1","0"
"2720",2024-02-01,"Caribalico2","0"
"2721",2024-02-01,"Crecer","8.5124517999562332E-2"
"2722",2024-02-01,"JMMB-BDI","9.9323523736239316E-2"
"2723",2024-02-01,"León3","0"
"2724",2024-02-01,"Popular","0.10589068582821938"
"2725",2024-02-01,"Porvenir4","0"
"2726",2024-02-01,"Reservas","9.4851032021699311E-2"
"2727",2024-02-01,"Romana","7.4847481010937411E-2"
"2728",2024-02-01,"Siembra","9.0038489489733475E-2"
"2729",2024-03-01,"Atlántico","8.456367797415254E-2"
"2730",2024-03-01,"Camino1","0"
"2731",2024-03-01,"Caribalico2","0"
"2732",2024-03-01,"Crecer","8.9184401376023903E-2"
"2733",2024-03-01,"JMMB-BDI","0.10276906376798746"
"2734",2024-03-01,"León3","0"
"2735",2024-03-01,"Popular","0.1101519015447856"
"2736",2024-03-01,"Porvenir4","0"
"2737",2024-03-01,"Reservas","0.10049033018174347"
"2738",2024-03-01,"Romana","7.4767313122525048E-2"
"2739",2024-03-01,"Siembra","9.3838048257417483E-2"
"2740",2024-04-01,"Atlántico","8.6504929857061055E-2"
"2741",2024-04-01,"Camino1","0"
"2742",2024-04-01,"Caribalico2","0"
"2743",2024-04-01,"Crecer","9.2419568080799083E-2"
"2744",2024-04-01,"JMMB-BDI","0.1063601240138372"
"2745",2024-04-01,"León3","0"
"2746",2024-04-01,"Popular","0.11411981693937868"
"2747",2024-04-01,"Porvenir4","0"
"2748",2024-04-01,"Reservas","0.1059351109405271"
"2749",2024-04-01,"Romana","7.9203298653718113E-2"
"2750",2024-04-01,"Siembra","9.8824655379199586E-2"
"2751",2024-05-01,"Atlántico","8.8135057714059162E-2"
"2752",2024-05-01,"Camino1","0"
"2753",2024-05-01,"Caribalico2","0"
"2754",2024-05-01,"Crecer","9.4824826102477111E-2"
"2755",2024-05-01,"JMMB-BDI","0.10870075828032766"
"2756",2024-05-01,"León3","0"
"2757",2024-05-01,"Popular","0.11582565705731085"
"2758",2024-05-01,"Porvenir4","0"
"2759",2024-05-01,"Reservas","0.10782296078659993"
"2760",2024-05-01,"Romana","8.1584007385760562E-2"
"2761",2024-05-01,"Siembra","0.10092968780304791"
"2762",2024-06-01,"Atlántico","8.8477739878786613E-2"
"2763",2024-06-01,"Camino1","0"
"2764",2024-06-01,"Caribalico2","0"
"2765",2024-06-01,"Crecer","9.4619905594262477E-2"
"2766",2024-06-01,"JMMB-BDI","0.10735466463492438"
"2767",2024-06-01,"León3","0"
"2768",2024-06-01,"Popular","0.11386243253183181"
"2769",2024-06-01,"Porvenir4","0"
"2770",2024-06-01,"Reservas","0.10845614977122577"
"2771",2024-06-01,"Romana","8.3490386623730858E-2"
"2772",2024-06-01,"Siembra","0.10334934866167256"
"2773",2024-07-01,"Atlántico","8.6937232881217685E-2"
"2774",2024-07-01,"Camino1","0"
"2775",2024-07-01,"Caribalico2","0"
"2776",2024-07-01,"Crecer","9.0715491908253329E-2"
"2777",2024-07-01,"JMMB-BDI","0.10922334581447535"
"2778",2024-07-01,"León3","0"
"2779",2024-07-01,"Popular","0.10824688082200584"
"2780",2024-07-01,"Porvenir4","0"
"2781",2024-07-01,"Reservas","0.10560928509696144"
"2782",2024-07-01,"Romana","8.4546824875289861E-2"
"2783",2024-07-01,"Siembra","9.8847111358872475E-2"
"2784",2024-08-01,"Atlántico","8.5858425087561377E-2"
"2785",2024-08-01,"Camino1","0"
"2786",2024-08-01,"Caribalico2","0"
"2787",2024-08-01,"Crecer","8.3818299502684823E-2"
"2788",2024-08-01,"JMMB-BDI","0.10569659692707865"
"2789",2024-08-01,"León3","0"
"2790",2024-08-01,"Popular","0.10460519331012064"
"2791",2024-08-01,"Porvenir4","0"
"2792",2024-08-01,"Reservas","0.10355562369377914"
"2793",2024-08-01,"Romana","8.7699280883400732E-2"
"2794",2024-08-01,"Siembra","9.6592616748998564E-2"
"2795",2024-09-01,"Atlántico","8.5300000000000001E-2"
"2796",2024-09-01,"Camino1","0"
"2797",2024-09-01,"Caribalico2","0"
"2798",2024-09-01,"Crecer","8.3900000000000002E-2"
"2799",2024-09-01,"JMMB-BDI","0.1052"
"2800",2024-09-01,"León3","0"
"2801",2024-09-01,"Popular","0.1004"
"2802",2024-09-01,"Porvenir4","0"
"2803",2024-09-01,"Reservas","9.9699999999999997E-2"
"2804",2024-09-01,"Romana","8.9700000000000002E-2"
"2805",2024-09-01,"Siembra","9.7299999999999998E-2"
"2806",2024-10-01,"Atlántico","8.55813921934927E-2"
"2807",2024-10-01,"Camino1","0"
"2808",2024-10-01,"Caribalico2","0"
"2809",2024-10-01,"Crecer","8.3905418624783401E-2"
"2810",2024-10-01,"JMMB-BDI","0.10935673687788426"
"2811",2024-10-01,"León3","0"
"2812",2024-10-01,"Popular","0.10051687445778711"
"2813",2024-10-01,"Porvenir4","0"
"2814",2024-10-01,"Reservas","0.10227794722940796"
"2815",2024-10-01,"Romana","9.0479772613949225E-2"
"2816",2024-10-01,"Siembra","9.7675845665219155E-2"
"2817",2024-11-01,"Atlántico","8.495942402616663E-2"
"2818",2024-11-01,"Camino1","0"
"2819",2024-11-01,"Caribalico2","0"
"2820",2024-11-01,"Crecer","8.533593356431958E-2"
"2821",2024-11-01,"JMMB-BDI","0.11421996508848631"
"2822",2024-11-01,"León3","0"
"2823",2024-11-01,"Popular","0.10136603809079393"
"2824",2024-11-01,"Porvenir4","0"
"2825",2024-11-01,"Reservas","0.10553648075204602"
"2826",2024-11-01,"Romana","9.1168790128163479E-2"
"2827",2024-11-01,"Siembra","0.10275606707288887"
"2828",2024-12-01,"Atlántico","8.149307391145498E-2"
"2829",2024-12-01,"Camino1","0"
"2830",2024-12-01,"Caribalico2","0"
"2831",2024-12-01,"Crecer","8.9784927552194027E-2"
"2832",2024-12-01,"JMMB-BDI","0.11165974148885137"
"2833",2024-12-01,"León3","0"
"2834",2024-12-01,"Popular","9.9190425706926919E-2"
"2835",2024-12-01,"Porvenir4","0"
"2836",2024-12-01,"Reservas","0.11034550165634549"
"2837",2024-12-01,"Romana","9.2821105336019727E-2"
"2838",2024-12-01,"Siembra","0.10472656299808492"
"2839",2025-01-01,"Atlántico","8.1234293571038632E-2"
"2840",2025-01-01,"Camino1","0"
"2841",2025-01-01,"Caribalico2","0"
"2842",2025-01-01,"Crecer","8.8660578909705468E-2"
"2843",2025-01-01,"JMMB-BDI","0.11136231303157128"
"2844",2025-01-01,"León3","0"
"2845",2025-01-01,"Popular","9.6338151023807259E-2"
"2846",2025-01-01,"Porvenir4","0"
"2847",2025-01-01,"Reservas","0.1101444556340818"
"2848",2025-01-01,"Romana","0.10160726847994273"
"2849",2025-01-01,"Siembra","0.10215052932097723"
"2850",2025-02-01,"Atlántico","8.1213279059682453E-2"
"2851",2025-02-01,"Camino1","0"
"2852",2025-02-01,"Caribalico2","0"
"2853",2025-02-01,"Crecer","8.7227610403737041E-2"
"2854",2025-02-01,"JMMB-BDI","0.10944716649848241"
"2855",2025-02-01,"León3","0"
"2856",2025-02-01,"Popular","9.5939315535378919E-2"
"2857",2025-02-01,"Porvenir4","0"
"2858",2025-02-01,"Reservas","0.10966136608659148"
"2859",2025-02-01,"Romana","0.1018846607602697"
"2860",2025-02-01,"Siembra","0.10273157156611878"
"2861",2025-03-01,"Atlántico","8.2802620658461765E-2"
"2862",2025-03-01,"Camino1","0"
"2863",2025-03-01,"Caribalico2","0"
"2864",2025-03-01,"Crecer","8.9065154747561368E-2"
"2865",2025-03-01,"JMMB-BDI","0.1103475525749069"
"2866",2025-03-01,"León3","0"
"2867",2025-03-01,"Popular","9.5949707887682548E-2"
"2868",2025-03-01,"Porvenir4","0"
"2869",2025-03-01,"Reservas","0.1085205001833609"
"2870",2025-03-01,"Romana","0.10312402302949053"
"2871",2025-03-01,"Siembra","0.10235883705684866"
"2872",2025-04-01,"Atlántico","8.0355461890359248E-2"
"2873",2025-04-01,"Camino1","0"
"2874",2025-04-01,"Caribalico2","0"
"2875",2025-04-01,"Crecer","8.59346690572005E-2"
"2876",2025-04-01,"JMMB-BDI","0.11029446679269972"
"2877",2025-04-01,"León3","0"
"2878",2025-04-01,"Popular","9.1549957598062046E-2"
"2879",2025-04-01,"Porvenir4","0"
"2880",2025-04-01,"Reservas","0.10293134111287185"
"2881",2025-04-01,"Romana","0.11214089387073865"
"2882",2025-04-01,"Siembra","9.8816997215118274E-2"
"2883",2025-05-01,"Atlántico","7.7957494549591097E-2"
"2884",2025-05-01,"Camino1","0"
"2885",2025-05-01,"Caribalico2","0"
"2886",2025-05-01,"Crecer","8.2993705392592904E-2"
"2887",2025-05-01,"JMMB-BDI","0.106012445293435"
"2888",2025-05-01,"León3","0"
"2889",2025-05-01,"Popular","8.7824927164467798E-2"
"2890",2025-05-01,"Porvenir4","0"
"2891",2025-05-01,"Reservas","9.8084550455205893E-2"
"2892",2025-05-01,"Romana","0.109746694385442"
"2893",2025-05-01,"Siembra","9.7322603199555102E-2"
"2894",2025-06-01,"Atlántico","7.5097847719329591E-2"
"2895",2025-06-01,"Camino1","0"
"2896",2025-06-01,"Caribalico2","0"
"2897",2025-06-01,"Crecer","8.2679765426635576E-2"
"2898",2025-06-01,"JMMB-BDI","0.10537746460746898"
"2899",2025-06-01,"León3","0"
"2900",2025-06-01,"Popular","8.7413940723592307E-2"
"2901",2025-06-01,"Porvenir4","0"
"2902",2025-06-01,"Reservas","9.3451840300568842E-2"
"2903",2025-06-01,"Romana","0.10854879900135117"
"2904",2025-06-01,"Siembra","9.3204261446536485E-2"
"2905",2025-07-01,"Atlántico","7.1171152414646777E-2"
"2906",2025-07-01,"Camino1","0"
"2907",2025-07-01,"Caribalico2","0"
"2908",2025-07-01,"Crecer","7.9279696132496413E-2"
"2909",2025-07-01,"JMMB-BDI","0.10259228542861454"
"2910",2025-07-01,"León3","0"
"2911",2025-07-01,"Popular","8.146831554199041E-2"
"2912",2025-07-01,"Porvenir4","0"
"2913",2025-07-01,"Reservas","8.8517818350355201E-2"
"2914",2025-07-01,"Romana","0.10732273402376503"
"2915",2025-07-01,"Siembra","8.80570221748702E-2"
"2916",2025-08-01,"Atlántico","7.2151787565308795E-2"
"2917",2025-08-01,"Camino1","0"
"2918",2025-08-01,"Caribalico2","0"
"2919",2025-08-01,"Crecer","8.4403263287229593E-2"
"2920",2025-08-01,"JMMB-BDI","0.10615461059020299"
"2921",2025-08-01,"León3","0"
"2922",2025-08-01,"Popular","9.0092970832470295E-2"
"2923",2025-08-01,"Porvenir4","0"
"2924",2025-08-01,"Reservas","9.0383456313998203E-2"
"2925",2025-08-01,"Romana","0.103365887833232"
"2926",2025-08-01,"Siembra","9.9302688539800496E-2"
"2927",2025-09-01,"Atlántico","7.6295811793554602E-2"
"2928",2025-09-01,"Camino1","0"
"2929",2025-09-01,"Caribalico2","0"
"2930",2025-09-01,"Crecer","8.8801537522928103E-2"
"2931",2025-09-01,"JMMB-BDI","0.107994100737466"
"2932",2025-09-01,"León3","0"
"2933",2025-09-01,"Popular","9.3993193101071598E-2"
"2934",2025-09-01,"Porvenir4","0"
"2935",2025-09-01,"Reservas","9.49218977089967E-2"
"2936",2025-09-01,"Romana","0.10392093002472801"
"2937",2025-09-01,"Siembra","0.10103639841253401"
"2938",2025-10-01,"Atlántico","7.9804409863712705E-2"
"2939",2025-10-01,"Camino1","0"
"2940",2025-10-01,"Caribalico2","0"
"2941",2025-10-01,"Crecer","9.4245032072707999E-2"
"2942",2025-10-01,"JMMB-BDI","0.10362372158406701"
"2943",2025-10-01,"León3","0"
"2944",2025-10-01,"Popular","9.9127545902973901E-2"
"2945",2025-10-01,"Porvenir4","0"
"2946",2025-10-01,"Reservas","9.4888125062102799E-2"
"2947",2025-10-01,"Romana","0.10435622807231899"
"2948",2025-10-01,"Siembra","0.103430942651484"
"2949",2025-11-01,"Atlántico","8.0985696899324305E-2"
"2950",2025-11-01,"Camino1","0"
"2951",2025-11-01,"Caribalico2","0"
"2952",2025-11-01,"Crecer","9.3889700879353097E-2"
"2953",2025-11-01,"JMMB-BDI","9.9293899386969905E-2"
"2954",2025-11-01,"León3","0"
"2955",2025-11-01,"Popular","9.8914415074282697E-2"
"2956",2025-11-01,"Porvenir4","0"
"2957",2025-11-01,"Reservas","9.35595619597136E-2"
"2958",2025-11-01,"Romana","0.10636802126383001"
"2959",2025-11-01,"Siembra","9.9106625020488406E-2"
"2960",2025-12-01,"Atlántico","8.1263207570645202E-2"
"2961",2025-12-01,"Camino1","0"
"2962",2025-12-01,"Caribalico2","0"
"2963",2025-12-01,"Crecer","9.7166577632961798E-2"
"2964",2025-12-01,"JMMB-BDI","0.101980335457713"
"2965",2025-12-01,"León3","0"
"2966",2025-12-01,"Popular","0.10175094795884899"
"2967",2025-12-01,"Porvenir4","0"
"2968",2025-12-01,"Reservas","9.5473670317559198E-2"
"2969",2025-12-01,"Romana","0.109410409535286"
"2970",2025-12-01,"Siembra","0.100528136656398"
"2971",2026-01-01,"Atlántico","7.68356568727315E-2"
"2972",2026-01-01,"Camino1","0"
"2973",2026-01-01,"Caribalico2","0"
"2974",2026-01-01,"Crecer","9.2964008935269196E-2"
"2975",2026-01-01,"JMMB-BDI","9.7003582865161406E-2"
"2976",2026-01-01,"León3","0"
"2977",2026-01-01,"Popular","9.2569871409894394E-2"
"2978",2026-01-01,"Porvenir4","0"
"2979",2026-01-01,"Reservas","8.9395388730890493E-2"
"2980",2026-01-01,"Romana","0.101529837414298"
"2981",2026-01-01,"Siembra","9.6796451776457001E-2"
"2982",2026-02-01,"Atlántico","7.1050530145004398E-2"
"2983",2026-02-01,"Camino1","0"
"2984",2026-02-01,"Caribalico2","0"
"2985",2026-02-01,"Crecer","8.5133175322653201E-2"
"2986",2026-02-01,"JMMB-BDI","9.4456545790896795E-2"
"2987",2026-02-01,"León3","0"
"2988",2026-02-01,"Popular","8.5838341740396701E-2"
"2989",2026-02-01,"Porvenir4","0"
"2990",2026-02-01,"Reservas","8.3837075709543504E-2"
"2991",2026-02-01,"Romana","0.102424407122402"
"2992",2026-02-01,"Siembra","9.0348793573460595E-2"
"2993",2026-03-01,"Atlántico","6.3386299079948305E-2"
"2994",2026-03-01,"Camino1","0"
"2995",2026-03-01,"Caribalico2","0"
"2996",2026-03-01,"Crecer","7.7364011887411002E-2"
"2997",2026-03-01,"JMMB-BDI","8.5509749219936801E-2"
"2998",2026-03-01,"León3","0"
"2999",2026-03-01,"Popular","7.9018057057153701E-2"
"3000",2026-03-01,"Porvenir4","0"
"3001",2026-03-01,"Reservas","7.6369718763778405E-2"
"3002",2026-03-01,"Romana","0.101812521896836"
"3003",2026-03-01,"Siembra","8.3689927654224699E-2"
